id,root_name,asset_type,confidence,tex_top,tex_side,tex_bottom,tex_front,tex_all,model_file,fuzzy_2,fuzzy_3,status,final_top,final_side,final_bottom,final_front,final_all,final_model
1,Unloaded,texture,exact,,,,,unloaded,,,,resolved,unloaded,unloaded,unloaded,,unloaded,
2,Dirt,texture,exact,,,,,dirt,,,,resolved,dirt,dirt,dirt,,dirt,
3,Messy Dirt,texture,low,,,,,,,dirt,coarse_dirt,resolved,,,,,coarse_dirt,
4,Grass Block,texture,multi_face,,grass_block_side,,,,,,,resolved,grass_top,grass_block_side,dirt,,,
5,Sand,texture,exact,,,,,sand,,,,resolved,sand,sand,sand,,sand,
6,Clay,texture,exact,,,,,clay,,,,resolved,clay,clay,clay,,clay,
7,Gravel,texture,exact,,,,,gravel,,,,resolved,gravel,gravel,gravel,,gravel,
8,Snow,texture,exact,,,,,snow,,,,resolved,snow,snow,snow,,snow,
9,Maple Log,texture,exact,,,,,log_maple,,,,resolved,log_maple,log_maple,log_maple,,log_maple,
10,Pine Log,texture,exact,,,,,log_pine,,,,resolved,log_pine,log_pine,log_pine,,log_pine,
11,Plum Log,texture,exact,,,,,log_plum,,,,resolved,log_plum,log_plum,log_plum,,log_plum,
12,Cedar Log,texture,exact,,,,,log_cedar,,,,resolved,log_cedar,log_cedar,log_cedar,,log_cedar,
13,Aspen Log,texture,exact,,,,,log_aspen,,,,resolved,log_aspen,log_aspen,log_aspen,,log_aspen,
14,Jungle Log,texture,exact,,,,,log_jungle,,,,resolved,log_jungle,log_jungle,log_jungle,,log_jungle,
15,Maple Wood Planks,texture,low,,,,,,,planks_maple,black_planks,resolved,,,,,planks_maple,
16,Aspen Wood Planks,texture,low,,,,,,,planks_aspen,aspen_door,resolved,,,,,planks_aspen,
17,Plum Wood Planks,texture,low,,,,,,,planks_plum,plum,resolved,,,,,planks_plum,
18,Jungle Wood Planks,texture,low,,,,,,,planks_jungle,black_planks,resolved,,,,,planks_jungle,
19,Pine Wood Planks,texture,low,,,,,,,planks_pine,black_planks,resolved,,,,,planks_pine,
20,Cedar Wood Planks,texture,low,,,,,,,planks_cedar,black_planks,resolved,,,,,planks_cedar,
21,Barkless Maple Log,texture,low,,,,,,,log_maple,stripped_maple_log,resolved,,,,,stripped_maple_log,
22,Barkless Aspen Log,texture,low,,,,,,,log_aspen,stripped_aspen_log,resolved,,,,,stripped_aspen_log,
23,Barkless Plum Log,texture,low,,,,,,,log_plum,stripped_plum_log,resolved,,,,,stripped_plum_log,
24,Barkless Jungle Log,texture,low,,,,,,,log_jungle,stripped_jungle_log,resolved,,,,,stripped_jungle_log,
25,Barkless Pine Log,texture,low,,,,,,,log_pine,stripped_pine_log,resolved,,,,,stripped_pine_log,
26,Barkless Cedar Log,texture,low,,,,,,,log_cedar,stripped_cedar_log,resolved,,,,,stripped_cedar_log,
27,free_placeholder2,texture,no_match,,,,,,,,,pending,,,,,,
28,Stone,texture,exact,,,,,stone,,,,resolved,stone,stone,stone,,stone,
29,Messy Stone,texture,exact,,,,,messy_stone,,,,resolved,messy_stone,messy_stone,messy_stone,,messy_stone,
30,free_placeholder,texture,low,,,,,,,placeholder,,resolved,,,,,messy_stone,
31,Smooth Stone,texture,exact,,,,,smooth_stone,,,,resolved,smooth_stone,smooth_stone,smooth_stone,,smooth_stone,
32,Diorite,texture,low,,,,,,,diorite_brick,engraved_diorite,resolved,,,,,stone_diorite,
33,Smooth Diorite,texture,low,,,,,,,stone_diorite_smooth,slab_stone_diorite_smooth_side,resolved,,,,,stone_diorite_smooth,
34,Andesite,texture,low,,,,,,,andesite_brick,engraved_andesite,resolved,,,,,stone_andesite,
35,Smooth Andesite,texture,low,,,,,,,stone_andesite_smooth,slab_stone_andesite_smooth_side,resolved,,,,,stone_andesite_smooth,
36,Granite,texture,low,,,,,,,engraved_granite,granite_brick,resolved,,,,,stone_granite,
37,Smooth Granite,texture,low,,,,,,,stone_granite_smooth,slab_stone_granite_smooth_side,resolved,,,,,stone_granite_smooth,
38,Sandstone,texture,multi_face,sandstone_top,sandstone_normal,,,,,,,resolved,sandstone_top,sandstone_normal,,,sandstone_normal,
39,Yellowstone,texture,no_match,,,,,,,,,pending,,,,,,
40,Coal Ore,texture,exact,,,,,coal_ore,,,,resolved,coal_ore,coal_ore,coal_ore,,coal_ore,
41,Iron Ore,texture,exact,,,,,iron_ore,,,,resolved,iron_ore,iron_ore,iron_ore,,iron_ore,
42,Gold Ore,texture,exact,,,,,gold_ore,,,,resolved,gold_ore,gold_ore,gold_ore,,gold_ore,
43,Lapis Lazuli Ore,texture,low,,,,,,,lapis_ore,coal_ore,resolved,,,,,,
44,Emerald Ore,texture,exact,,,,,emerald_ore,,,,resolved,emerald_ore,emerald_ore,emerald_ore,,emerald_ore,
45,Diamond Ore,texture,exact,,,,,diamond_ore,,,,resolved,diamond_ore,diamond_ore,diamond_ore,,diamond_ore,
46,Block of Coal,texture,exact,,,,,coal_block,,,,resolved,coal_block,coal_block,coal_block,,coal_block,
47,Block of Iron,texture,exact,,,,,iron_block,,,,resolved,iron_block,iron_block,iron_block,,iron_block,
48,Block of Gold,texture,exact,,,,,gold_block,,,,resolved,gold_block,gold_block,gold_block,,gold_block,
49,Block of Lapis Lazuli,texture,low,,,,,,,lapis_block,Block-19,resolved,,,,,lapis_block,
50,Block of Emerald,texture,exact,,,,,emerald_block,,,,resolved,emerald_block,emerald_block,emerald_block,,emerald_block,
51,White Wool,texture,low,,,,,,,wool_colored_white,banner_white,resolved,,,,,wool_colored_white,
52,Orange Wool,texture,low,,,,,,,wool_colored_orange,banner_orange,resolved,,,,,wool_colored_orange,
53,Magenta Wool,texture,low,,,,,,,wool_colored_magenta,banner_magenta,resolved,,,,,wool_colored_magenta,
54,Light Blue Wool,texture,low,,,,,,,wool_colored_light_blue,banner_light_blue,resolved,,,,,wool_colored_light_blue,
55,Yellow Wool,texture,low,,,,,,,wool_colored_yellow,banner_yellow,resolved,,,,,wool_colored_yellow,
56,Lime Wool,texture,low,,,,,,,wool_colored_lime,banner_lime,resolved,,,,,wool_colored_lime,
57,Pink Wool,texture,low,,,,,,,wool_colored_pink,banner_pink,resolved,,,,,wool_colored_pink,
58,Gray Wool,texture,low,,,,,,,wool_colored_gray,banner_gray,resolved,,,,,wool_colored_gray,
59,Light Gray Wool,texture,low,,,,,,,banner_light_gray,chalk_light_gray,resolved,,,,,wool_colored_light_grey,
60,Cyan Wool,texture,low,,,,,,,wool_colored_cyan,banner_cyan,resolved,,,,,wool_colored_cyan,
61,Purple Wool,texture,low,,,,,,,wool_colored_purple,banner_purple,resolved,,,,,wool_colored_purple,
62,Blue Wool,texture,low,,,,,,,wool_colored_blue,wool_colored_light_blue,resolved,,,,,wool_colored_blue,
63,Brown Wool,texture,low,,,,,,,wool_colored_brown,banner_brown,resolved,,,,,wool_colored_brown,
64,Green Wool,texture,low,,,,,,,wool_colored_green,banner_green,resolved,,,,,wool_colored_green,
65,Red Wool,texture,low,,,,,,,wool_colored_red,banner_red,resolved,,,,,wool_colored_red,
66,Black Wool,texture,low,,,,,,,wool_colored_black,banner_black,resolved,,,,,wool_colored_black,
67,Baked Clay,texture,low,,,,,,,clay,baked_potato,resolved,,,,,hardened_clay,
68,White Baked Clay,texture,low,,,,,,,hardened_clay_stained_white,clay,resolved,,,,,hardened_clay_stained_white,
69,Orange Baked Clay,texture,low,,,,,,,hardened_clay_stained_orange,clay,resolved,,,,,hardened_clay_stained_orange,
70,Magenta Baked Clay,texture,low,,,,,,,hardened_clay_stained_magenta,clay,resolved,,,,,hardened_clay_stained_magenta,
71,Light Blue Baked Clay,texture,low,,,,,,,hardened_clay_stained_light_blue,banner_light_blue,resolved,,,,,hardened_clay_stained_light_blue,
72,Yellow Baked Clay,texture,low,,,,,,,hardened_clay_stained_yellow,clay,resolved,,,,,hardened_clay_stained_yellow,
73,Lime Baked Clay,texture,low,,,,,,,hardened_clay_stained_lime,clay,resolved,,,,,hardened_clay_stained_lime,
74,Pink Baked Clay,texture,low,,,,,,,hardened_clay_stained_pink,clay,resolved,,,,,hardened_clay_stained_pink,
75,Gray Baked Clay,texture,low,,,,,,,hardened_clay_stained_gray,clay,resolved,,,,,hardened_clay_stained_gray,
76,Light Gray Baked Clay,texture,low,,,,,,,banner_light_gray,chalk_light_gray,resolved,,,,,chalk_light_gray,
77,Cyan Baked Clay,texture,low,,,,,,,hardened_clay_stained_cyan,clay,resolved,,,,,hardened_clay_stained_cyan,
78,Purple Baked Clay,texture,low,,,,,,,hardened_clay_stained_purple,clay,resolved,,,,,hardened_clay_stained_purple,
79,Blue Baked Clay,texture,low,,,,,,,hardened_clay_stained_blue,hardened_clay_stained_light_blue,resolved,,,,,hardened_clay_stained_light_blue,
80,Brown Baked Clay,texture,low,,,,,,,hardened_clay_stained_brown,clay,resolved,,,,,hardened_clay_stained_brown,
81,Green Baked Clay,texture,low,,,,,,,hardened_clay_stained_green,clay,resolved,,,,,hardened_clay_stained_green,
82,Red Baked Clay,texture,low,,,,,,,hardened_clay_stained_red,clay,resolved,,,,,hardened_clay_stained_red,
83,Black Baked Clay,texture,low,,,,,,,hardened_clay_stained_black,clay,resolved,,,,,hardened_clay_stained_black,
84,Gray Concrete,texture,exact,,,,,gray_concrete,,,,resolved,gray_concrete,gray_concrete,gray_concrete,,gray_concrete,
85,Light Gray Concrete,texture,exact,,,,,light_gray_concrete,,,,resolved,light_gray_concrete,light_gray_concrete,light_gray_concrete,,light_gray_concrete,
86,Black Concrete,texture,exact,,,,,black_concrete,,,,resolved,black_concrete,black_concrete,black_concrete,,black_concrete,
87,Blue Concrete,texture,exact,,,,,blue_concrete,,,,resolved,blue_concrete,blue_concrete,blue_concrete,,blue_concrete,
88,Brown Concrete,texture,exact,,,,,brown_concrete,,,,resolved,brown_concrete,brown_concrete,brown_concrete,,brown_concrete,
89,Cyan Concrete,texture,exact,,,,,cyan_concrete,,,,resolved,cyan_concrete,cyan_concrete,cyan_concrete,,cyan_concrete,
90,Light Blue Concrete,texture,exact,,,,,light_blue_concrete,,,,resolved,light_blue_concrete,light_blue_concrete,light_blue_concrete,,light_blue_concrete,
91,Lime Concrete,texture,exact,,,,,lime_concrete,,,,resolved,lime_concrete,lime_concrete,lime_concrete,,lime_concrete,
92,Magenta Concrete,texture,exact,,,,,magenta_concrete,,,,resolved,magenta_concrete,magenta_concrete,magenta_concrete,,magenta_concrete,
93,Orange Concrete,texture,exact,,,,,orange_concrete,,,,resolved,orange_concrete,orange_concrete,orange_concrete,,orange_concrete,
94,Pink Concrete,texture,exact,,,,,pink_concrete,,,,resolved,pink_concrete,pink_concrete,pink_concrete,,pink_concrete,
95,Purple Concrete,texture,exact,,,,,purple_concrete,,,,resolved,purple_concrete,purple_concrete,purple_concrete,,purple_concrete,
96,Red Concrete,texture,exact,,,,,red_concrete,,,,resolved,red_concrete,red_concrete,red_concrete,,red_concrete,
97,White Concrete,texture,exact,,,,,white_concrete,,,,resolved,white_concrete,white_concrete,white_concrete,,white_concrete,
98,Green Concrete,texture,exact,,,,,green_concrete,,,,resolved,green_concrete,green_concrete,green_concrete,,green_concrete,
99,Yellow Concrete,texture,exact,,,,,yellow_concrete,,,,resolved,yellow_concrete,yellow_concrete,yellow_concrete,,yellow_concrete,
100,Pine Leaves,texture,exact,,,,,leaves_pine,,,,resolved,leaves_pine,leaves_pine,leaves_pine,,leaves_pine,
101,Aspen Leaves,texture,exact,,,,,leaves_aspen,,,,resolved,leaves_aspen,leaves_aspen,leaves_aspen,,leaves_aspen,
102,Maple Leaves,texture,exact,,,,,leaves_maple,,,,resolved,leaves_maple,leaves_maple,leaves_maple,,leaves_maple,
103,Jungle Leaves,texture,exact,,,,,leaves_jungle,,,,resolved,leaves_jungle,leaves_jungle,leaves_jungle,,leaves_jungle,
104,Pumpkin_placeholder,texture,low,,,,,,,placeholder,carved_pumpkin,resolved,,,,,pumpkin_face_on,
105,Watermelon,texture,multi_face,watermelon_top,watermelon_side,,,,,,,resolved,watermelon_top,watermelon_side,watermelon_side,,,
106,Glass,texture,exact,,,,,glass,,,,resolved,glass,glass,glass,,glass,
107,Black Glass,texture,exact,,,,,glass_black,,,,resolved,glass_black,glass_black,glass_black,,glass_black,
108,Blue Glass,texture,exact,,,,,glass_blue,,,,resolved,glass_blue,glass_blue,glass_blue,,glass_blue,
109,Brown Glass,texture,exact,,,,,glass_brown,,,,resolved,glass_brown,glass_brown,glass_brown,,glass_brown,
110,Cyan Glass,texture,exact,,,,,glass_cyan,,,,resolved,glass_cyan,glass_cyan,glass_cyan,,glass_cyan,
111,Gray Glass,texture,exact,,,,,glass_gray,,,,resolved,glass_gray,glass_gray,glass_gray,,glass_gray,
112,Light Gray Glass,texture,exact,,,,,glass_light_gray,,,,resolved,glass_light_gray,glass_light_gray,glass_light_gray,,glass_light_gray,
113,Green Glass,texture,exact,,,,,glass_green,,,,resolved,glass_green,glass_green,glass_green,,glass_green,
114,Light Blue Glass,texture,exact,,,,,glass_light_blue,,,,resolved,glass_light_blue,glass_light_blue,glass_light_blue,,glass_light_blue,
115,Lime Glass,texture,exact,,,,,glass_lime,,,,resolved,glass_lime,glass_lime,glass_lime,,glass_lime,
116,Magenta Glass,texture,exact,,,,,glass_magenta,,,,resolved,glass_magenta,glass_magenta,glass_magenta,,glass_magenta,
117,Orange Glass,texture,exact,,,,,glass_orange,,,,resolved,glass_orange,glass_orange,glass_orange,,glass_orange,
118,Pink Glass,texture,exact,,,,,glass_pink,,,,resolved,glass_pink,glass_pink,glass_pink,,glass_pink,
119,Purple Glass,texture,exact,,,,,glass_purple,,,,resolved,glass_purple,glass_purple,glass_purple,,glass_purple,
120,Red Glass,texture,exact,,,,,glass_red,,,,resolved,glass_red,glass_red,glass_red,,glass_red,
121,White Glass,texture,exact,,,,,glass_white,,,,resolved,glass_white,glass_white,glass_white,,glass_white,
122,Yellow Glass,texture,exact,,,,,glass_yellow,,,,resolved,glass_yellow,glass_yellow,glass_yellow,,glass_yellow,
123,UNUSED BLOCK TYPE,texture,low,,,,,,,Block-19,checkpoint_block,resolved,,,Block-19,,glass_silver,
124,Dim Lamp On,texture,low,,,,,,,redstone_lamp_on,pumpkin_face_on,resolved,,,,,redstone_lamp_on,
125,Dim Lamp Off,texture,low,,,,,,,redstone_lamp_off,redstone_lamp_on,resolved,,,,,redstone_lamp_off,
126,Water,texture,exact,,,,,water,,,,resolved,water,water,water,,water,
127,Invisible Solid,texture,exact,,,,,invisible_solid,,,,resolved,invisible_solid,invisible_solid,invisible_solid,,invisible_solid,
128,Bricks,texture,low,,,,,,,green_bricks,chalk_bricks_black,resolved,,,,,brick,
129,Stone Bricks,texture,low,,,,,,,stone,end_stone,resolved,,,,,stonebrick,
130,Dark Red Brick,texture,low,,,,,,,red_sandstone_brick,slab_red_sandstone_brick_side,resolved,,,,,nether_brick,
131,Dark Red Stone,texture,low,,,,,,,stone,banner_red,resolved,,,,,netherrack,
132,Block of Quartz,texture,multi_face,,quartz_block_side,,,,,,,resolved,,quartz_block_side,,,quartz_block_side,
133,Chiseled Block of Quartz,texture,low,,,,,,,quartz_block_chiseled,quartz_block_side,resolved,,,,,quartz_block_chiseled,
134,Engraved Stone,texture,low,,,,,,,stone,end_stone,resolved,,,,,stonebrick_carved,
135,Mossy Stone Bricks,texture,low,,,,,,,stone,cobblestone_mossy,resolved,,,,,stonebrick_mossy,
136,Cracked Stone Bricks,texture,low,,,,,,,stone,cracked_coconut,resolved,,,,,stonebrick_cracked,
137,Smooth Sandstone,texture,low,,,,,,,chiseled_sandstone,cut_sandstone,resolved,,,,,sandstone_top,
138,Engraved Sandstone,texture,low,,,,,,,chiseled_sandstone,cut_sandstone,resolved,,,,,chiseled_sandstone,
139,Ice,texture,exact,,,,,ice,,,,resolved,ice,ice,ice,,ice,
140,Obsidian,texture,exact,,,,,obsidian,,,,resolved,obsidian,obsidian,obsidian,,obsidian,
141,Hay Bale,texture,low,,,,,,,hay_block_side,hay_block_top,resolved,,,,,hay_block_side,
142,Sponge,texture,exact,,,,,sponge,,,,resolved,sponge,sponge,sponge,,sponge,
143,Beacon,texture,exact,,,,,beacon,,,,resolved,beacon,beacon,beacon,,beacon,
144,temp,texture,no_match,,,,,,,,,pending,,,,,,
145,Golden Decoration,texture,low,,,,,,,golden_axe,golden_boots,resolved,,,,,glowstone,
146,Moonstone Explosive,texture,multi_face,moonstone_explosive_top,moonstone_explosive_side,,,,,,,resolved,moonstone_explosive_top,moonstone_explosive_side,moonstone_explosive_top,,,
147,Bedrock,texture,exact,,,,,bedrock,,,,resolved,bedrock,bedrock,bedrock,,bedrock,
148,Smooth Double Stone Slab,texture,low,,,,,,,slab_smooth_stone_side,slab_stone_andesite_smooth_side,resolved,smooth_stone,,,,smooth_stone,
149,Cactus,3d_model,high (exact),,,,,,Cactus,,,resolved,,,,,,Cactus
150,Grass,3d_model,high (exact),,,,,,Grass,,,resolved,,,,,,Grass
151,Dandelion,3d_model,high (exact),,,,,,Dandelion,,,resolved,,,,,,Dandelion
152,Poppy,3d_model,high (exact),,,,,,Poppy,,,resolved,,,,,,Poppy
153,Red Tulip,3d_model,high (exact),,,,,,Red Tulip,,,resolved,,,,,,Red Tulip
154,Pink Tulip,3d_model,high (exact),,,,,,Pink Tulip,,,resolved,,,,,,Pink Tulip
155,White Tulip,3d_model,high (exact),,,,,,White Tulip,,,resolved,,,,,,White Tulip
156,Orange Tulip,3d_model,high (exact),,,,,,Orange Tulip,,,resolved,,,,,,Orange Tulip
157,Daisy,3d_model,high (exact),,,,,,Daisy,,,resolved,,,,,,Daisy
158,Bluebell,3d_model,high (exact),,,,,,Bluebell,,,resolved,,,,,,Bluebell
159,Forget-me-not,3d_model,high (exact),,,,,,Forget-me-not,,,resolved,,,,,,Forget-me-not
160,Allium,3d_model,high (exact),,,,,,Allium,,,resolved,,,,,,Allium
161,Azure Bluet,3d_model,high (exact),,,,,,Azure Bluet,,,resolved,,,,,,Azure Bluet
162,Lily of the Valley,3d_model,high (exact),,,,,,Lily of the Valley,,,resolved,,,,,,Lily of the Valley
163,Shadow Rose,3d_model,high (exact),,,,,,Shadow Rose,,,resolved,,,,,,Shadow Rose
164,Furnace,texture,multi_face,furnace_top,furnace_side,,furnace_front,,,,,resolved,furnace_top,furnace_side,furnace_top,furnace_front,,
168,Workbench,texture,no_match,,,,,,,,,pending,,,,,,
172,Block of Diamond,texture,exact,,,,,diamond_block,,,,resolved,diamond_block,diamond_block,diamond_block,,diamond_block,
173,Maple Door,3d_model,high (exact),,,,,,Maple Door,,,special,,,,,,
181,_Maple Door Top,3d_model,high (exact),,,,,,_Maple Door Top,,,special,,,,,,
189,Maple Trapdoor,3d_model,high (exact),,,,,,Maple Trapdoor,,,resolved,,,,,,Maple Trapdoor
197,Aspen Sapling,3d_model,high (exact),,,,,,Aspen Sapling,,,resolved,,,,,,Aspen Sapling
198,Maple Sapling,3d_model,high (exact),,,,,,Maple Sapling,,,resolved,,,,,,Maple Sapling
199,Jungle Sapling,3d_model,high (exact),,,,,,Jungle Sapling,,,resolved,,,,,,Jungle Sapling
200,Plum Sapling,3d_model,high (exact),,,,,,Plum Sapling,,,resolved,,,,,,Plum Sapling
201,Pine Sapling,3d_model,high (exact),,,,,,Pine Sapling,,,resolved,,,,,,Pine Sapling
202,Cedar Sapling,3d_model,high (exact),,,,,,Cedar Sapling,,,resolved,,,,,,Cedar Sapling
204,Chest,texture,multi_face,chest_top,chest_side,,chest_front,,,,,resolved,chest_top_2,chest_side,chest_top_1,chest_front,,
212,Protector,texture,exact,,,,,protector,,,,resolved,protector,protector,protector,,protector,
213,Fat Cactus,texture,low,,,,,,,cactus_dry,cactus_side,resolved,cactus_top,cactus_side,cactus_top,cactus_side,,
214,Dry Fat Cactus,texture,low,,,,,,,cactus_dry,cactus_side,resolved,,,cactus_dry,,cactus_dry,
215,Maple Ladder,3d_model,high (exact),,,,,,Maple Ladder,,,resolved,,,,,,Maple Ladder
219,Vines,3d_model,high (exact),,,,,,Vines,,,resolved,,,,,,Vines
224,Iron Ladder,3d_model,high (exact),,,,,,Iron Ladder,,,resolved,,,,,,Iron Ladder
228,White Planks,texture,exact,,,,,white_planks,,,,resolved,white_planks,white_planks,white_planks,,white_planks,
229,Orange Planks,texture,exact,,,,,orange_planks,,,,resolved,orange_planks,orange_planks,orange_planks,,orange_planks,
230,Magenta Planks,texture,exact,,,,,magenta_planks,,,,resolved,magenta_planks,magenta_planks,magenta_planks,,magenta_planks,
231,Light Blue Planks,texture,exact,,,,,light_blue_planks,,,,resolved,light_blue_planks,light_blue_planks,light_blue_planks,,light_blue_planks,
232,Yellow Planks,texture,exact,,,,,yellow_planks,,,,resolved,yellow_planks,yellow_planks,yellow_planks,,yellow_planks,
233,Lime Planks,texture,exact,,,,,lime_planks,,,,resolved,lime_planks,lime_planks,lime_planks,,lime_planks,
234,Pink Planks,texture,exact,,,,,pink_planks,,,,resolved,pink_planks,pink_planks,pink_planks,,pink_planks,
235,Gray Planks,texture,exact,,,,,gray_planks,,,,resolved,gray_planks,gray_planks,gray_planks,,gray_planks,
236,Light Gray Planks,texture,exact,,,,,light_gray_planks,,,,resolved,light_gray_planks,light_gray_planks,light_gray_planks,,light_gray_planks,
237,Cyan Planks,texture,exact,,,,,cyan_planks,,,,resolved,cyan_planks,cyan_planks,cyan_planks,,cyan_planks,
238,Purple Planks,texture,exact,,,,,purple_planks,,,,resolved,purple_planks,purple_planks,purple_planks,,purple_planks,
239,Blue Planks,texture,exact,,,,,blue_planks,,,,resolved,blue_planks,blue_planks,blue_planks,,blue_planks,
240,Brown Planks,texture,exact,,,,,brown_planks,,,,resolved,brown_planks,brown_planks,brown_planks,,brown_planks,
241,Green Planks,texture,exact,,,,,green_planks,,,,resolved,green_planks,green_planks,green_planks,,green_planks,
242,Red Planks,texture,exact,,,,,red_planks,,,,resolved,red_planks,red_planks,red_planks,,red_planks,
243,Black Planks,texture,exact,,,,,black_planks,,,,resolved,black_planks,black_planks,black_planks,,black_planks,
244,Artisan Bench,texture,low,,,,,,,artisan_axe,artisan_shears,resolved,artisan_table_top,artisan_table_side,artisan_table_top,,,
245,White Ceramic,texture,low,,,,,,,banner_white,chalk_white,resolved,,,white_glazed_terracotta,,white_glazed_terracotta,
249,Orange Ceramic,texture,low,,,,,,,banner_orange,chalk_orange,resolved,,,,,orange_glazed_terracotta,
253,Magenta Ceramic,texture,low,,,,,,,banner_magenta,chalk_magenta,resolved,,,,,magenta_glazed_terracotta,
257,Light Blue Ceramic,texture,low,,,,,,,banner_light_blue,chalk_light_blue,resolved,,,,,light_blue_glazed_terracotta,
261,Yellow Ceramic,texture,low,,,,,,,banner_yellow,chalk_yellow,resolved,,,,,yellow_glazed_terracotta,
265,Lime Ceramic,texture,low,,,,,,,banner_lime,chalk_lime,resolved,,,,,lime_glazed_terracotta,
269,Pink Ceramic,texture,low,,,,,,,banner_pink,chalk_pink,resolved,,,,,pink_glazed_terracotta,
273,Gray Ceramic,texture,low,,,,,,,banner_gray,chalk_gray,resolved,,,,,gray_glazed_terracotta,
277,Light Gray Ceramic,texture,low,,,,,,,banner_light_gray,chalk_light_gray,resolved,,,,,light_gray_glazed_terracotta,
281,Cyan Ceramic,texture,low,,,,,,,banner_cyan,chalk_cyan,resolved,,,,,cyan_glazed_terracotta,
285,Purple Ceramic,texture,low,,,,,,,banner_purple,chalk_purple,resolved,,,,,purple_glazed_terracotta,
289,Blue Ceramic,texture,low,,,,,,,banner_blue,blue_balloon,resolved,,,,,light_blue_glazed_terracotta,
293,Brown Ceramic,texture,low,,,,,,,banner_brown,brown_balloon,resolved,,,,,brown_glazed_terracotta,
297,Green Ceramic,texture,low,,,,,,,banner_green,chalk_green,resolved,,,,,green_glazed_terracotta,
301,Red Ceramic,texture,low,,,,,,,banner_red,chalk_red,resolved,,,,,red_glazed_terracotta,
305,Black Ceramic,texture,low,,,,,,,banner_black,black_balloon,resolved,,,,,black_glazed_terracotta,
309,Wheat Seeds,3d_model,high (exact),,,,,,Wheat Seeds,,,resolved,,,,,,Wheat Seeds
310,Wheat_stage1,texture,exact,,,,,wheat_stage1,,,,resolved,invisible_solid,wheat_stage1,invisible_solid,,,
311,Wheat_stage2,texture,exact,,,,,wheat_stage2,,,,resolved,wheat_stage2,wheat_stage2,wheat_stage2,,wheat_stage2,
312,Wheat_stage3,texture,exact,,,,,wheat_stage3,,,,resolved,invisible_solid,wheat_stage3,invisible_solid,,,
313,Wheat_stage4,texture,exact,,,,,wheat_stage4,,,,resolved,invisible_solid,wheat_stage4,invisible_solid,,,
314,Wheat_stage5,texture,exact,,,,,wheat_stage5,,,,resolved,invisible_solid,wheat_stage5,invisible_solid,,,
315,Wheat,3d_model,high (exact),,,,,,Wheat,,,resolved,,,,,,Wheat
317,Tilled Soil,texture,low,,,,,,,fertilised_soil,,resolved,farmland,,,,farmland,
318,Bread Block,texture,multi_face,bread_block_top,bread_block_side,,bread_block_front,,,,,resolved,bread_block_top,bread_block_side,bread_block_side,bread_block_back,,
319,ReservedBread BlockRotation1,texture,no_match,,,,,,,,,pending,,,,,,
320,ReservedBread BlockRotation2,texture,no_match,,,,,,,,,pending,,,,,,
321,ReservedBread BlockRotation3,texture,no_match,,,,,,,,,pending,,,,,,
322,Mossy Messy Stone,texture,low,,,,,,,messy_stone,carved_messy_stone,resolved,,,,cobblestone_mossy,cobblestone_mossy,
336,White Bed,3d_model,high (exact),,,,,,White Bed,,,special,,,,,,
340,_White Bed Head,3d_model,high (exact),,,,,,_White Bed Head,,,special,,,,,,
344,Orange Bed,3d_model,high (exact),,,,,,Orange Bed,,,resolved,,,,,,Orange Bed
348,_Orange Bed Head,3d_model,high (exact),,,,,,_Orange Bed Head,,,resolved,,,,,,_Orange Bed Head
352,Magenta Bed,3d_model,high (exact),,,,,,Magenta Bed,,,resolved,,,,,,Magenta Bed
356,_Magenta Bed Head,3d_model,high (exact),,,,,,_Magenta Bed Head,,,resolved,,,,,,_Magenta Bed Head
360,Light Blue Bed,3d_model,high (exact),,,,,,Light Blue Bed,,,resolved,,,,,,Light Blue Bed
364,_Light Blue Bed Head,3d_model,high (exact),,,,,,_Light Blue Bed Head,,,resolved,,,,,,_Light Blue Bed Head
368,Yellow Bed,3d_model,high (exact),,,,,,Yellow Bed,,,resolved,,,,,,Yellow Bed
372,_Yellow Bed Head,3d_model,high (exact),,,,,,_Yellow Bed Head,,,resolved,,,,,,_Yellow Bed Head
376,Lime Bed,3d_model,high (exact),,,,,,Lime Bed,,,resolved,,,,,,Lime Bed
380,_Lime Bed Head,3d_model,high (exact),,,,,,_Lime Bed Head,,,resolved,,,,,,_Lime Bed Head
384,Pink Bed,3d_model,high (exact),,,,,,Pink Bed,,,resolved,,,,,,Pink Bed
388,_Pink Bed Head,3d_model,high (exact),,,,,,_Pink Bed Head,,,resolved,,,,,,_Pink Bed Head
392,Gray Bed,3d_model,high (exact),,,,,,Gray Bed,,,resolved,,,,,,Gray Bed
396,_Gray Bed Head,3d_model,high (exact),,,,,,_Gray Bed Head,,,resolved,,,,,,_Gray Bed Head
400,Light Gray Bed,3d_model,high (exact),,,,,,Light Gray Bed,,,resolved,,,,,,Light Gray Bed
404,_Light Gray Bed Head,3d_model,high (exact),,,,,,_Light Gray Bed Head,,,resolved,,,,,,_Light Gray Bed Head
408,Cyan Bed,3d_model,high (exact),,,,,,Cyan Bed,,,resolved,,,,,,Cyan Bed
412,_Cyan Bed Head,3d_model,high (exact),,,,,,_Cyan Bed Head,,,resolved,,,,,,_Cyan Bed Head
416,Purple Bed,3d_model,high (exact),,,,,,Purple Bed,,,resolved,,,,,,Purple Bed
420,_Purple Bed Head,3d_model,high (exact),,,,,,_Purple Bed Head,,,resolved,,,,,,_Purple Bed Head
424,Blue Bed,3d_model,high (exact),,,,,,Blue Bed,,,resolved,,,,,,Blue Bed
428,_Blue Bed Head,3d_model,high (exact),,,,,,_Blue Bed Head,,,resolved,,,,,,_Blue Bed Head
432,Brown Bed,3d_model,high (exact),,,,,,Brown Bed,,,resolved,,,,,,Brown Bed
436,_Brown Bed Head,3d_model,high (exact),,,,,,_Brown Bed Head,,,resolved,,,,,,_Brown Bed Head
440,Green Bed,3d_model,high (exact),,,,,,Green Bed,,,resolved,,,,,,Green Bed
444,_Green Bed Head,3d_model,high (exact),,,,,,_Green Bed Head,,,resolved,,,,,,_Green Bed Head
448,Red Bed,3d_model,high (exact),,,,,,Red Bed,,,resolved,,,,,,Red Bed
452,_Red Bed Head,3d_model,high (exact),,,,,,_Red Bed Head,,,resolved,,,,,,_Red Bed Head
456,Black Bed,3d_model,high (exact),,,,,,Black Bed,,,resolved,,,,,,Black Bed
460,_Black Bed Head,3d_model,high (exact),,,,,,_Black Bed Head,,,resolved,,,,,,_Black Bed Head
464,Apple Block,texture,multi_face,apple_block_top,apple_block_side,apple_block_bottom,,,,,,resolved,apple_block_top,apple_block_side,apple_block_bottom,apple_block_side,,
465,Moonstone Ore,texture,exact,,,,,moonstone_ore,,,,resolved,moonstone_ore,moonstone_ore,moonstone_ore,,moonstone_ore,
466,Moonstone Chest,texture,multi_face,moonstone_chest_top,moonstone_chest_side,moonstone_chest_bottom,moonstone_chest_front,,,,,resolved,moonstone_chest_bottom,moonstone_chest_side,moonstone_chest_bottom,moonstone_chest_front,,
470,Block of Moonstone,texture,exact,,,,,moonstone_block,,,,resolved,moonstone_block,moonstone_block,moonstone_block,,moonstone_block,
471,Magma,texture,exact,,,,,magma,,,,resolved,magma,magma,magma,,magma,
472,Useless Soil,texture,low,,,,,,,fertilised_soil,,resolved,podzol_top,,,,podzol_top,
473,Marked Sandstone,texture,low,,,,,,,chiseled_sandstone,cut_sandstone,resolved,,,,,cut_sandstone,
474,Red Sandstone,texture,exact,,,,,red_sandstone,,,,resolved,red_sandstone,red_sandstone,red_sandstone,,red_sandstone,
475,Smooth Red Sandstone,texture,low,,,,,,,red_sandstone,chiseled_red_sandstone,resolved,,,,,red_sandstone_top,
476,Engraved Red Sandstone,texture,low,,,,,,,red_sandstone,chiseled_red_sandstone,resolved,,,,,chiseled_red_sandstone,
477,Marked Red Sandstone,texture,low,,,,,,,red_sandstone,chiseled_red_sandstone,resolved,,,,,cut_red_sandstone,
478,Green Stone,texture,exact,,,,,green_stone,,,,resolved,green_stone,green_stone,green_stone,,green_stone,
479,Green Bricks,texture,exact,,,,,green_bricks,,,,resolved,green_bricks,green_bricks,green_bricks,,green_bricks,
480,Dark Green Bricks,texture,exact,,,,,dark_green_bricks,,,,resolved,dark_green_bricks,dark_green_bricks,dark_green_bricks,,dark_green_bricks,
481,Sandstone Bricks,texture,low,,,,,,,chiseled_sandstone,cut_sandstone,resolved,,,,,sandstone_brick,
482,Engraved Diorite,texture,exact,,,,,engraved_diorite,,,,resolved,engraved_diorite,engraved_diorite,engraved_diorite,,engraved_diorite,
483,Diorite Bricks,texture,low,,,,,,,diorite_brick,engraved_diorite,resolved,,,,,diorite_brick,
484,Engraved Andesite,texture,exact,,,,,engraved_andesite,,,,resolved,engraved_andesite,engraved_andesite,engraved_andesite,,engraved_andesite,
485,Andesite Bricks,texture,low,,,,,,,andesite_brick,engraved_andesite,resolved,,,,,andesite_brick,
486,Engraved Granite,texture,exact,,,,,engraved_granite,,,,resolved,engraved_granite,engraved_granite,engraved_granite,,engraved_granite,
487,Granite Bricks,texture,low,,,,,,,engraved_granite,granite_brick,resolved,,,,,granite_brick,
488,Ice Bricks,texture,low,,,,,,,ice,green_bricks,resolved,,,,,ice_brick,
489,Placeholder Packed Ice,texture,low,,,,,,,ice,placeholder,resolved,,,,,ice_brick,
490,Placeholder Blue Ice,texture,low,,,,,,,ice,placeholder,resolved,,,,,ice_brick,
491,Plum Leaves,texture,exact,,,,,leaves_plum,,,,resolved,leaves_plum,leaves_plum,leaves_plum,,leaves_plum,
492,Cedar Leaves,texture,exact,,,,,leaves_cedar,,,,resolved,leaves_cedar,leaves_cedar,leaves_cedar,,leaves_cedar,
493,Palm Leaves,texture,exact,,,,,leaves_palm,,,,resolved,leaves_palm,leaves_palm,leaves_palm,,leaves_palm,
502,Palm Log,texture,exact,,,,,log_palm,,,,resolved,log_palm,log_palm,log_palm,,log_palm,
504,Palm Wood Planks,texture,low,,,,,,,planks_palm,black_planks,resolved,,,,,planks_palm,
505,Palm Sapling,3d_model,high (exact),,,,,,Palm Sapling,,,resolved,,,,,,Palm Sapling
506,Pine Door,3d_model,high (exact),,,,,,Pine Door,,,resolved,,,,,,Pine Door
514,_Pine Door Top,3d_model,high (exact),,,,,,_Pine Door Top,,,resolved,,,,,,_Pine Door Top
522,Plum Door,3d_model,high (exact),,,,,,Plum Door,,,resolved,,,,,,Plum Door
530,_Plum Door Top,3d_model,high (exact),,,,,,_Plum Door Top,,,resolved,,,,,,_Plum Door Top
538,Cedar Door,3d_model,high (exact),,,,,,Cedar Door,,,resolved,,,,,,Cedar Door
546,_Cedar Door Top,3d_model,high (exact),,,,,,_Cedar Door Top,,,resolved,,,,,,_Cedar Door Top
554,Aspen Door,3d_model,high (exact),,,,,,Aspen Door,,,resolved,,,,,,Aspen Door
562,_Aspen Door Top,3d_model,high (exact),,,,,,_Aspen Door Top,,,resolved,,,,,,_Aspen Door Top
570,Jungle Door,3d_model,high (exact),,,,,,Jungle Door,,,resolved,,,,,,Jungle Door
578,_Jungle Door Top,3d_model,high (exact),,,,,,_Jungle Door Top,,,resolved,,,,,,_Jungle Door Top
586,Palm Door,3d_model,high (exact),,,,,,Palm Door,,,resolved,,,,,,Palm Door
594,_Palm Door Top,3d_model,high (exact),,,,,,_Palm Door Top,,,resolved,,,,,,_Palm Door Top
602,Pine Trapdoor,3d_model,high (exact),,,,,,Pine Trapdoor,,,resolved,,,,,,Pine Trapdoor
610,Plum Trapdoor,3d_model,high (exact),,,,,,Plum Trapdoor,,,resolved,,,,,,Plum Trapdoor
618,Cedar Trapdoor,3d_model,high (exact),,,,,,Cedar Trapdoor,,,resolved,,,,,,Cedar Trapdoor
626,Aspen Trapdoor,3d_model,high (exact),,,,,,Aspen Trapdoor,,,resolved,,,,,,Aspen Trapdoor
634,Jungle Trapdoor,3d_model,high (exact),,,,,,Jungle Trapdoor,,,resolved,,,,,,Jungle Trapdoor
642,Palm Trapdoor,3d_model,high (exact),,,,,,Palm Trapdoor,,,resolved,,,,,,Palm Trapdoor
650,Red Sand,texture,exact,,,,,red_sand,,,,resolved,red_sand,red_sand,red_sand,,red_sand,
651,Red Sandstone Bricks,texture,low,,,,,,,red_sandstone,chalk_bricks_red,resolved,,,,,red_sandstone_brick,
652,Rocky Dirt,texture,exact,,,,,rocky_dirt,,,,resolved,rocky_dirt,rocky_dirt,rocky_dirt,,rocky_dirt,
653,Autumn Maple Leaves,texture,low,,,,,,,leaves_maple_autumn,leaves_maple,resolved,,,,,leaves_maple_autumn,
655,Fallen Maple Leaves,texture,multi_face,,fallen_maple_leaves_side,,,,,,,resolved,,fallen_maple_leaves_side,,,fallen_maple_leaves_side,
661,Maple Slab,texture,multi_face,,slab_maple_side,,,,,,,resolved,planks_maple,slab_maple_side,planks_maple,,,
667,Pine Slab,texture,multi_face,,slab_pine_side,,,,,,,resolved,planks_pine,slab_pine_side,planks_pine,,,
673,Plum Slab,texture,multi_face,,slab_plum_side,,,,,,,resolved,planks_plum,slab_plum_side,planks_plum,,,
679,Cedar Slab,texture,multi_face,,slab_cedar_side,,,,,,,resolved,planks_cedar,slab_cedar_side,planks_cedar,,,
685,Aspen Slab,texture,multi_face,,slab_aspen_side,,,,,,,resolved,planks_aspen,slab_aspen_side,planks_aspen,,,
691,Jungle Slab,texture,multi_face,,slab_jungle_side,,,,,,,resolved,planks_jungle,slab_jungle_side,planks_jungle,,,
697,Palm Slab,texture,multi_face,,slab_palm_side,,,,,,,resolved,planks_palm,slab_palm_side,planks_palm,,,
703,Dirt Slab,texture,multi_face,,slab_dirt_side,,,,,,,resolved,dirt,slab_dirt_side,dirt,,,
709,Grass Slab,texture,low,,,,,,,slab_grass_top_side,slab_jungle_grass_top_side,resolved,grass_top,slab_grass_top_side,grass_top,slab_grass_top_side,,
715,Messy Stone Slab,texture,low,,,,,,,messy_stone,carved_messy_stone,resolved,messy_stone,slab_cobblestone_side,messy_stone,,,
721,Stone Slab,texture,multi_face,,slab_stone_side,,,,,,,special,,,,,,
727,Smooth Stone Slab,texture,multi_face,,slab_smooth_stone_side,,,,,,,resolved,,slab_smooth_stone_side,smooth_stone,,smooth_stone,
733,Engraved Stone Slab,texture,low,,,,,,,slab_stone_side,slab_engraved_andesite_side,resolved,stonebrick_carved,slab_stonebrick_carved_side,stonebrick_carved,,,
739,Stone Bricks Slab,texture,low,,,,,,,slab_stone_side,slab_smooth_stone_side,resolved,stonebrick,slab_stonebrick_side,stonebrick,,,
745,Mossy Stone Slab,texture,low,,,,,,,slab_stone_side,slab_mossy_cobblestone_side,resolved,mossy_cobblestone,slab_mossy_cobblestone_side,cobblestone_mossy,,,
751,Mossy Stone Bricks Slab,texture,low,,,,,,,slab_stone_side,slab_mossy_cobblestone_side,resolved,stonebrick_mossy,slab_stonebrick_mossy_side,stonebrick_mossy,,,
757,Andesite Slab,texture,low,,,,,,,slab_andesite_brick_side,slab_engraved_andesite_side,resolved,stone_andesite,slab_stone_andesite_side,stone_andesite,,,
763,Smooth Andesite Slab,texture,low,,,,,,,slab_stone_andesite_smooth_side,stone_andesite_smooth,resolved,stone_andesite_smooth,slab_stone_andesite_smooth_side,stone_andesite_smooth,,,
769,Engraved Andesite Slab,texture,multi_face,,slab_engraved_andesite_side,,,,,,,resolved,engraved_andesite,slab_engraved_andesite_side,engraved_andesite,,,
775,Andesite Bricks Slab,texture,low,,,,,,,slab_andesite_brick_side,slab_engraved_andesite_side,resolved,andesite_brick,slab_andesite_brick_side,andesite_brick,,,
781,Diorite Slab,texture,low,,,,,,,slab_diorite_brick_side,slab_engraved_diorite_side,resolved,stone_diorite,slab_stone_diorite_side,stone_diorite,,,
787,Smooth Diorite Slab,texture,low,,,,,,,slab_stone_diorite_smooth_side,stone_diorite_smooth,resolved,stone_diorite_smooth,slab_stone_diorite_smooth_side,stone_diorite_smooth,,,
793,Engraved Diorite Slab,texture,multi_face,,slab_engraved_diorite_side,,,,,,,resolved,engraved_diorite,slab_engraved_diorite_side,engraved_diorite,,,
799,Diorite Bricks Slab,texture,low,,,,,,,slab_diorite_brick_side,slab_engraved_diorite_side,resolved,diorite_brick,slab_diorite_brick_side,diorite_brick,,,
805,Granite Slab,texture,low,,,,,,,slab_engraved_granite_side,slab_granite_brick_side,resolved,stone_granite,slab_stone_granite_side,stone_granite,,,
811,Smooth Granite Slab,texture,low,,,,,,,slab_stone_granite_smooth_side,stone_granite_smooth,resolved,stone_granite_smooth,slab_stone_granite_smooth_side,stone_granite_smooth,,,
817,Engraved Granite Slab,texture,multi_face,,slab_engraved_granite_side,,,,,,,resolved,engraved_granite,slab_engraved_granite_side,engraved_granite,,,
823,Granite Bricks Slab,texture,low,,,,,,,slab_engraved_granite_side,slab_granite_brick_side,resolved,granite_brick,slab_granite_brick_side,granite_brick,,,
829,Sandstone Slab,texture,low,,,,,,,slab_chiseled_sandstone_side,slab_cut_sandstone_side,resolved,sandstone_normal,slab_sandstone_normal_side,sandstone_normal,,,
835,Smooth Sandstone Slab,texture,low,,,,,,,slab_chiseled_sandstone_side,slab_cut_sandstone_side,resolved,,,,,sandstone_top,
841,Engraved Sandstone Slab,texture,low,,,,,,,slab_chiseled_sandstone_side,slab_cut_sandstone_side,resolved,chiseled_sandstone,slab_chiseled_sandstone_side,chiseled_sandstone,slab_chiseled_sandstone_side,,
847,Marked Sandstone Slab,texture,low,,,,,,,slab_chiseled_sandstone_side,slab_cut_sandstone_side,resolved,cut_sandstone,slab_cut_sandstone_side,cut_sandstone,,,
853,Sandstone Bricks Slab,texture,low,,,,,,,slab_chiseled_sandstone_side,slab_cut_sandstone_side,resolved,sandstone_brick,slab_sandstone_brick_side,sandstone_brick,,,
859,Red Sandstone Slab,texture,multi_face,,slab_red_sandstone_side,,,,,,,resolved,red_sandstone,slab_red_sandstone_side,red_sandstone,,,
865,Smooth Red Sandstone Slab,texture,low,,,,,,,slab_red_sandstone_side,slab_chiseled_red_sandstone_side,resolved,,,,,red_sandstone_top,
871,Engraved Red Sandstone Slab,texture,low,,,,,,,slab_red_sandstone_side,slab_chiseled_red_sandstone_side,resolved,chiseled_red_sandstone,slab_chiseled_red_sandstone_side,chiseled_red_sandstone,,,
877,Marked Red Sandstone Slab,texture,low,,,,,,,slab_red_sandstone_side,slab_chiseled_red_sandstone_side,resolved,cut_red_sandstone,slab_cut_red_sandstone_side,cut_red_sandstone,slab_cut_red_sandstone_side,,
883,Red Sandstone Bricks Slab,texture,low,,,,,,,slab_red_sandstone_side,chalk_bricks_slab_side_red,resolved,red_sandstone_brick,slab_red_sandstone_brick_side,red_sandstone_brick,,,
889,Bricks Slab,texture,low,,,,,,,chalk_bricks_slab_side_black,chalk_bricks_slab_side_blue,resolved,brick,slab_brick_side,brick,,,
895,Ice Bricks Slab,texture,low,,,,,,,slab_ice_brick_side,chalk_bricks_slab_side_black,resolved,ice_brick,slab_ice_brick_side,ice_brick,,,
907,Plum Block,texture,multi_face,plum_block_top,plum_block_side,plum_block_bottom,,,,,,resolved,plum_block_top,plum_block_side,plum_block_bottom,,,
908,Coconut Block,texture,multi_face,coconut_block_top,coconut_block_side,coconut_block_bottom,,,,,,resolved,coconut_block_top,coconut_block_side,coconut_block_bottom,,,
909,Pear Log,texture,exact,,,,,log_pear,,,,resolved,log_pear,log_pear,log_pear,,log_pear,
910,Pear Wood Planks,texture,low,,,,,,,planks_pear,pear,resolved,planks_pear,,,,planks_pear,
911,Pear Leaves,texture,exact,,,,,leaves_pear,,,,resolved,leaves_pear,leaves_pear,leaves_pear,,leaves_pear,
912,Pear Door,3d_model,high (exact),,,,,,Pear Door,,,resolved,,,,,,Pear Door
920,_Pear Door Top,3d_model,high (exact),,,,,,_Pear Door Top,,,resolved,,,,,,_Pear Door Top
928,Pear Trapdoor,3d_model,high (exact),,,,,,Pear Trapdoor,,,resolved,,,,,,Pear Trapdoor
936,Pear Sapling,3d_model,high (exact),,,,,,Pear Sapling,,,resolved,,,,,,Pear Sapling
939,Pear Slab,texture,multi_face,,slab_pear_side,,,,,,,resolved,planks_pear,slab_pear_side,planks_pear,,,
945,Pear Block,texture,multi_face,pear_block_top,pear_block_side,pear_block_bottom,,,,,,resolved,pear_block_top,pear_block_side,pear_block_bottom,,,
946,Compressed Messy Stone,texture,exact,,,,,compressed_messy_stone,,,,resolved,compressed_messy_stone,compressed_messy_stone,compressed_messy_stone,,compressed_messy_stone,
947,Extra Compressed Messy Stone,texture,exact,,,,,extra_compressed_messy_stone,,,,resolved,extra_compressed_messy_stone,extra_compressed_messy_stone,extra_compressed_messy_stone,,extra_compressed_messy_stone,
948,Super Compressed Messy Stone,texture,exact,,,,,super_compressed_messy_stone,,,,resolved,super_compressed_messy_stone,super_compressed_messy_stone,super_compressed_messy_stone,,super_compressed_messy_stone,
949,Hyper Compressed Messy Stone,texture,exact,,,,,hyper_compressed_messy_stone,,,,resolved,hyper_compressed_messy_stone,hyper_compressed_messy_stone,hyper_compressed_messy_stone,,hyper_compressed_messy_stone,
950,Ultra Compressed Messy Stone,texture,exact,,,,,ultra_compressed_messy_stone,,,,resolved,ultra_compressed_messy_stone,ultra_compressed_messy_stone,ultra_compressed_messy_stone,,ultra_compressed_messy_stone,
951,Mega Compressed Messy Stone,texture,exact,,,,,mega_compressed_messy_stone,,,,resolved,mega_compressed_messy_stone,mega_compressed_messy_stone,mega_compressed_messy_stone,,mega_compressed_messy_stone,
952,Board,3d_model,high (exact),,,,,,Board,,,resolved,,,,,,Board
956,Net,3d_model,high (exact),,,,,,Net,,,resolved,,,,,,Net
957,Cobweb,3d_model,high (exact),,,,,,Cobweb,,,resolved,,,,,,Cobweb
958,Brown Mushroom Block,texture,exact,,,,,brown_mushroom_block,,,,resolved,brown_mushroom_block,brown_mushroom_block,brown_mushroom_block,,brown_mushroom_block,
959,Red Mushroom Block,texture,exact,,,,,red_mushroom_block,,,,resolved,red_mushroom_block,red_mushroom_block,red_mushroom_block,,red_mushroom_block,
960,Mushroom Stem,texture,exact,,,,,mushroom_stem,,,,resolved,mushroom_stem,mushroom_stem,mushroom_stem,,mushroom_stem,
961,Fireball Block,texture,exact,,,,,fireball_block,,,,resolved,fireball_block,fireball_block,fireball_block,,fireball_block,
962,Iceball Block,texture,exact,,,,,iceball_block,,,,resolved,iceball_block,iceball_block,iceball_block,,iceball_block,
963,Watermelon Seeds,3d_model,high (exact),,,,,,Watermelon Seeds,,,special,,,,,,
965,Attached Watermelon Stem,texture,low,,,,,,,attached_banana_stem,attached_melon_stem,special,,,,,,
969,Pumpkin Seeds,3d_model,high (exact),,,,,,Pumpkin Seeds,,,special,,,,,,
971,Attached Pumpkin Stem,texture,low,,,,,,,attached_banana_stem,attached_melon_stem,special,,,,,,
975,Pumpkin,texture,multi_face,pumpkin_top,pumpkin_side,,,,,,,resolved,pumpkin_top,pumpkin_side,pumpkin_side,,,
976,Carved Pumpkin,texture,exact,,,,,carved_pumpkin,,,,resolved,pumpkin_top,pumpkin_side,pumpkin_side,carved_pumpkin,,
980,Jack o'Lantern,texture,low,,,,,,,sea_lantern,,resolved,pumpkin_top,pumpkin_side,pumpkin_side,pumpkin_face_on,,
984,Melon Seeds,3d_model,high (exact),,,,,,Melon Seeds,,,special,,,,,,
986,Attached Melon Stem,texture,exact,,,,,attached_melon_stem,,,,special,,,,,,
990,Melon,texture,multi_face,melon_top,melon_side,,,,,,,resolved,melon_top,melon_side,,,melon_side,
991,Iron Watermelon,texture,multi_face,iron_watermelon_top,iron_watermelon_side,,,,,,,resolved,iron_watermelon_top,iron_watermelon_side,iron_watermelon_side,,,
992,Patterned Black Glass,texture,low,,,,,,,patterned_glass_black,glass_black,resolved,,,patterned_glass_black,,patterned_glass_black,
993,Patterned Blue Glass,texture,low,,,,,,,patterned_glass_blue,patterned_glass_light_blue,resolved,,,,,patterned_glass_blue,
994,Patterned Brown Glass,texture,low,,,,,,,patterned_glass_brown,glass_brown,resolved,,,,,patterned_glass_brown,
995,Patterned Cyan Glass,texture,low,,,,,,,patterned_glass_cyan,glass_cyan,resolved,,,,,patterned_glass_cyan,
996,Patterned Gray Glass,texture,low,,,,,,,patterned_glass_gray,patterned_glass_light_gray,resolved,,,,,patterned_glass_gray,
997,Patterned Light Gray Glass,texture,low,,,,,,,patterned_glass_light_gray,glass_light_gray,resolved,,,,,patterned_glass_light_gray,
998,Patterned Green Glass,texture,low,,,,,,,patterned_glass_green,glass_green,resolved,,,,,patterned_glass_green,
999,Patterned Light Blue Glass,texture,low,,,,,,,patterned_glass_light_blue,glass_light_blue,resolved,,,,,patterned_glass_light_blue,
1000,Patterned Lime Glass,texture,low,,,,,,,patterned_glass_lime,glass_lime,resolved,,,,,patterned_glass_lime,
1001,Patterned Magenta Glass,texture,low,,,,,,,patterned_glass_magenta,glass_magenta,resolved,,,,,patterned_glass_magenta,
1002,Patterned Orange Glass,texture,low,,,,,,,patterned_glass_orange,glass_orange,resolved,,,,,patterned_glass_orange,
1003,Patterned Pink Glass,texture,low,,,,,,,patterned_glass_pink,glass_pink,resolved,,,,,patterned_glass_pink,
1004,Patterned Purple Glass,texture,low,,,,,,,patterned_glass_purple,glass_purple,resolved,,,,,patterned_glass_purple,
1005,Patterned Red Glass,texture,low,,,,,,,patterned_glass_red,glass_red,resolved,,,,,patterned_glass_red,
1006,Patterned White Glass,texture,low,,,,,,,patterned_glass_white,glass_white,resolved,,,,,patterned_glass_white,
1007,Patterned Yellow Glass,texture,low,,,,,,,patterned_glass_yellow,glass_yellow,resolved,,,,,patterned_glass_yellow,
1008,Potion Table,3d_model,high (exact),,,,,,Potion Table,,,resolved,,,,,,Potion Table
1012,Pine Ladder,3d_model,high (exact),,,,,,Pine Ladder,,,resolved,,,,,,Pine Ladder
1016,Plum Ladder,3d_model,high (exact),,,,,,Plum Ladder,,,resolved,,,,,,Plum Ladder
1020,Cedar Ladder,3d_model,high (exact),,,,,,Cedar Ladder,,,resolved,,,,,,Cedar Ladder
1024,Aspen Ladder,3d_model,high (exact),,,,,,Aspen Ladder,,,resolved,,,,,,Aspen Ladder
1028,Jungle Ladder,3d_model,high (exact),,,,,,Jungle Ladder,,,resolved,,,,,,Jungle Ladder
1032,Palm Ladder,3d_model,high (exact),,,,,,Palm Ladder,,,resolved,,,,,,Palm Ladder
1036,Pear Ladder,3d_model,high (exact),,,,,,Pear Ladder,,,resolved,,,,,,Pear Ladder
1040,Black Carpet,3d_model,high (exact),,,,,,Black Carpet,,,resolved,,,,,,Black Carpet
1041,Blue Carpet,3d_model,high (exact),,,,,,Blue Carpet,,,special,,,,,,
1042,Brown Carpet,3d_model,high (exact),,,,,,Brown Carpet,,,special,,,,,,
1043,Cyan Carpet,3d_model,high (exact),,,,,,Cyan Carpet,,,special,,,,,,
1044,Gray Carpet,3d_model,high (exact),,,,,,Gray Carpet,,,special,,,,,,
1045,Light Gray Carpet,3d_model,high (exact),,,,,,Light Gray Carpet,,,special,,,,,,
1046,Green Carpet,3d_model,high (exact),,,,,,Green Carpet,,,special,,,,,,
1047,Light Blue Carpet,3d_model,high (exact),,,,,,Light Blue Carpet,,,special,,,,,,
1048,Lime Carpet,3d_model,high (exact),,,,,,Lime Carpet,,,special,,,,,,
1049,Magenta Carpet,3d_model,high (exact),,,,,,Magenta Carpet,,,special,,,,,,
1050,Orange Carpet,3d_model,high (exact),,,,,,Orange Carpet,,,special,,,,,,
1051,Pink Carpet,3d_model,high (exact),,,,,,Pink Carpet,,,special,,,,,,
1052,Purple Carpet,3d_model,high (exact),,,,,,Purple Carpet,,,special,,,,,,
1053,Red Carpet,3d_model,high (exact),,,,,,Red Carpet,,,special,,,,,,
1054,White Carpet,3d_model,high (exact),,,,,,White Carpet,,,special,,,,,,
1055,Yellow Carpet,3d_model,high (exact),,,,,,Yellow Carpet,,,special,,,,,,
1056,Bookshelf,texture,exact,,,,,bookshelf,,,,resolved,planks_maple,planks_maple,planks_maple,bookshelf,,
1060,Empty Bookshelf,texture,exact,,,,,bookshelf_empty,,,,resolved,planks_maple,planks_maple,planks_maple,bookshelf_empty,,
1084,Mailbox,texture,multi_face,,mailbox_side,,mailbox_front,,,,,resolved,mailbox_side,mailbox_side,mailbox_side,mailbox_front,,
1092,Rice,3d_model,high (exact),,,,,,Rice,,,special,,,,,,
1093,Rice_stage1,texture,exact,,,,,rice_stage1,,,,special,,,,,,
1094,Rice_stage2,texture,exact,,,,,rice_stage2,,,,special,,,,,,
1095,Rice_stage3,texture,exact,,,,,rice_stage3,,,,special,,,,,,
1096,Rice_stage4,texture,exact,,,,,rice_stage4,,,,special,,,,,,
1097,Rice_stage5,texture,exact,,,,,rice_stage5,,,,special,,,,,,
1099,Cranberries,3d_model,high (exact),,,,,,Cranberries,,,special,,,,,,
1100,Cranberries_stage1,texture,low,,,,,,,cranberries,corn_stage1,resolved,,corn_stage1,,corn_stage1,,
1101,Cranberries_stage2,texture,low,,,,,,,cranberries,corn_stage2,resolved,,corn_stage2,,,,
1102,Red Mushroom,3d_model,high (exact),,,,,,Red Mushroom,,,special,,,,,,
1103,Brown Mushroom,3d_model,high (exact),,,,,,Brown Mushroom,,,special,,,,,,
1104,Cotton Seeds,3d_model,high (exact),,,,,,Cotton Seeds,,,special,,,,,,
1105,Cotton_stage1,texture,low,,,,,,,cotton_plant_stage1,cotton,special,,,,,,
1106,Cotton_stage2,texture,low,,,,,,,cotton_plant_stage2,cotton,special,,,,,,
1107,Cotton_stage3,texture,low,,,,,,,cotton_plant_stage3,cotton,special,,,,,,
1108,Tribe Protector,texture,exact,,,,,protector_tribe,,,,resolved,protector_tribe,protector_tribe,protector_tribe,,protector_tribe,
1109,Tall Grass,3d_model,high (exact),,,,,,Tall Grass,,,special,,,,,,
1111,Faction Protector,texture,exact,,,,,protector_faction,,,,resolved,protector_faction,protector_faction,protector_faction,,protector_faction,
1112,Barkless Palm Log,texture,low,,,,,,,log_palm,stripped_palm_log,special,,,,,,
1113,Barkless Pear Log,texture,low,,,,,,,log_pear,stripped_pear_log,special,,,,,,
1122,Mystery Block,texture,exact,,,,,mystery_block,,,,resolved,mystery_block,mystery_block,mystery_block,,mystery_block,
1123,Rocket,3d_model,high (exact),,,,,,Rocket,,,special,,,,,,
1124,Super Rocket,texture,low,,,,,,,super_rocket_block,rocket,resolved,,,,,super_rocket_block,
1125,Yellow Concrete Slab,texture,low,,,,,,,yellow_concrete,chalk_bricks_slab_side_yellow,resolved,,,,,yellow_concrete,
1131,White Concrete Slab,texture,low,,,,,,,white_concrete,chalk_bricks_slab_side_white,resolved,,,,,white_concrete,
1137,Red Concrete Slab,texture,low,,,,,,,red_concrete,slab_red_sandstone_side,resolved,,,,,red_concrete,
1143,Purple Concrete Slab,texture,low,,,,,,,purple_concrete,chalk_bricks_slab_side_purple,resolved,,,,,purple_concrete,
1149,Pink Concrete Slab,texture,low,,,,,,,pink_concrete,chalk_bricks_slab_side_pink,resolved,,,,,pink_concrete,
1155,Orange Concrete Slab,texture,low,,,,,,,orange_concrete,chalk_bricks_slab_side_orange,resolved,,,,,orange_concrete,
1161,Magenta Concrete Slab,texture,low,,,,,,,magenta_concrete,chalk_bricks_slab_side_magenta,resolved,,,,,magenta_concrete,
1167,Lime Concrete Slab,texture,low,,,,,,,lime_concrete,chalk_bricks_slab_side_lime,resolved,,,,,lime_concrete,
1173,Light Gray Concrete Slab,texture,low,,,,,,,light_gray_concrete,chalk_bricks_slab_side_light_gray,resolved,,,,,light_gray_concrete,
1179,Light Blue Concrete Slab,texture,low,,,,,,,light_blue_concrete,chalk_bricks_slab_side_light_blue,resolved,,,,,light_blue_concrete,
1185,Green Concrete Slab,texture,low,,,,,,,green_concrete,chalk_bricks_slab_side_green,resolved,,,,,green_concrete,
1191,Gray Concrete Slab,texture,low,,,,,,,gray_concrete,light_gray_concrete,resolved,,,,,gray_concrete,
1197,Cyan Concrete Slab,texture,low,,,,,,,cyan_concrete,chalk_bricks_slab_side_cyan,resolved,,,,,cyan_concrete,
1203,Brown Concrete Slab,texture,low,,,,,,,brown_concrete,chalk_bricks_slab_side_brown,resolved,,,,,brown_concrete,
1209,Blue Concrete Slab,texture,low,,,,,,,blue_concrete,light_blue_concrete,resolved,,,,,blue_concrete,
1215,Black Concrete Slab,texture,low,,,,,,,black_concrete,chalk_bricks_slab_side_black,resolved,,,,,black_concrete,
1221,Grenade,texture,low,,,,,,,grenade_block,grenade_launcher,resolved,,,,,grenade_block,
1222,Cherry Log,texture,exact,,,,,log_cherry,,,,resolved,log_cherry,log_cherry,log_cherry,,log_cherry,
1223,Barkless Cherry Log,texture,low,,,,,,,log_cherry,stripped_cherry_log,resolved,,,,,stripped_cherry_log,
1225,Cherry Wood Planks,texture,low,,,,,,,planks_cherry,cherry,resolved,,,,,planks_cherry,
1226,Cherry Leaves,texture,exact,,,,,leaves_cherry,,,,resolved,leaves_cherry,leaves_cherry,leaves_cherry,,leaves_cherry,
1227,Fallen Cherry Leaves,texture,multi_face,,fallen_cherry_leaves_side,,,,,,,resolved,leaves_cherry,fallen_cherry_leaves_side,leaves_cherry,,,
1233,Cherry Door,3d_model,high (exact),,,,,,Cherry Door,,,resolved,,,,,,Cherry Door
1241,_Cherry Door Top,3d_model,high (exact),,,,,,_Cherry Door Top,,,resolved,,,,,,_Cherry Door Top
1249,Cherry Trapdoor,3d_model,high (exact),,,,,,Cherry Trapdoor,,,resolved,,,,,,Cherry Trapdoor
1257,Cherry Sapling,3d_model,high (exact),,,,,,Cherry Sapling,,,special,,,,,,
1260,Cherry Slab,texture,multi_face,,slab_cherry_side,,,,,,,resolved,planks_cherry,slab_cherry_side,planks_cherry,,,
1266,Cherry Ladder,3d_model,high (exact),,,,,,Cherry Ladder,,,resolved,,,,,,Cherry Ladder
1270,Cherry Block,texture,multi_face,cherry_block_top,cherry_block_side,cherry_block_bottom,,,,,,resolved,cherry_block_top,cherry_block_side,cherry_block_bottom,,,
1271,Bouncy Bomb Block,texture,exact,,,,,bouncy_bomb_block,,,,resolved,bouncy_bomb_block,bouncy_bomb_block,bouncy_bomb_block,,bouncy_bomb_block,
1272,Obby Rocket,texture,low,,,,,,,rocket,rocket_block,resolved,,,rocket_block,,rocket_block,
1273,Wood Spikes,3d_model,high (exact),,,,,,Spikes_Wood,,,resolved,,,,,,Spikes_Wood
1274,Stone Spikes,3d_model,high (exact),,,,,,Spikes_Stone,,,resolved,,,,,,Spikes_Stone
1275,Iron Spikes,3d_model,high (exact),,,,,,Iron Spikes,,,resolved,,,,,,Spikes_Iron
1276,Gold Spikes,3d_model,high (exact),,,,,,Gold Spikes,,,resolved,,,,,,Spikes_Gold
1277,Diamond Spikes,3d_model,high (exact),,,,,,Diamond Spikes,,,resolved,,,,,,Spikes_Diamond
1278,Kill Spikes,3d_model,high (exact),,,,,,Kill Spikes,,,resolved,,,,,,Spikes_Kill
1279,Corn Block,texture,multi_face,corn_block_top,corn_block_side,corn_block_bottom,,,,,,resolved,corn_block_top,corn_block_side,corn_block_bottom,,,
1280,Corn Seeds,3d_model,high (exact),,,,,,Corn Seeds,,,special,,,,,,
1281,Corn Seeds_stage1,texture,low,,,,,,,corn_seeds,corn_stage1,special,,,,,,
1284,Corn Plant_stage1,texture,low,,,,,,,corn_stage1,beetroot_plant_stage1,special,,,,,,
1285,Corn Plant_stage2,texture,low,,,,,,,corn_stage2,beetroot_plant_stage2,special,,,,,,
1286,Corn Plant_stage3,texture,low,,,,,,,corn_stage3,cotton_plant_stage3,special,,,,,,
1287,Corn Plant_stage4,texture,low,,,,,,,corn_stage4,corn,special,,,,,,
1288,Corn Plant_stage5,texture,low,,,,,,,corn_stage5,corn,special,,,,,,
1289,Corn Plant,texture,low,,,,,,,corn,corn_seeds,special,,,,,,
1291,Loot Chest,texture,low,,,,,,,chest_back,chest_front,resolved,chest_top_2,chest_side,chest_top_1,chest_front,,
1295,Melting Ice,texture,exact,,,,,melting_ice,,,,resolved,melting_ice,ice,melting_ice,,ice,
1297,Yellow Paintball Explosive,texture,low,,,,,,,yellow_paintball,explosive_paint_yellow,resolved,explosive_paint_yellow_top,explosive_paint_yellow_side,explosive_paint_yellow_top,,,
1298,White Paintball Explosive,texture,low,,,,,,,white_paintball,explosive_paint_white,resolved,explosive_paint_white_top,explosive_paint_white_side,explosive_paint_white_top,,,
1299,Red Paintball Explosive,texture,low,,,,,,,red_paintball,explosive_paint_red,resolved,explosive_paint_red_top,explosive_paint_red_side,explosive_paint_red_top,,,
1300,Purple Paintball Explosive,texture,low,,,,,,,purple_paintball,explosive_paint_purple,resolved,explosive_paint_purple_top,explosive_paint_purple_side,explosive_paint_purple_top,,,
1301,Pink Paintball Explosive,texture,low,,,,,,,pink_paintball,explosive_paint_pink,resolved,explosive_paint_pink_top,explosive_paint_pink_side,explosive_paint_pink_top,,,
1302,Orange Paintball Explosive,texture,low,,,,,,,orange_paintball,explosive_paint_orange,resolved,explosive_paint_orange_top,explosive_paint_orange_side,explosive_paint_orange_top,,,
1303,Magenta Paintball Explosive,texture,low,,,,,,,magenta_paintball,explosive_paint_magenta,resolved,explosive_paint_magenta_top,explosive_paint_magenta_side,explosive_paint_magenta_top,explosive_paint_magenta_side,,
1304,Lime Paintball Explosive,texture,low,,,,,,,lime_paintball,explosive_paint_lime,resolved,explosive_paint_lime_top,explosive_paint_lime_side,explosive_paint_lime_top,explosive_paint_lime_side,,
1305,Light Gray Paintball Explosive,texture,low,,,,,,,light_gray_paintball,explosive_paint_light_gray,resolved,explosive_paint_light_gray_top,explosive_paint_light_gray_side,explosive_paint_light_gray_top,,,
1306,Light Blue Paintball Explosive,texture,low,,,,,,,light_blue_paintball,explosive_paint_light_blue,resolved,explosive_paint_light_blue_top,explosive_paint_light_blue_side,explosive_paint_light_blue_top,explosive_paint_light_blue_side,,
1307,Green Paintball Explosive,texture,low,,,,,,,green_paintball,explosive_paint_green,resolved,explosive_paint_green_top,explosive_paint_green_side,explosive_paint_green_top,,,
1308,Gray Paintball Explosive,texture,low,,,,,,,gray_paintball,explosive_paint_gray,resolved,explosive_paint_gray_top,explosive_paint_gray_side,explosive_paint_gray_top,,,
1309,Cyan Paintball Explosive,texture,low,,,,,,,cyan_paintball,cyan_paintball_gun,resolved,explosive_paint_cyan_top,explosive_paint_cyan_side,explosive_paint_cyan_top,,,
1310,Brown Paintball Explosive,texture,low,,,,,,,brown_paintball,brown_paintball_gun,resolved,explosive_paint_brown_top,explosive_paint_brown_side,explosive_paint_brown_top,,,
1311,Blue Paintball Explosive,texture,low,,,,,,,blue_paintball,blue_paintball_gun,resolved,explosive_paint_blue_top,explosive_paint_blue_side,explosive_paint_blue_top,,,
1312,Black Paintball Explosive,texture,low,,,,,,,black_paintball,black_paintball_gun,resolved,explosive_paint_black_top,explosive_paint_black_side,explosive_paint_black_top,,,
1313,Yellow Quick Paintball Explosive,texture,low,,,,,,,explosive_paint_quick_yellow,yellow_paintball,resolved,,,,,explosive_paint_quick_yellow,
1314,White Quick Paintball Explosive,texture,low,,,,,,,explosive_paint_quick_white,white_paintball,resolved,,,,,explosive_paint_quick_white,
1315,Red Quick Paintball Explosive,texture,low,,,,,,,explosive_paint_quick_red,red_paintball,resolved,,,,,explosive_paint_quick_red,
1316,Purple Quick Paintball Explosive,texture,low,,,,,,,explosive_paint_quick_purple,purple_paintball,resolved,,,,,explosive_paint_quick_purple,
1317,Pink Quick Paintball Explosive,texture,low,,,,,,,explosive_paint_quick_pink,pink_paintball,resolved,,,,,explosive_paint_quick_pink,
1318,Orange Quick Paintball Explosive,texture,low,,,,,,,explosive_paint_quick_orange,orange_paintball,resolved,,,,,explosive_paint_quick_orange,
1319,Magenta Quick Paintball Explosive,texture,low,,,,,,,explosive_paint_quick_magenta,magenta_paintball,resolved,,,,,explosive_paint_quick_magenta,
1320,Lime Quick Paintball Explosive,texture,low,,,,,,,explosive_paint_quick_lime,lime_paintball,resolved,,,,,explosive_paint_quick_lime,
1321,Light Gray Quick Paintball Explosive,texture,low,,,,,,,explosive_paint_quick_light_gray,light_gray_paintball,resolved,,,,,explosive_paint_quick_light_gray,
1322,Light Blue Quick Paintball Explosive,texture,low,,,,,,,explosive_paint_quick_light_blue,light_blue_paintball,resolved,,,,,explosive_paint_quick_light_blue,
1323,Green Quick Paintball Explosive,texture,low,,,,,,,explosive_paint_quick_green,green_paintball,resolved,,,,,explosive_paint_quick_green,
1324,Gray Quick Paintball Explosive,texture,low,,,,,,,explosive_paint_quick_gray,explosive_paint_quick_light_gray,resolved,,,,,explosive_paint_quick_light_gray,
1325,Cyan Quick Paintball Explosive,texture,low,,,,,,,explosive_paint_quick_cyan,cyan_paintball,resolved,,,,,explosive_paint_quick_cyan,
1326,Brown Quick Paintball Explosive,texture,low,,,,,,,explosive_paint_quick_brown,brown_paintball,resolved,,,,,explosive_paint_quick_brown,
1327,Blue Quick Paintball Explosive,texture,low,,,,,,,explosive_paint_quick_blue,explosive_paint_quick_light_blue,resolved,,,,,explosive_paint_quick_blue,
1328,Black Quick Paintball Explosive,texture,low,,,,,,,explosive_paint_quick_black,black_paintball,resolved,,,,,explosive_paint_quick_black,
1329,Yellow Seeking Paintball Explosive,texture,low,,,,,,,explosive_paint_seeking_yellow,yellow_paintball,resolved,,,,,explosive_paint_seeking_yellow,
1330,White Seeking Paintball Explosive,texture,low,,,,,,,explosive_paint_seeking_white,white_paintball,resolved,,,,,explosive_paint_seeking_white,
1331,Red Seeking Paintball Explosive,texture,low,,,,,,,explosive_paint_seeking_red,red_paintball,resolved,,,,,explosive_paint_seeking_red,
1332,Purple Seeking Paintball Explosive,texture,low,,,,,,,explosive_paint_seeking_purple,purple_paintball,resolved,,,,,explosive_paint_seeking_purple,
1333,Pink Seeking Paintball Explosive,texture,low,,,,,,,explosive_paint_seeking_pink,pink_paintball,resolved,,,,,explosive_paint_seeking_pink,
1334,Orange Seeking Paintball Explosive,texture,low,,,,,,,explosive_paint_seeking_orange,orange_paintball,resolved,,,,,explosive_paint_seeking_orange,
1335,Magenta Seeking Paintball Explosive,texture,low,,,,,,,explosive_paint_seeking_magenta,magenta_paintball,resolved,,,,,explosive_paint_seeking_magenta,
1336,Lime Seeking Paintball Explosive,texture,low,,,,,,,explosive_paint_seeking_lime,lime_paintball,resolved,,,,,explosive_paint_seeking_lime,
1337,Light Gray Seeking Paintball Explosive,texture,low,,,,,,,explosive_paint_seeking_light_gray,light_gray_paintball,resolved,,,,,explosive_paint_seeking_light_gray,
1338,Light Blue Seeking Paintball Explosive,texture,low,,,,,,,explosive_paint_seeking_light_blue,light_blue_paintball,resolved,,,,,explosive_paint_seeking_light_blue,
1339,Green Seeking Paintball Explosive,texture,low,,,,,,,explosive_paint_seeking_green,green_paintball,resolved,,,,,explosive_paint_seeking_green,
1340,Gray Seeking Paintball Explosive,texture,low,,,,,,,explosive_paint_seeking_gray,explosive_paint_seeking_light_gray,resolved,,,,,explosive_paint_seeking_gray,
1341,Cyan Seeking Paintball Explosive,texture,low,,,,,,,explosive_paint_seeking_cyan,cyan_paintball,resolved,,,,,explosive_paint_seeking_cyan,
1342,Brown Seeking Paintball Explosive,texture,low,,,,,,,explosive_paint_seeking_brown,brown_paintball,resolved,,,,,explosive_paint_seeking_brown,
1343,Blue Seeking Paintball Explosive,texture,low,,,,,,,explosive_paint_seeking_blue,explosive_paint_seeking_light_blue,resolved,,,,,explosive_paint_seeking_blue,
1344,Black Seeking Paintball Explosive,texture,low,,,,,,,explosive_paint_seeking_black,black_paintball,resolved,,,,,explosive_paint_seeking_black,
1345,Yellow Sticky Paintball Explosive,texture,low,,,,,,,explosive_paint_sticky_yellow,yellow_paintball,resolved,,,,,explosive_paint_sticky_yellow,
1346,White Sticky Paintball Explosive,texture,low,,,,,,,explosive_paint_sticky_white,white_paintball,resolved,,,,,explosive_paint_sticky_white,
1347,Red Sticky Paintball Explosive,texture,low,,,,,,,explosive_paint_sticky_red,red_paintball,resolved,,,,,explosive_paint_sticky_red,
1348,Purple Sticky Paintball Explosive,texture,low,,,,,,,explosive_paint_sticky_purple,purple_paintball,resolved,,,,,explosive_paint_sticky_purple,
1349,Pink Sticky Paintball Explosive,texture,low,,,,,,,explosive_paint_sticky_pink,pink_paintball,resolved,,,,,explosive_paint_sticky_pink,
1350,Orange Sticky Paintball Explosive,texture,low,,,,,,,explosive_paint_sticky_orange,orange_paintball,resolved,,,,,explosive_paint_sticky_orange,
1351,Magenta Sticky Paintball Explosive,texture,low,,,,,,,explosive_paint_sticky_magenta,magenta_paintball,resolved,,,,,explosive_paint_sticky_magenta,
1352,Lime Sticky Paintball Explosive,texture,low,,,,,,,explosive_paint_sticky_lime,lime_paintball,resolved,,,,,explosive_paint_sticky_lime,
1353,Light Gray Sticky Paintball Explosive,texture,low,,,,,,,explosive_paint_sticky_light_gray,light_gray_paintball,resolved,,,,,explosive_paint_sticky_light_gray,
1354,Light Blue Sticky Paintball Explosive,texture,low,,,,,,,explosive_paint_sticky_light_blue,light_blue_paintball,resolved,,,,,explosive_paint_sticky_light_blue,
1355,Green Sticky Paintball Explosive,texture,low,,,,,,,explosive_paint_sticky_green,green_paintball,resolved,,,,,explosive_paint_sticky_green,
1356,Gray Sticky Paintball Explosive,texture,low,,,,,,,explosive_paint_sticky_gray,explosive_paint_sticky_light_gray,resolved,,,,,explosive_paint_sticky_gray,
1357,Cyan Sticky Paintball Explosive,texture,low,,,,,,,explosive_paint_sticky_cyan,cyan_paintball,resolved,,,,,explosive_paint_sticky_cyan,
1358,Brown Sticky Paintball Explosive,texture,low,,,,,,,explosive_paint_sticky_brown,brown_paintball,resolved,,,,,explosive_paint_sticky_brown,
1359,Blue Sticky Paintball Explosive,texture,low,,,,,,,explosive_paint_sticky_blue,explosive_paint_sticky_light_blue,resolved,,,,,explosive_paint_sticky_blue,
1360,Black Sticky Paintball Explosive,texture,low,,,,,,,explosive_paint_sticky_black,black_paintball,resolved,,,,,explosive_paint_sticky_black,
1361,White Strongbed,3d_model,high (exact),,,,,,White Strongbed,,,resolved,,,,,,White Strongbed
1365,_White Strongbed Head,3d_model,high (exact),,,,,,_White Strongbed Head,,,resolved,,,,,,_White Strongbed Head
1369,Orange Strongbed,3d_model,high (exact),,,,,,Orange Strongbed,,,resolved,,,,,,Orange Strongbed
1373,_Orange Strongbed Head,3d_model,high (exact),,,,,,_Orange Strongbed Head,,,resolved,,,,,,_Orange Strongbed Head
1377,Magenta Strongbed,3d_model,high (exact),,,,,,Magenta Strongbed,,,resolved,,,,,,Magenta Strongbed
1381,_Magenta Strongbed Head,3d_model,high (exact),,,,,,_Magenta Strongbed Head,,,resolved,,,,,,_Magenta Strongbed Head
1385,Light Blue Strongbed,3d_model,high (exact),,,,,,Light Blue Strongbed,,,resolved,,,,,,Light Blue Strongbed
1389,_Light Blue Strongbed Head,3d_model,high (exact),,,,,,_Light Blue Strongbed Head,,,resolved,,,,,,_Light Blue Strongbed Head
1393,Yellow Strongbed,3d_model,high (exact),,,,,,Yellow Strongbed,,,resolved,,,,,,Yellow Strongbed
1397,_Yellow Strongbed Head,3d_model,high (exact),,,,,,_Yellow Strongbed Head,,,resolved,,,,,,_Yellow Strongbed Head
1401,Lime Strongbed,3d_model,high (exact),,,,,,Lime Strongbed,,,resolved,,,,,,Lime Strongbed
1405,_Lime Strongbed Head,3d_model,high (exact),,,,,,_Lime Strongbed Head,,,resolved,,,,,,_Lime Strongbed Head
1409,Pink Strongbed,3d_model,high (exact),,,,,,Pink Strongbed,,,resolved,,,,,,Pink Strongbed
1413,_Pink Strongbed Head,3d_model,high (exact),,,,,,_Pink Strongbed Head,,,resolved,,,,,,_Pink Strongbed Head
1417,Gray Strongbed,3d_model,high (exact),,,,,,Gray Strongbed,,,resolved,,,,,,Gray Strongbed
1421,_Gray Strongbed Head,3d_model,high (exact),,,,,,_Gray Strongbed Head,,,resolved,,,,,,_Gray Strongbed Head
1425,Light Gray Strongbed,3d_model,high (exact),,,,,,Light Gray Strongbed,,,resolved,,,,,,Light Gray Strongbed
1429,_Light Gray Strongbed Head,3d_model,high (exact),,,,,,_Light Gray Strongbed Head,,,resolved,,,,,,_Light Gray Strongbed Head
1433,Cyan Strongbed,3d_model,high (exact),,,,,,Cyan Strongbed,,,resolved,,,,,,Cyan Strongbed
1437,_Cyan Strongbed Head,3d_model,high (exact),,,,,,_Cyan Strongbed Head,,,resolved,,,,,,_Cyan Strongbed Head
1441,Purple Strongbed,3d_model,high (exact),,,,,,Purple Strongbed,,,resolved,,,,,,Purple Strongbed
1445,_Purple Strongbed Head,3d_model,high (exact),,,,,,_Purple Strongbed Head,,,resolved,,,,,,_Purple Strongbed Head
1449,Blue Strongbed,3d_model,high (exact),,,,,,Blue Strongbed,,,resolved,,,,,,Blue Strongbed
1453,_Blue Strongbed Head,3d_model,high (exact),,,,,,_Blue Strongbed Head,,,resolved,,,,,,_Blue Strongbed Head
1457,Brown Strongbed,3d_model,high (exact),,,,,,Brown Strongbed,,,resolved,,,,,,Brown Strongbed
1461,_Brown Strongbed Head,3d_model,high (exact),,,,,,_Brown Strongbed Head,,,resolved,,,,,,_Brown Strongbed Head
1465,Green Strongbed,3d_model,high (exact),,,,,,Green Strongbed,,,resolved,,,,,,Green Strongbed
1469,_Green Strongbed Head,3d_model,high (exact),,,,,,_Green Strongbed Head,,,resolved,,,,,,_Green Strongbed Head
1473,Red Strongbed,3d_model,high (exact),,,,,,Red Strongbed,,,resolved,,,,,,Red Strongbed
1477,_Red Strongbed Head,3d_model,high (exact),,,,,,_Red Strongbed Head,,,resolved,,,,,,_Red Strongbed Head
1481,Black Strongbed,3d_model,high (exact),,,,,,Black Strongbed,,,resolved,,,,,,Black Strongbed
1485,_Black Strongbed Head,3d_model,high (exact),,,,,,_Black Strongbed Head,,,resolved,,,,,,_Black Strongbed Head
1489,Timed Spike Bomb Block,3d_model,high (exact),,,,,,Timed Spike Bomb Block,,,resolved,,,,,,Timed Spike Bomb Block
1491,Lava,texture,low,,,,,,,lava_bucket,,resolved,,,,,lava0,
1492,Fat Brown Mushroom,3d_model,high (exact),,,,,,Fat Brown Mushroom,,,resolved,,,,,,Fat Brown Mushroom
1493,Fat Red Mushroom,3d_model,high (exact),,,,,,Fat Red Mushroom,,,resolved,,,,,,Fat Red Mushroom
1494,Chili Pepper Block,texture,multi_face,chili_pepper_block_top,chili_pepper_block_side,chili_pepper_block_bottom,,,,,,resolved,chili_pepper_block_top,chili_pepper_block_side,chili_pepper_block_bottom,,,
1495,Chili Pepper Seeds,3d_model,high (exact),,,,,,Chili Pepper Seeds,,,special,,,,,,
1496,Chili Pepper Plant_stage1,texture,low,,,,,,,chili_pepper,beetroot_plant_stage1,special,,,,,,
1497,Chili Pepper Plant_stage2,texture,low,,,,,,,chili_pepper,beetroot_plant_stage2,special,,,,,,
1498,Chili Pepper Plant_stage3,texture,low,,,,,,,chili_pepper,chili_pepper_seeds,special,,,,,,
1499,Chili Pepper Plant_stage4,texture,low,,,,,,,chili_pepper,chili_pepper_seeds,special,,,,,,
1500,Chili Pepper Plant,texture,low,,,,,,,chili_pepper,chili_pepper_seeds,special,,,,,,
1507,Chili Pepper Plant_stage5,texture,low,,,,,,,chili_pepper,chili_pepper_seeds,special,,,,,,
1510,Code Block,texture,exact,,,,,code_block,,,,resolved,code_block,code_block,code_block,,code_block,
1511,Toxin Ball Block,texture,exact,,,,,toxin_ball_block,,,,resolved,toxin_ball_block,toxin_ball_block,toxin_ball_block,,toxin_ball_block,
1512,Spawn Block (Yellow),texture,multi_face,yellow_spawn_block_top,yellow_spawn_block_side,,,,,,,resolved,yellow_spawn_block_top,yellow_spawn_block_side,,,yellow_spawn_block_side,
1513,Spawn Block (White),texture,multi_face,white_spawn_block_top,white_spawn_block_side,,,,,,,resolved,white_spawn_block_top,white_spawn_block_side,,,white_spawn_block_side,
1514,Spawn Block (Red),texture,multi_face,red_spawn_block_top,red_spawn_block_side,,,,,,,resolved,red_spawn_block_top,red_spawn_block_side,,,red_spawn_block_side,
1515,Spawn Block (Purple),texture,multi_face,purple_spawn_block_top,purple_spawn_block_side,,,,,,,resolved,purple_spawn_block_top,purple_spawn_block_side,,,purple_spawn_block_side,
1516,Spawn Block (Pink),texture,multi_face,pink_spawn_block_top,pink_spawn_block_side,,,,,,,resolved,pink_spawn_block_top,pink_spawn_block_side,,,pink_spawn_block_side,
1517,Spawn Block (Orange),texture,multi_face,orange_spawn_block_top,orange_spawn_block_side,,,,,,,resolved,orange_spawn_block_top,orange_spawn_block_side,,,orange_spawn_block_side,
1518,Spawn Block (Magenta),texture,multi_face,magenta_spawn_block_top,magenta_spawn_block_side,,,,,,,resolved,magenta_spawn_block_top,magenta_spawn_block_side,,,magenta_spawn_block_side,
1519,Spawn Block (Lime),texture,multi_face,lime_spawn_block_top,lime_spawn_block_side,,,,,,,resolved,lime_spawn_block_top,lime_spawn_block_side,,,lime_spawn_block_side,
1520,Spawn Block (Light Gray),texture,low,,,,,,,light_gray_spawn_block_side,light_gray_spawn_block_top,resolved,,,light_gray_spawn_block_side,,light_gray_spawn_block_side,
1521,Spawn Block (Light Blue),texture,low,,,,,,,light_blue_spawn_block_side,light_blue_spawn_block_top,resolved,,,,,light_blue_spawn_block_side,
1522,Spawn Block (Green),texture,multi_face,green_spawn_block_top,green_spawn_block_side,,,,,,,resolved,green_spawn_block_top,green_spawn_block_side,,,green_spawn_block_side,
1523,Spawn Block (Gray),texture,multi_face,gray_spawn_block_top,gray_spawn_block_side,,,,,,,resolved,gray_spawn_block_top,gray_spawn_block_side,,,gray_spawn_block_side,
1524,Spawn Block (Cyan),texture,multi_face,cyan_spawn_block_top,cyan_spawn_block_side,,,,,,,resolved,cyan_spawn_block_top,cyan_spawn_block_side,,,cyan_spawn_block_side,
1525,Spawn Block (Brown),texture,multi_face,brown_spawn_block_top,brown_spawn_block_side,,,,,,,resolved,brown_spawn_block_top,brown_spawn_block_side,,,brown_spawn_block_side,
1526,Spawn Block (Blue),texture,multi_face,blue_spawn_block_top,blue_spawn_block_side,,,,,,,resolved,blue_spawn_block_top,blue_spawn_block_side,,,blue_spawn_block_side,
1527,Spawn Block (Black),texture,multi_face,black_spawn_block_top,black_spawn_block_side,,,,,,,resolved,black_spawn_block_top,black_spawn_block_side,,,black_spawn_block_side,
1576,Checkpoint Block,texture,exact,,,,,checkpoint_block,,,,resolved,checkpoint_block,checkpoint_block,checkpoint_block,,checkpoint_block,
1580,Custom Lobby Block,texture,multi_face,custom_lobby_block_top,custom_lobby_block_side,,,,,,,resolved,custom_lobby_block_top,custom_lobby_block_side,,,custom_lobby_block_side,
1584,Generator Spawn Block (Red),texture,low,,,,,,,red_spawn_block_side,red_spawn_block_top,resolved,red_gen_spawn_top,red_gen_spawn_iron,red_gen_spawn_top,red_gen_spawn_coal,,
1585,Generator Spawn Block (Blue),texture,low,,,,,,,blue_spawn_block_side,blue_spawn_block_top,special,,,,,,
1586,Generator Spawn Block (Lime),texture,low,,,,,,,lime_spawn_block_side,lime_spawn_block_top,special,,,,,,
1587,Generator Spawn Block (Yellow),texture,low,,,,,,,yellow_spawn_block_side,yellow_spawn_block_top,special,,,,,,
1588,Generator Spawn Block (Cyan),texture,low,,,,,,,cyan_spawn_block_side,cyan_spawn_block_top,special,,,,,,
1589,Generator Spawn Block (White),texture,low,,,,,,,white_spawn_block_side,white_spawn_block_top,special,,,,,,
1590,Generator Spawn Block (Pink),texture,low,,,,,,,pink_spawn_block_side,pink_spawn_block_top,special,,,,,,
1591,Generator Spawn Block (Gray),texture,low,,,,,,,gray_spawn_block_side,gray_spawn_block_top,special,,,,,,
1592,Trader Shop Spawn Block,texture,low,,,,,,,shop_trader_spawn_face,shop_trader_spawn_side,special,,,,,,
1596,Wizard Shop Spawn Block,texture,low,,,,,,,shop_wizard_spawn_face,shop_wizard_spawn_side,resolved,shop_wizard_spawn_top,shop_wizard_spawn_side,shop_wizard_spawn_top,shop_wizard_spawn_face,,
1600,Generator Spawn Block (Diamond),texture,low,,,,,,,diamond_block,black_spawn_block_side,resolved,diamond_gen_spawn_top,diamond_gen_spawn_side,diamond_gen_spawn_top,diamond_gen_spawn_side,,
1601,Generator Spawn Block (Moonstone),texture,low,,,,,,,moonstone_block,black_spawn_block_side,resolved,moonstone_gen_spawn_top,moonstone_gen_spawn_side,moonstone_gen_spawn_top,,,
1602,Generator Spawn Block (Ore),texture,low,,,,,,,black_spawn_block_side,black_spawn_block_top,resolved,ore_gen_spawn_top,ore_gen_spawn_side,ore_gen_spawn_top,,,
1603,Goal Block (Red),texture,low,,,,,,,red_lucky_block,red_mushroom_block,resolved,explosive_paint_red_top,red_spawn_block_top,explosive_paint_red_top,red_spawn_block_top,,
1604,Goal Block (Blue),texture,low,,,,,,,blue_spawn_block_side,blue_spawn_block_top,resolved,explosive_paint_blue_top,blue_spawn_block_top,explosive_paint_blue_top,,,
1605,Finish Block,texture,exact,,,,,finish_block,,,,resolved,finish_block,finish_block,finish_block,,finish_block,
1606,Drop Location Block,texture,multi_face,drop_location_block_top,drop_location_block_side,,,,,,,resolved,drop_location_block_top,drop_location_block_side,drop_location_block_side,,,
1607,Obby Death Block,texture,exact,,,,,obby_death_block,,,,resolved,obby_death_block,obby_death_block,obby_death_block,,obby_death_block,
1608,Obby Absorb Block,texture,exact,,,,,obby_absorb_block,,,,resolved,obby_absorb_block,obby_absorb_block,obby_absorb_block,,obby_absorb_block,
1609,Obby Absorb Death Block,texture,exact,,,,,obby_absorb_death_block,,,,resolved,obby_absorb_death_block,obby_absorb_death_block,obby_absorb_death_block,,obby_absorb_death_block,
1610,Bone Block,texture,multi_face,bone_block_top,bone_block_side,,,,,,,resolved,bone_block_top,bone_block_side,bone_block_top,,,
1611,Pig Spawner Block,3d_model,high (exact),,,,,,Pig Spawner Block,,,special,,,,,,
1612,Cow Spawner Block,3d_model,high (exact),,,,,,Cow Spawner Block,,,special,,,,,,
1613,Sheep Spawner Block,3d_model,high (exact),,,,,,Sheep Spawner Block,,,special,,,,,,
1614,Cave Golem Spawner Block,3d_model,high (exact),,,,,,Cave Golem Spawner Block,,,special,,,,,,
1615,Draugr Zombie Spawner Block,3d_model,high (exact),,,,,,Draugr Zombie Spawner Block,,,special,,,,,,
1616,Draugr Skeleton Spawner Block,3d_model,high (exact),,,,,,Draugr Skeleton Spawner Block,,,special,,,,,,
1617,Empty Spawner Block,3d_model,high (exact),,,,,,Empty Spawner Block,,,special,,,,,,
1618,Frost Golem Spawner Block,3d_model,high (exact),,,,,,Frost Golem Spawner Block,,,special,,,,,,
1619,Frost Zombie Spawner Block,3d_model,high (exact),,,,,,Frost Zombie Spawner Block,,,special,,,,,,
1620,Frost Skeleton Spawner Block,3d_model,high (exact),,,,,,Frost Skeleton Spawner Block,,,special,,,,,,
1621,Snowy Messy Stone,texture,exact,,,,,snowy_messy_stone,,,,resolved,snowy_messy_stone,snowy_messy_stone,snowy_messy_stone,,snowy_messy_stone,
1622,Snowy Stone Slab,texture,low,,,,,,,slab_stone_side,snowy_messy_stone,resolved,snowy_messy_stone,snowy_messy_stone_side,snowy_messy_stone,,,
1628,Draugr Knight Spawner Block,3d_model,high (exact),,,,,,Draugr Knight Spawner Block,,,special,,,,,,
1629,Packed Snow,texture,exact,,,,,packed_snow,,,,resolved,packed_snow,packed_snow,packed_snow,,packed_snow,
1630,Carved Messy Stone,texture,exact,,,,,carved_messy_stone,,,,resolved,carved_messy_stone,carved_messy_stone,carved_messy_stone,,carved_messy_stone,
1631,Spectral Grass,3d_model,high (exact),,,,,,Spectral Grass,,,special,,,,,,
1632,Spectral Log,texture,exact,,,,,log_spectral,,,,resolved,log_spectral,log_spectral,log_spectral,,log_spectral,
1633,Barkless Spectral Log,texture,low,,,,,,,log_spectral,stripped_spectral_log,resolved,,,stripped_spectral_log,,stripped_spectral_log,
1635,Spectral Wood Planks,texture,low,,,,,,,planks_spectral,black_planks,resolved,,,,,planks_spectral,
1636,Spectral Leaves,texture,exact,,,,,leaves_spectral,,,,resolved,leaves_spectral,leaves_spectral,leaves_spectral,,leaves_spectral,
1637,Spectral Door,3d_model,high (exact),,,,,,Spectral Door,,,resolved,,,,,,Spectral Door
1645,_Spectral Door Top,3d_model,high (exact),,,,,,_Spectral Door Top,,,resolved,,,,,,_Spectral Door Top
1653,Spectral Trapdoor,3d_model,high (exact),,,,,,Spectral Trapdoor,,,resolved,,,,,,Spectral Trapdoor
1661,Spectral Sapling,3d_model,high (exact),,,,,,Spectral Sapling,,,special,,,,,,
1664,Spectral Slab,texture,multi_face,,slab_spectral_side,,,,,,,resolved,planks_spectral,slab_spectral_side,planks_spectral,,,
1670,Spectral Ladder,3d_model,high (exact),,,,,,Spectral Ladder,,,resolved,,,,,,Spectral Ladder
1674,Wood Enchanting Table,3d_model,high (exact),,,,,,Wood Enchanting Table,,,resolved,,,,,,Wood Enchanting Table
1678,Stone Enchanting Table,3d_model,high (exact),,,,,,Stone Enchanting Table,,,resolved,,,,,,Stone Enchanting Table
1682,Iron Enchanting Table,3d_model,high (exact),,,,,,Iron Enchanting Table,,,resolved,,,,,,Iron Enchanting Table
1686,Gold Enchanting Table,3d_model,high (exact),,,,,,Gold Enchanting Table,,,resolved,,,,,,Gold Enchanting Table
1690,Diamond Enchanting Table,3d_model,high (exact),,,,,,Diamond Enchanting Table,,,resolved,,,,,,Diamond Enchanting Table
1694,Pine Grass Block,texture,exact,,,,,pine_grass_block,,,,resolved,pine_grass_block,pine_grass_block_side,dirt,,,
1695,Pine Grass Slab,texture,low,,,,,,,slab_pine_grass_top_side,pine_grass,resolved,pine_grass_block,slab_pine_grass_top_side,pine_grass_block,slab_pine_grass_top_side,,
1701,Pine Grass,3d_model,high (exact),,,,,,Pine Grass,,,special,,,,,,
1702,Pine Fern,3d_model,high (exact),,,,,,Pine Fern,,,special,,,,,,
1703,Fallen Pine Cone,3d_model,high (exact),,,,,,Fallen Pine Cone,,,special,,,,,,
1704,Pine Cone Block,texture,multi_face,pine_cone_block_top,pine_cone_block_side,,,,,,,resolved,pine_cone_block_top,pine_cone_block_side,pine_cone_block_top,,,
1705,Wolf Spawner Block,3d_model,high (exact),,,,,,Wolf Spawner Block,,,special,,,,,,
1706,Bear Spawner Block,3d_model,high (exact),,,,,,Bear Spawner Block,,,special,,,,,,
1707,Deer Spawner Block,3d_model,high (exact),,,,,,Deer Spawner Block,,,special,,,,,,
1708,Stag Spawner Block,3d_model,high (exact),,,,,,Stag Spawner Block,,,special,,,,,,
1709,Bone Antlers,3d_model,high (exact),,,,,,Bone Antlers,,,special,,,,,,
1713,Gold Antlers,3d_model,high (exact),,,,,,Gold Antlers,,,special,,,,,,
1717,Gold Watermelon Stag Spawner Block,3d_model,high (exact),,,,,,Gold Watermelon Stag Spawner Block,,,special,,,,,,
1718,Salvaging Table,3d_model,high (exact),,,,,,Salvaging Table,,,resolved,,,,,,Salvaging Table
1722,Chalk,texture,exact,,,,,chalk,,,,resolved,chalk,chalk,chalk,,chalk,
1723,Yellow Chalk,texture,exact,,,,,chalk_yellow,,,,resolved,chalk_yellow,chalk_yellow,chalk_yellow,,chalk_yellow,
1724,White Chalk,texture,exact,,,,,chalk_white,,,,resolved,chalk_white,chalk_white,chalk_white,,chalk_white,
1725,Red Chalk,texture,exact,,,,,chalk_red,,,,resolved,chalk_red,chalk_red,chalk_red,,chalk_red,
1726,Purple Chalk,texture,exact,,,,,chalk_purple,,,,resolved,chalk_purple,chalk_purple,chalk_purple,,chalk_purple,
1727,Pink Chalk,texture,exact,,,,,chalk_pink,,,,resolved,chalk_pink,chalk_pink,chalk_pink,,chalk_pink,
1728,Orange Chalk,texture,exact,,,,,chalk_orange,,,,resolved,chalk_orange,chalk_orange,chalk_orange,,chalk_orange,
1729,Magenta Chalk,texture,exact,,,,,chalk_magenta,,,,resolved,chalk_magenta,chalk_magenta,chalk_magenta,,chalk_magenta,
1730,Lime Chalk,texture,exact,,,,,chalk_lime,,,,resolved,chalk_lime,chalk_lime,chalk_lime,,chalk_lime,
1731,Light Gray Chalk,texture,exact,,,,,chalk_light_gray,,,,resolved,chalk_light_gray,chalk_light_gray,chalk_light_gray,,chalk_light_gray,
1732,Light Blue Chalk,texture,exact,,,,,chalk_light_blue,,,,resolved,chalk_light_blue,chalk_light_blue,chalk_light_blue,,chalk_light_blue,
1733,Green Chalk,texture,exact,,,,,chalk_green,,,,resolved,chalk_green,chalk_green,chalk_green,,chalk_green,
1734,Gray Chalk,texture,exact,,,,,chalk_gray,,,,resolved,chalk_gray,chalk_gray,chalk_gray,,chalk_gray,
1735,Cyan Chalk,texture,exact,,,,,chalk_cyan,,,,resolved,chalk_cyan,chalk_cyan,chalk_cyan,,chalk_cyan,
1736,Brown Chalk,texture,exact,,,,,chalk_brown,,,,resolved,chalk_brown,chalk_brown,chalk_brown,,chalk_brown,
1737,Blue Chalk,texture,exact,,,,,chalk_blue,,,,resolved,chalk_blue,chalk_blue,chalk_blue,,chalk_blue,
1738,Black Chalk,texture,exact,,,,,chalk_black,,,,resolved,chalk_black,chalk_black,chalk_black,,chalk_black,
1739,Yellow Chalk Bricks,texture,exact,,,,,chalk_bricks_yellow,,,,resolved,chalk_bricks_yellow,chalk_bricks_yellow,chalk_bricks_yellow,,chalk_bricks_yellow,
1740,White Chalk Bricks,texture,exact,,,,,chalk_bricks_white,,,,resolved,chalk_bricks_white,chalk_bricks_white,chalk_bricks_white,,chalk_bricks_white,
1741,Red Chalk Bricks,texture,exact,,,,,chalk_bricks_red,,,,resolved,chalk_bricks_red,chalk_bricks_red,chalk_bricks_red,,chalk_bricks_red,
1742,Purple Chalk Bricks,texture,exact,,,,,chalk_bricks_purple,,,,resolved,chalk_bricks_purple,chalk_bricks_purple,chalk_bricks_purple,,chalk_bricks_purple,
1743,Pink Chalk Bricks,texture,exact,,,,,chalk_bricks_pink,,,,resolved,chalk_bricks_pink,chalk_bricks_pink,chalk_bricks_pink,,chalk_bricks_pink,
1744,Orange Chalk Bricks,texture,exact,,,,,chalk_bricks_orange,,,,resolved,chalk_bricks_orange,chalk_bricks_orange,chalk_bricks_orange,,chalk_bricks_orange,
1745,Magenta Chalk Bricks,texture,exact,,,,,chalk_bricks_magenta,,,,resolved,chalk_bricks_magenta,chalk_bricks_magenta,chalk_bricks_magenta,,chalk_bricks_magenta,
1746,Lime Chalk Bricks,texture,exact,,,,,chalk_bricks_lime,,,,resolved,chalk_bricks_lime,chalk_bricks_lime,chalk_bricks_lime,,chalk_bricks_lime,
1747,Light Gray Chalk Bricks,texture,low,,,,,,,chalk_bricks_light_gray,chalk_bricks_slab_side_light_gray,resolved,,,chalk_bricks_light_gray,,chalk_bricks_light_gray,
1748,Light Blue Chalk Bricks,texture,low,,,,,,,chalk_bricks_light_blue,chalk_bricks_slab_side_light_blue,resolved,,,,,chalk_bricks_light_blue,
1749,Green Chalk Bricks,texture,exact,,,,,chalk_bricks_green,,,,resolved,chalk_bricks_green,chalk_bricks_green,chalk_bricks_green,,chalk_bricks_green,
1750,Gray Chalk Bricks,texture,exact,,,,,chalk_bricks_gray,,,,resolved,chalk_bricks_gray,chalk_bricks_gray,chalk_bricks_gray,,chalk_bricks_gray,
1751,Cyan Chalk Bricks,texture,exact,,,,,chalk_bricks_cyan,,,,resolved,chalk_bricks_cyan,chalk_bricks_cyan,chalk_bricks_cyan,,chalk_bricks_cyan,
1752,Brown Chalk Bricks,texture,exact,,,,,chalk_bricks_brown,,,,resolved,chalk_bricks_brown,chalk_bricks_brown,chalk_bricks_brown,,chalk_bricks_brown,
1753,Blue Chalk Bricks,texture,exact,,,,,chalk_bricks_blue,,,,resolved,chalk_bricks_blue,chalk_bricks_blue,chalk_bricks_blue,,chalk_bricks_blue,
1754,Black Chalk Bricks,texture,exact,,,,,chalk_bricks_black,,,,resolved,chalk_bricks_black,chalk_bricks_black,chalk_bricks_black,,chalk_bricks_black,
1755,Yellow Chalk Slab,texture,low,,,,,,,chalk_bricks_slab_side_yellow,chalk_yellow,resolved,,,,,chalk_yellow,
1761,White Chalk Slab,texture,low,,,,,,,chalk_bricks_slab_side_white,chalk_white,resolved,,,,,chalk_white,
1767,Red Chalk Slab,texture,low,,,,,,,chalk_bricks_slab_side_red,chalk_red,resolved,,,,,chalk_red,
1773,Purple Chalk Slab,texture,low,,,,,,,chalk_bricks_slab_side_purple,chalk_purple,resolved,,,,,chalk_purple,
1779,Pink Chalk Slab,texture,low,,,,,,,chalk_bricks_slab_side_pink,chalk_pink,resolved,,,,,chalk_pink,
1785,Orange Chalk Slab,texture,low,,,,,,,chalk_bricks_slab_side_orange,chalk_orange,resolved,,,,,chalk_orange,
1791,Magenta Chalk Slab,texture,low,,,,,,,chalk_bricks_slab_side_magenta,chalk_magenta,resolved,,,,,chalk_magenta,
1797,Lime Chalk Slab,texture,low,,,,,,,chalk_bricks_slab_side_lime,chalk_lime,resolved,,,,,chalk_lime,
1803,Light Gray Chalk Slab,texture,low,,,,,,,chalk_bricks_slab_side_light_gray,chalk_light_gray,resolved,,,,,chalk_light_gray,
1809,Light Blue Chalk Slab,texture,low,,,,,,,chalk_bricks_slab_side_light_blue,chalk_light_blue,resolved,,,,,chalk_light_blue,
1815,Green Chalk Slab,texture,low,,,,,,,chalk_bricks_slab_side_green,chalk_green,resolved,,,,,chalk_green,
1821,Gray Chalk Slab,texture,low,,,,,,,chalk_bricks_slab_side_gray,chalk_bricks_slab_side_light_gray,resolved,,,,,chalk_gray,
1827,Cyan Chalk Slab,texture,low,,,,,,,chalk_bricks_slab_side_cyan,chalk_cyan,resolved,,,,,chalk_cyan,
1833,Brown Chalk Slab,texture,low,,,,,,,chalk_bricks_slab_side_brown,chalk_brown,resolved,,,,,chalk_brown,
1839,Blue Chalk Slab,texture,low,,,,,,,chalk_bricks_slab_side_blue,chalk_bricks_slab_side_light_blue,resolved,,,,,chalk_blue,
1845,Black Chalk Slab,texture,low,,,,,,,chalk_bricks_slab_side_black,chalk_black,resolved,,,,,chalk_black,
1851,Yellow Chalk Bricks Slab,texture,low,,,,,,,chalk_bricks_slab_side_yellow,chalk_bricks_yellow,resolved,chalk_bricks_yellow,chalk_bricks_slab_side_yellow,chalk_bricks_yellow,,,
1857,White Chalk Bricks Slab,texture,low,,,,,,,chalk_bricks_slab_side_white,chalk_bricks_white,resolved,chalk_bricks_white,chalk_bricks_slab_side_white,chalk_bricks_white,,,
1863,Red Chalk Bricks Slab,texture,low,,,,,,,chalk_bricks_slab_side_red,chalk_bricks_red,resolved,chalk_bricks_red,chalk_bricks_slab_side_red,chalk_bricks_red,,,
1869,Purple Chalk Bricks Slab,texture,low,,,,,,,chalk_bricks_slab_side_purple,chalk_bricks_purple,resolved,chalk_bricks_purple,chalk_bricks_slab_side_purple,chalk_bricks_purple,,,
1875,Pink Chalk Bricks Slab,texture,low,,,,,,,chalk_bricks_slab_side_pink,chalk_bricks_pink,resolved,chalk_bricks_pink,chalk_bricks_slab_side_pink,chalk_bricks_pink,,,
1881,Orange Chalk Bricks Slab,texture,low,,,,,,,chalk_bricks_slab_side_orange,chalk_bricks_orange,resolved,chalk_bricks_orange,chalk_bricks_slab_side_orange,chalk_bricks_orange,,,
1887,Magenta Chalk Bricks Slab,texture,low,,,,,,,chalk_bricks_slab_side_magenta,chalk_bricks_magenta,resolved,chalk_bricks_magenta,chalk_bricks_slab_side_magenta,chalk_bricks_magenta,,,
1893,Lime Chalk Bricks Slab,texture,low,,,,,,,chalk_bricks_slab_side_lime,chalk_bricks_lime,resolved,chalk_bricks_lime,chalk_bricks_slab_side_lime,chalk_bricks_lime,chalk_bricks_slab_side_lime,,
1899,Light Gray Chalk Bricks Slab,texture,low,,,,,,,chalk_bricks_slab_side_light_gray,chalk_bricks_light_gray,resolved,chalk_bricks_light_gray,chalk_bricks_slab_side_light_gray,chalk_bricks_light_gray,chalk_bricks_slab_side_light_gray,,
1905,Light Blue Chalk Bricks Slab,texture,low,,,,,,,chalk_bricks_slab_side_light_blue,chalk_bricks_light_blue,resolved,chalk_bricks_slab_side_light_blue,chalk_bricks_slab_side_light_blue,chalk_bricks_light_blue,,,
1911,Green Chalk Bricks Slab,texture,low,,,,,,,chalk_bricks_slab_side_green,chalk_bricks_green,resolved,chalk_bricks_green,chalk_bricks_slab_side_green,chalk_bricks_green,,,
1917,Gray Chalk Bricks Slab,texture,low,,,,,,,chalk_bricks_slab_side_gray,chalk_bricks_slab_side_light_gray,resolved,chalk_bricks_gray,chalk_bricks_slab_side_gray,chalk_bricks_gray,chalk_bricks_slab_side_gray,,
1923,Cyan Chalk Bricks Slab,texture,low,,,,,,,chalk_bricks_slab_side_cyan,chalk_bricks_cyan,resolved,chalk_bricks_cyan,chalk_bricks_slab_side_cyan,chalk_bricks_cyan,,,
1929,Brown Chalk Bricks Slab,texture,low,,,,,,,chalk_bricks_slab_side_brown,chalk_bricks_brown,resolved,chalk_bricks_brown,chalk_bricks_slab_side_brown,chalk_bricks_brown,,,
1935,Blue Chalk Bricks Slab,texture,low,,,,,,,chalk_bricks_slab_side_blue,chalk_bricks_slab_side_light_blue,resolved,chalk_bricks_blue,chalk_bricks_slab_side_blue,chalk_bricks_blue,,,
1941,Black Chalk Bricks Slab,texture,low,,,,,,,chalk_bricks_slab_side_black,chalk_bricks_black,resolved,chalk_bricks_black,chalk_bricks_slab_side_black,chalk_bricks_black,,,
1947,Leaf Bed,3d_model,high (exact),,,,,,Leaf Bed,,,resolved,,,,,,Leaf Bed
1951,_Leaf Bed Head,texture,low,,,,,,,leaf_bed,black_bed,special,,,,,,
1955,Jungle Grass Block,texture,exact,,,,,jungle_grass_block,,,,resolved,jungle_grass_block,jungle_grass_block_side,dirt,,,
1956,Jungle Grass Slab,texture,low,,,,,,,slab_jungle_grass_top_side,jungle_grass_block,resolved,jungle_grass_block,slab_jungle_grass_top_side,jungle_grass_block,,,
1962,Jungle Tall Grass,3d_model,high (exact),,,,,,Jungle Tall Grass,,,special,,,,,,
1964,Catnip,3d_model,high (exact),,,,,,Catnip,,,special,,,,,,
1965,Mango Log,texture,exact,,,,,log_mango,,,,resolved,log_mango,log_mango,log_mango,,log_mango,
1966,Barkless Mango Log,texture,low,,,,,,,log_mango,stripped_mango_log,resolved,,stripped_mango_log,,,,
1968,Mango Wood Planks,texture,low,,,,,,,planks_mango,mango,resolved,,planks_mango,,,,
1969,Mango Leaves,texture,exact,,,,,leaves_mango,,,,resolved,leaves_mango,leaves_mango,leaves_mango,,leaves_mango,
1970,Mango Door,3d_model,high (exact),,,,,,Mango Door,,,resolved,,,,,,Mango Door
1978,_Mango Door Top,3d_model,high (exact),,,,,,_Mango Door Top,,,resolved,,,,,,_Mango Door Top
1986,Mango Trapdoor,3d_model,high (exact),,,,,,Mango Trapdoor,,,resolved,,,,,,Mango Trapdoor
1994,Mango Sapling,3d_model,high (exact),,,,,,Mango Sapling,,,special,,,,,,
1997,Mango Slab,texture,multi_face,,slab_mango_side,,,,,,,resolved,planks_mango,slab_mango_side,planks_mango,,,
2003,Mango Ladder,3d_model,high (exact),,,,,,Mango Ladder,,,resolved,,,,,,Mango Ladder
2007,Mango Block,texture,multi_face,mango_block_top,mango_block_side,mango_block_bottom,,,,,,resolved,mango_block_top,mango_block_side,mango_block_bottom,,,
2008,Banana Block,texture,multi_face,banana_block_top,banana_block_side,banana_block_bottom,,,,,,resolved,banana_block_top,banana_block_side,banana_block_side,,,
2009,Banana Seeds,3d_model,high (exact),,,,,,Banana Seeds,,,special,,,,,,
2011,Attached Banana Stem,texture,exact,,,,,attached_banana_stem,,,,special,,,,,,
2015,Dangling Rope,3d_model,high (exact),,,,,,Dangling Rope,,,resolved,,,,,,Dangling Rope
2016,Dangling Vine,3d_model,high (exact),,,,,,Dangling Vine,,,resolved,,,,,,Dangling Vine
2017,Gorilla Spawner Block,3d_model,high (exact),,,,,,Gorilla Spawner Block,,,special,,,,,,
2018,Wildcat Spawner Block,3d_model,high (exact),,,,,,Wildcat Spawner Block,,,special,,,,,,
2019,Fruity Maple Leaves,texture,low,,,,,,,leaves_maple_fruity,leaves_maple,resolved,,,leaves_maple_fruity,,leaves_maple_fruity,
2020,Pine Cone Leaves,texture,exact,,,,,leaves_pine_cone,,,,resolved,leaves_pine_cone,leaves_pine_cone,leaves_pine_cone,,leaves_pine_cone,
2021,Fruity Plum Leaves,texture,low,,,,,,,leaves_plum_fruity,leaves_plum,resolved,,,,,leaves_plum_fruity,
2022,Fruity Palm Leaves,texture,low,,,,,,,leaves_palm_fruity,leaves_palm,resolved,,,,,leaves_palm_fruity,
2023,Fruity Pear Leaves,texture,low,,,,,,,leaves_pear_fruity,leaves_pear,resolved,,,,,leaves_pear_fruity,
2024,Fruity Cherry Leaves,texture,low,,,,,,,leaves_cherry_fruity,leaves_cherry,resolved,,,,,leaves_cherry_fruity,
2025,Fruity Mango Leaves,texture,low,,,,,,,leaves_mango_fruity,leaves_mango,resolved,,,,,leaves_mango_fruity,
2026,Draugr Huntress Spawner Block,3d_model,high (exact),,,,,,Draugr Huntress Spawner Block,,,special,,,,,,
2027,Magma Golem Spawner Block,3d_model,high (exact),,,,,,Magma Golem Spawner Block,,,special,,,,,,
2028,Black Portal,texture,low,,,,,,,banner_black,black_balloon,resolved,,,,,black_portal0,
2029,Blue Portal,texture,low,,,,,,,banner_blue,blue_balloon,resolved,,,,,blue_portal0,
2030,Brown Portal,texture,low,,,,,,,banner_brown,brown_balloon,resolved,,,,,brown_portal0,
2031,Cyan Portal,texture,low,,,,,,,banner_cyan,chalk_cyan,resolved,,,,,cyan_portal0,
2032,Gray Portal,texture,low,,,,,,,banner_gray,chalk_gray,resolved,,,,,gray_portal0,
2033,Green Portal,texture,low,,,,,,,banner_green,chalk_green,resolved,,,,,green_portal0,
2034,Grey Portal,texture,low,,,,,,,grey_portal0,grey_portal1,resolved,,,,,gray_portal0,
2035,Light Blue Portal,texture,low,,,,,,,banner_light_blue,chalk_light_blue,resolved,,,,,lightblue_portal0,
2036,Light Gray Portal,texture,low,,,,,,,banner_light_gray,chalk_light_gray,resolved,,,,,lightgray_portal0,
2037,Lime Portal,texture,low,,,,,,,banner_lime,chalk_lime,resolved,,,,,lime_portal0,
2038,Magenta Portal,texture,low,,,,,,,banner_magenta,chalk_magenta,resolved,,,,,magenta_portal0,
2039,Orange Portal,texture,low,,,,,,,banner_orange,chalk_orange,resolved,,,,,orange_portal0,
2040,Pink Portal,texture,low,,,,,,,banner_pink,chalk_pink,resolved,,,,,pink_portal0,
2041,Purple Portal,texture,low,,,,,,,banner_purple,chalk_purple,resolved,,,,,purple_portal0,
2042,Red Portal,texture,low,,,,,,,banner_red,chalk_red,resolved,,,,,red_portal0,
2043,White Portal,texture,low,,,,,,,banner_white,chalk_white,resolved,,,,,white_portal0,
2044,Yellow Portal,texture,low,,,,,,,banner_yellow,chalk_yellow,resolved,,,,,yellow_portal0,
2045,Leather Block,texture,multi_face,leather_block_top,leather_block_side,,,,,,,resolved,leather_block_top,leather_block_side,leather_block_top,,,
2046,Horse Spawner Block,texture,multi_face,,,,,,,,,pending,,,,,,
2047,Tomato Plant,texture,low,,,,,,,tomato_plant_stage0,tomato_plant_stage1,special,,,,,,
2048,Tomato Plant_stage1,texture,exact,,,,,tomato_plant_stage1,,,,special,,,,,,
2051,Carrot Plant,texture,low,,,,,,,carrot_plant_stage0,carrot_plant_stage1,special,,,,,,
2052,Carrot Plant_stage1,texture,exact,,,,,carrot_plant_stage1,,,,special,,,,,,
2054,Potato Plant,texture,low,,,,,,,potato_plant_stage0,potato_plant_stage1,special,,,,,,
2055,Potato Plant_stage1,texture,exact,,,,,potato_plant_stage1,,,,special,,,,,,
2057,Strawberry Bush,texture,low,,,,,,,strawberry_bush_stage0,strawberry_bush_stage1,special,,,,,,
2058,Strawberry Bush_stage1,texture,exact,,,,,strawberry_bush_stage1,,,,special,,,,,,
2059,Strawberry Bush_stage2,texture,exact,,,,,strawberry_bush_stage2,,,,special,,,,,,
2060,Sugar Cane Plant,texture,low,,,,,,,sugar_cane_plant_stage0,sugar_cane_plant_stage1,special,,,,,,
2061,Sugar Cane Plant_stage1,texture,exact,,,,,sugar_cane_plant_stage1,,,,special,,,,,,
2064,Lettuce Plant,texture,low,,,,,,,lettuce_plant_stage0,lettuce_plant_stage1,special,,,,,,
2065,Lettuce Plant_stage1,texture,exact,,,,,lettuce_plant_stage1,,,,special,,,,,,
2067,Coffee Plant,texture,low,,,,,,,coffee_plant_stage0,coffee_plant_stage1,special,,,,,,
2068,Coffee Plant_stage1,texture,exact,,,,,coffee_plant_stage1,,,,special,,,,,,
2070,Cauliflower Plant,texture,low,,,,,,,cauliflower_plant_stage0,cauliflower_plant_stage1,special,,,,,,
2071,Cauliflower Plant_stage1,texture,exact,,,,,cauliflower_plant_stage1,,,,special,,,,,,
2073,Parsnip Plant,texture,low,,,,,,,parsnip_plant_stage0,parsnip_plant_stage1,special,,,,,,
2074,Parsnip Plant_stage1,texture,exact,,,,,parsnip_plant_stage1,,,,special,,,,,,
2076,Blueberry Bush,texture,low,,,,,,,blueberry_bush_stage0,blueberry_bush_stage1,special,,,,,,
2077,Blueberry Bush_stage1,texture,exact,,,,,blueberry_bush_stage1,,,,special,,,,,,
2078,Blueberry Bush_stage2,texture,exact,,,,,blueberry_bush_stage2,,,,special,,,,,,
2079,Red Cabbage Plant,texture,low,,,,,,,red_cabbage,red_cabbage_stage0,special,,,,,,
2080,Red Cabbage Plant_stage1,texture,low,,,,,,,red_cabbage_stage1,red_cabbage,special,,,,,,
2082,Beetroot Plant,texture,low,,,,,,,beetroot_plant_stage0,beetroot_plant_stage1,special,,,,,,
2083,Beetroot Plant_stage1,texture,exact,,,,,beetroot_plant_stage1,,,,special,,,,,,
2085,Autumn Aspen Leaves,texture,low,,,,,,,leaves_aspen_autumn,leaves_aspen,special,,,,,,
2087,Autumn Fern,3d_model,high (exact),,,,,,Autumn Fern,,,special,,,,,,
2088,Iron Chest,texture,multi_face,,iron_chest_side,iron_chest_bottom,iron_chest_front,,,,,resolved,iron_chest_top_2,iron_chest_side,iron_chest_bottom,iron_chest_front,,
2092,Crate,texture,exact,,,,,crate,,,,resolved,crate,crate,crate,,crate,
2093,Carrot Block,texture,multi_face,carrot_block_top,carrot_block_side,carrot_block_bottom,,,,,,resolved,carrot_block_top,carrot_block_side,carrot_block_bottom,,,
2094,Carrot Seeds,3d_model,high (exact),,,,,,Carrot Seeds,,,special,,,,,,
2095,Potato Block,texture,exact,,,,,potato_block,,,,resolved,potato_block,potato_block,potato_block,,,
2096,Potato Seeds,3d_model,high (exact),,,,,,Potato Seeds,,,special,,,,,,
2097,Beetroot Block,texture,multi_face,beetroot_block_top,beetroot_block_side,beetroot_block_bottom,,,,,,resolved,beetroot_block_top,beetroot_block_side,beetroot_block_bottom,,,
2098,Beetroot Seeds,3d_model,high (exact),,,,,,Beetroot Seeds,,,special,,,,,,
2099,White Banner,3d_model,high (exact),,,,,,White Banner,,,resolved,,,,,,White Banner
2103,_White Banner Flag,3d_model,high (exact),,,,,,_White Banner Flag,,,resolved,,,,,,_White Banner Flag
2123,Orange Banner,3d_model,high (exact),,,,,,Orange Banner,,,resolved,,,,,,Orange Banner
2127,_Orange Banner Flag,3d_model,high (exact),,,,,,_Orange Banner Flag,,,resolved,,,,,,_Orange Banner Flag
2147,Magenta Banner,3d_model,high (exact),,,,,,Magenta Banner,,,resolved,,,,,,Magenta Banner
2151,_Magenta Banner Flag,3d_model,high (exact),,,,,,_Magenta Banner Flag,,,resolved,,,,,,_Magenta Banner Flag
2171,Light Blue Banner,3d_model,high (exact),,,,,,Light Blue Banner,,,resolved,,,,,,Light Blue Banner
2175,_Light Blue Banner Flag,3d_model,high (exact),,,,,,_Light Blue Banner Flag,,,resolved,,,,,,_Light Blue Banner Flag
2195,Yellow Banner,3d_model,high (exact),,,,,,Yellow Banner,,,resolved,,,,,,Yellow Banner
2199,_Yellow Banner Flag,3d_model,high (exact),,,,,,_Yellow Banner Flag,,,resolved,,,,,,_Yellow Banner Flag
2219,Lime Banner,3d_model,high (exact),,,,,,Lime Banner,,,resolved,,,,,,Lime Banner
2223,_Lime Banner Flag,3d_model,high (exact),,,,,,_Lime Banner Flag,,,resolved,,,,,,_Lime Banner Flag
2243,Pink Banner,3d_model,high (exact),,,,,,Pink Banner,,,resolved,,,,,,Pink Banner
2247,_Pink Banner Flag,3d_model,high (exact),,,,,,_Pink Banner Flag,,,resolved,,,,,,_Pink Banner Flag
2267,Gray Banner,3d_model,high (exact),,,,,,Gray Banner,,,resolved,,,,,,Gray Banner
2271,_Gray Banner Flag,3d_model,high (exact),,,,,,_Gray Banner Flag,,,resolved,,,,,,_Gray Banner Flag
2291,Light Gray Banner,3d_model,high (exact),,,,,,Light Gray Banner,,,resolved,,,,,,Light Gray Banner
2295,_Light Gray Banner Flag,3d_model,high (exact),,,,,,_Light Gray Banner Flag,,,resolved,,,,,,_Light Gray Banner Flag
2315,Cyan Banner,3d_model,high (exact),,,,,,Cyan Banner,,,resolved,,,,,,Cyan Banner
2319,_Cyan Banner Flag,3d_model,high (exact),,,,,,_Cyan Banner Flag,,,resolved,,,,,,_Cyan Banner Flag
2339,Purple Banner,3d_model,high (exact),,,,,,Purple Banner,,,resolved,,,,,,Purple Banner
2343,_Purple Banner Flag,3d_model,high (exact),,,,,,_Purple Banner Flag,,,resolved,,,,,,_Purple Banner Flag
2363,Blue Banner,3d_model,high (exact),,,,,,Blue Banner,,,resolved,,,,,,Blue Banner
2367,_Blue Banner Flag,3d_model,high (exact),,,,,,_Blue Banner Flag,,,resolved,,,,,,_Blue Banner Flag
2387,Brown Banner,3d_model,high (exact),,,,,,Brown Banner,,,resolved,,,,,,Brown Banner
2391,_Brown Banner Flag,3d_model,high (exact),,,,,,_Brown Banner Flag,,,resolved,,,,,,_Brown Banner Flag
2411,Green Banner,3d_model,high (exact),,,,,,Green Banner,,,resolved,,,,,,Green Banner
2415,_Green Banner Flag,3d_model,high (exact),,,,,,_Green Banner Flag,,,resolved,,,,,,_Green Banner Flag
2435,Red Banner,3d_model,high (exact),,,,,,Red Banner,,,resolved,,,,,,Red Banner
2439,_Red Banner Flag,3d_model,high (exact),,,,,,_Red Banner Flag,,,resolved,,,,,,_Red Banner Flag
2459,Black Banner,3d_model,high (exact),,,,,,Black Banner,,,resolved,,,,,,Black Banner
2463,_Black Banner Flag,3d_model,high (exact),,,,,,_Black Banner Flag,,,resolved,,,,,,_Black Banner Flag
2483,Draugr Banner,3d_model,high (exact),,,,,,Draugr Banner,,,resolved,,,,,,Draugr Banner
2487,_Draugr Banner Flag,3d_model,high (exact),,,,,,_Draugr Banner Flag,,,resolved,,,,,,_Draugr Banner Flag
2507,Spirit Golem Spawner Block,3d_model,high (exact),,,,,,Spirit Golem Spawner Block,,,resolved,,,,,,Spirit Golem Spawner Block
2508,Spirit Wolf Spawner Block,3d_model,high (exact),,,,,,Spirit Wolf Spawner Block,,,special,,,,,,
2509,Spirit Bear Spawner Block,3d_model,high (exact),,,,,,Spirit Bear Spawner Block,,,special,,,,,,
2510,Spirit Stag Spawner Block,3d_model,high (exact),,,,,,Spirit Stag Spawner Block,,,special,,,,,,
2511,Spirit Gorilla Spawner Block,3d_model,high (exact),,,,,,Spirit Gorilla Spawner Block,,,special,,,,,,
2512,Fertilised Soil,texture,exact,,,,,fertilised_soil,,,,resolved,fertilised_soil,fertilised_soil,fertilised_soil,,fertilised_soil,
2513,_Grant Wool Top Left,texture,low,,,,,,,cactus_top,chest_top,special,,,,,,
2517,_Grant Wool Top Right,texture,low,,,,,,,cactus_top,chest_top,special,,,,,,
2521,Grant Wool,texture,low,,,,,,,Rainbow Wool,wool_colored_black,special,,,,,,
2525,_Grant Wool Bottom Right,texture,low,,,,,,,radar_bottom,Rainbow Wool,special,,,,,,
2529,_Stampede Top Left,texture,low,,,,,,,cactus_top,chest_top,special,,,,,,
2533,_Stampede Top Right,texture,low,,,,,,,cactus_top,chest_top,special,,,,,,
2537,Stampede,texture,no_match,,,,,,,,,pending,,,,,,
2541,_Stampede Bottom Right,texture,low,,,,,,,radar_bottom,apple_block_bottom,special,,,,,,
2545,_Unforgotten Pig Top Left,texture,low,,,,,,,cactus_top,chest_top,special,,,,,,
2549,_Unforgotten Pig Top Right,texture,low,,,,,,,cactus_top,chest_top,special,,,,,,
2553,Unforgotten Pig,texture,low,,,,,,,Pig_Atlas,pig_painting,special,,,,,,
2557,_Unforgotten Pig Bottom Right,texture,low,,,,,,,Pig_Atlas,pig_painting,special,,,,,,
2561,_Sunbathed Gallope Top Left,texture,low,,,,,,,cactus_top,chest_top,special,,,,,,
2565,_Sunbathed Gallope Top Right,texture,low,,,,,,,cactus_top,chest_top,special,,,,,,
2569,Sunbathed Gallope,texture,no_match,,,,,,,,,pending,,,,,,
2573,_Sunbathed Gallope Bottom Right,texture,low,,,,,,,radar_bottom,apple_block_bottom,special,,,,,,
2577,_Dreaming Canine Top Left,texture,low,,,,,,,cactus_top,chest_top,special,,,,,,
2581,_Dreaming Canine Top Right,texture,low,,,,,,,cactus_top,chest_top,special,,,,,,
2585,Dreaming Canine,texture,no_match,,,,,,,,,pending,,,,,,
2589,_Dreaming Canine Bottom Right,texture,low,,,,,,,radar_bottom,apple_block_bottom,special,,,,,,
2593,_A Doe Through The Green Top Left,texture,low,,,,,,,explosive_paint_green_top,green_spawn_block_top,special,,,,,,
2597,_A Doe Through The Green Top Right,texture,low,,,,,,,explosive_paint_green_top,green_spawn_block_top,special,,,,,,
2601,A Doe Through The Green,texture,low,,,,,,,banner_green,chalk_green,special,,,,,,
2605,_A Doe Through The Green Bottom Right,texture,low,,,,,,,banner_green,chalk_green,special,,,,,,
2609,_Whiskers Top Left,texture,low,,,,,,,cactus_top,chest_top,special,,,,,,
2613,_Whiskers Top Right,texture,low,,,,,,,cactus_top,chest_top,special,,,,,,
2617,Whiskers,texture,no_match,,,,,,,,,pending,,,,,,
2621,_Whiskers Bottom Right,texture,low,,,,,,,radar_bottom,apple_block_bottom,special,,,,,,
2625,Hollow Crate,texture,low,,,,,,,crate,,special,,,,,,
2626,Draugr Warper Spawner Block,3d_model,high (exact),,,,,,Draugr Warper Spawner Block,,,special,,,,,,
2627,Radar,3d_model,high (exact),,,,,,Radar,,,special,,,,,,
2631,_Radar Back,texture,low,,,,,,,active_radar,chest_back,special,,,,,,
2635,_Radar Dish,texture,low,,,,,,,active_radar,inactive_radar,special,,,,,,
2639,Inactive Radar,3d_model,high (exact),,,,,,Inactive Radar,,,special,,,,,,
2643,_Inactive Radar Back,texture,low,,,,,,,inactive_radar,radar_side_inactive,resolved,radar_bottom,radar_side_inactive,radar_bottom,,,
2647,_Inactive Radar Dish,texture,low,,,,,,,inactive_radar,radar_side_inactive,resolved,radar_bottom,radar_side_inactive,radar_bottom,,,
2651,Active Radar,3d_model,high (exact),,,,,,Active Radar,,,special,,,,,,
2655,_Active Radar Back,texture,low,,,,,,,active_radar,radar_side_active,resolved,radar_bottom,radar_side_active,radar_bottom,,,
2659,_Active Radar Dish,texture,low,,,,,,,active_radar,radar_side_active,resolved,radar_screen0,radar_side_active,radar_bottom,,,
2663,Lucky Block,texture,low,,,,,,,ghost_lucky_block,gun_lucky_block,resolved,yellow_lucky_block,,,,yellow_lucky_block,
2664,Ultra Lucky Block,texture,low,,,,,,,ghost_lucky_block,gun_lucky_block,resolved,,,,,light_blue_lucky_block,
2665,Gold Trophy,3d_model,high (exact),,,,,,Gold Trophy,,,resolved,,,,,,Gold Trophy
2669,Small Magenta Pod,3d_model,high (exact),,,,,,Small Magenta Pod,,,resolved,,,,,,Small Magenta Pod
2670,_Small Magenta Pod Mid,3d_model,high (exact),,,,,,_Small Magenta Pod Mid,,,resolved,,,,,,_Small Magenta Pod Mid
2671,_Small Magenta Pod Top,3d_model,high (exact),,,,,,_Small Magenta Pod Top,,,resolved,,,,,,_Small Magenta Pod Top
2672,Small Light Gray Pod,3d_model,high (exact),,,,,,Small Light Gray Pod,,,resolved,,,,,,Small Light Gray Pod
2673,_Small Light Gray Pod Mid,3d_model,high (exact),,,,,,_Small Light Gray Pod Mid,,,resolved,,,,,,_Small Light Gray Pod Mid
2674,_Small Light Gray Pod Top,3d_model,high (exact),,,,,,_Small Light Gray Pod Top,,,resolved,,,,,,_Small Light Gray Pod Top
2675,Small Red Pod,3d_model,high (exact),,,,,,Small Red Pod,,,resolved,,,,,,Small Red Pod
2676,_Small Red Pod Mid,3d_model,high (exact),,,,,,_Small Red Pod Mid,,,resolved,,,,,,_Small Red Pod Mid
2677,_Small Red Pod Top,3d_model,high (exact),,,,,,_Small Red Pod Top,,,resolved,,,,,,_Small Red Pod Top
2678,INTERNAL_MESH_Gold Trophy,texture,low,,,,,,,gold_trophy,diamond_trophy,special,,,,,,
2679,Frost Wraith Spawner Block,3d_model,high (exact),,,,,,Frost Wraith Spawner Block,,,special,,,,,,
2680,Draugr Reaver Spawner Block,3d_model,high (exact),,,,,,Draugr Reaver Spawner Block,,,special,,,,,,
2681,Small White Pod,3d_model,high (exact),,,,,,Small White Pod,,,resolved,,,,,,Small White Pod
2682,_Small White Pod Mid,3d_model,high (exact),,,,,,_Small White Pod Mid,,,resolved,,,,,,_Small White Pod Mid
2683,_Small White Pod Top,3d_model,high (exact),,,,,,_Small White Pod Top,,,resolved,,,,,,_Small White Pod Top
2684,Small Orange Pod,3d_model,high (exact),,,,,,Small Orange Pod,,,resolved,,,,,,Small Orange Pod
2685,_Small Orange Pod Mid,3d_model,high (exact),,,,,,_Small Orange Pod Mid,,,resolved,,,,,,_Small Orange Pod Mid
2686,_Small Orange Pod Top,3d_model,high (exact),,,,,,_Small Orange Pod Top,,,resolved,,,,,,_Small Orange Pod Top
2687,Small Light Blue Pod,3d_model,high (exact),,,,,,Small Light Blue Pod,,,resolved,,,,,,Small Light Blue Pod
2688,_Small Light Blue Pod Mid,3d_model,high (exact),,,,,,_Small Light Blue Pod Mid,,,resolved,,,,,,_Small Light Blue Pod Mid
2689,_Small Light Blue Pod Top,3d_model,high (exact),,,,,,_Small Light Blue Pod Top,,,resolved,,,,,,_Small Light Blue Pod Top
2690,Small Yellow Pod,3d_model,high (exact),,,,,,Small Yellow Pod,,,resolved,,,,,,Small Yellow Pod
2691,_Small Yellow Pod Mid,3d_model,high (exact),,,,,,_Small Yellow Pod Mid,,,resolved,,,,,,_Small Yellow Pod Mid
2692,_Small Yellow Pod Top,3d_model,high (exact),,,,,,_Small Yellow Pod Top,,,resolved,,,,,,_Small Yellow Pod Top
2693,Small Lime Pod,3d_model,high (exact),,,,,,Small Lime Pod,,,resolved,,,,,,Small Lime Pod
2694,_Small Lime Pod Mid,3d_model,high (exact),,,,,,_Small Lime Pod Mid,,,resolved,,,,,,_Small Lime Pod Mid
2695,_Small Lime Pod Top,3d_model,high (exact),,,,,,_Small Lime Pod Top,,,resolved,,,,,,_Small Lime Pod Top
2696,Small Pink Pod,3d_model,high (exact),,,,,,Small Pink Pod,,,resolved,,,,,,Small Pink Pod
2697,_Small Pink Pod Mid,3d_model,high (exact),,,,,,_Small Pink Pod Mid,,,resolved,,,,,,_Small Pink Pod Mid
2698,_Small Pink Pod Top,3d_model,high (exact),,,,,,_Small Pink Pod Top,,,resolved,,,,,,_Small Pink Pod Top
2699,Small Gray Pod,3d_model,high (exact),,,,,,Small Gray Pod,,,resolved,,,,,,Small Gray Pod
2700,_Small Gray Pod Mid,3d_model,high (exact),,,,,,_Small Gray Pod Mid,,,resolved,,,,,,_Small Gray Pod Mid
2701,_Small Gray Pod Top,3d_model,high (exact),,,,,,_Small Gray Pod Top,,,resolved,,,,,,_Small Gray Pod Top
2702,Small Cyan Pod,3d_model,high (exact),,,,,,Small Cyan Pod,,,resolved,,,,,,Small Cyan Pod
2703,_Small Cyan Pod Mid,3d_model,high (exact),,,,,,_Small Cyan Pod Mid,,,resolved,,,,,,_Small Cyan Pod Mid
2704,_Small Cyan Pod Top,3d_model,high (exact),,,,,,_Small Cyan Pod Top,,,resolved,,,,,,_Small Cyan Pod Top
2705,Small Purple Pod,3d_model,high (exact),,,,,,Small Purple Pod,,,resolved,,,,,,Small Purple Pod
2706,_Small Purple Pod Mid,3d_model,high (exact),,,,,,_Small Purple Pod Mid,,,resolved,,,,,,_Small Purple Pod Mid
2707,_Small Purple Pod Top,3d_model,high (exact),,,,,,_Small Purple Pod Top,,,resolved,,,,,,_Small Purple Pod Top
2708,Small Blue Pod,3d_model,high (exact),,,,,,Small Blue Pod,,,resolved,,,,,,Small Blue Pod
2709,_Small Blue Pod Mid,3d_model,high (exact),,,,,,_Small Blue Pod Mid,,,resolved,,,,,,_Small Blue Pod Mid
2710,_Small Blue Pod Top,3d_model,high (exact),,,,,,_Small Blue Pod Top,,,resolved,,,,,,_Small Blue Pod Top
2711,Small Brown Pod,3d_model,high (exact),,,,,,Small Brown Pod,,,resolved,,,,,,Small Brown Pod
2712,_Small Brown Pod Mid,3d_model,high (exact),,,,,,_Small Brown Pod Mid,,,resolved,,,,,,_Small Brown Pod Mid
2713,_Small Brown Pod Top,3d_model,high (exact),,,,,,_Small Brown Pod Top,,,resolved,,,,,,_Small Brown Pod Top
2714,Small Green Pod,3d_model,high (exact),,,,,,Small Green Pod,,,resolved,,,,,,Small Green Pod
2715,_Small Green Pod Mid,3d_model,high (exact),,,,,,_Small Green Pod Mid,,,resolved,,,,,,_Small Green Pod Mid
2716,_Small Green Pod Top,3d_model,high (exact),,,,,,_Small Green Pod Top,,,resolved,,,,,,_Small Green Pod Top
2717,Small Black Pod,3d_model,high (exact),,,,,,Small Black Pod,,,resolved,,,,,,Small Black Pod
2718,_Small Black Pod Mid,3d_model,high (exact),,,,,,_Small Black Pod Mid,,,resolved,,,,,,_Small Black Pod Mid
2719,_Small Black Pod Top,3d_model,high (exact),,,,,,_Small Black Pod Top,,,resolved,,,,,,_Small Black Pod Top
2720,Skull Banner,3d_model,high (exact),,,,,,Skull Banner,,,resolved,,,,,,Skull Banner
2724,_Skull Banner Flag,3d_model,high (exact),,,,,,_Skull Banner Flag,,,resolved,,,,,,_Skull Banner Flag
2744,Rainbow Banner,3d_model,high (exact),,,,,,Rainbow Banner,,,resolved,,,,,,Rainbow Banner
2748,_Rainbow Banner Flag,3d_model,high (exact),,,,,,_Rainbow Banner Flag,,,resolved,,,,,,_Rainbow Banner Flag
2768,Duo Blocchino Statue,texture,no_match,,,,,,,,,pending,,,,,,
2769,Bebek Bebek Bebek Statue,texture,no_match,,,,,,,,,pending,,,,,,
2770,Bobino Musculino Statue,texture,no_match,,,,,,,,,pending,,,,,,
2771,Bobzilla Statue,texture,no_match,,,,,,,,,pending,,,,,,
2772,Brra Brra Pachim Statue,texture,no_match,,,,,,,,,pending,,,,,,
2773,Capitano Explovissimo Statue,texture,no_match,,,,,,,,,pending,,,,,,
2774,Cappuccino Ninjino Statue,texture,no_match,,,,,,,,,pending,,,,,,
2775,Chimpanzano Bananano Statue,texture,no_match,,,,,,,,,pending,,,,,,
2776,Il Wizardini Del Porko Statue,texture,no_match,,,,,,,,,pending,,,,,,
2777,Lucchia Blocchi Statue,texture,no_match,,,,,,,,,pending,,,,,,
2778,Monsieur Bedwar Statue,texture,no_match,,,,,,,,,pending,,,,,,
2779,Twirlina Cappucina Statue,texture,no_match,,,,,,,,,pending,,,,,,
2780,Weapon Lucky Block,texture,exact,,,,,weapon_lucky_block,,,,resolved,red_lucky_block,weapon_lucky_block,gun_lucky_block,red_lucky_block,,
2781,Boiling Pot,3d_model,high (exact),,,,,,boiling_pot,,,resolved,,,,,,boiling_pot
2782,Chopping Board,3d_model,high (exact),,,,,,chopping_board,,,resolved,,,,,,chopping_board
2783,Frying Pan,3d_model,high (exact),,,,,,frying_pan,,,resolved,,,,,,frying_pan
2784,Hob Boiling,3d_model,high (exact),,,,,,hob_boiling,,,resolved,,,,,,hob_boiling
2785,Hob Frying,3d_model,high (exact),,,,,,hob_frying,,,resolved,,,,,,hob_frying
2786,Kitchen Worktop,3d_model,high (exact),,,,,,kitchen_worktop,,,resolved,,,,,,kitchen_worktop
2787,Slicing Board,3d_model,high (exact),,,,,,slicing_board,,,resolved,,,,,,slicing_board
2788,Wood Trophy,3d_model,high (exact),,,,,,Wood Trophy,,,resolved,,,,,,Wood Trophy
2792,INTERNAL_MESH_Wood Trophy,texture,low,,,,,,,wood_trophy,diamond_trophy,special,,,,,,
2793,Stone Trophy,3d_model,high (exact),,,,,,Stone Trophy,,,resolved,,,,,,Stone Trophy
2797,INTERNAL_MESH_Stone Trophy,texture,low,,,,,,,stone_trophy,stone,special,,,,,,
2798,Iron Trophy,3d_model,high (exact),,,,,,Iron Trophy,,,resolved,,,,,,Iron Trophy
2802,INTERNAL_MESH_Iron Trophy,texture,low,,,,,,,iron_trophy,diamond_trophy,special,,,,,,
2803,Diamond Trophy,3d_model,high (exact),,,,,,Diamond Trophy,,,resolved,,,,,,Diamond Trophy
2807,INTERNAL_MESH_Diamond Trophy,texture,low,,,,,,,diamond_trophy,diamond,special,,,,,,
2808,Moonstone Trophy,3d_model,high (exact),,,,,,Moonstone Trophy,,,resolved,,,,,,Moonstone Trophy
2812,INTERNAL_MESH_Moonstone Trophy,texture,low,,,,,,,moonstone_trophy,moonstone,special,,,,,,
2813,Black Wave,3d_model,high (exact),,,,,,wave_black,,,resolved,,,,,,wave_black
2814,Blue Wave,3d_model,high (exact),,,,,,wave_blue,,,resolved,,,,,,wave_blue
2815,Brown Wave,3d_model,high (exact),,,,,,wave_brown,,,resolved,,,,,,wave_brown
2816,Cyan Wave,3d_model,high (exact),,,,,,wave_cyan,,,resolved,,,,,,wave_cyan
2817,Green Wave,3d_model,high (exact),,,,,,wave_green,,,resolved,,,,,,wave_green
2818,Grey Wave,3d_model,high (exact),,,,,,wave_grey,,,resolved,,,,,,wave_grey
2819,Light Blue Wave,3d_model,high (exact),,,,,,wave_light_blue,,,resolved,,,,,,wave_light_blue
2820,Light Grey Wave,3d_model,high (exact),,,,,,wave_light_grey,,,resolved,,,,,,wave_light_grey
2821,Lime Wave,3d_model,high (exact),,,,,,wave_lime,,,resolved,,,,,,wave_lime
2822,Magenta Wave,3d_model,high (exact),,,,,,wave_magenta,,,resolved,,,,,,wave_magenta
2823,Orange Wave,3d_model,high (exact),,,,,,wave_orange,,,resolved,,,,,,wave_orange
2824,Pink Wave,3d_model,high (exact),,,,,,wave_pink,,,resolved,,,,,,wave_pink
2825,Purple Wave,3d_model,high (exact),,,,,,wave_purple,,,resolved,,,,,,wave_purple
2826,Red Wave,3d_model,high (exact),,,,,,wave_red,,,resolved,,,,,,wave_red
2827,White Wave,3d_model,high (exact),,,,,,wave_white,,,resolved,,,,,,wave_white
2828,Yellow Wave,3d_model,high (exact),,,,,,wave_yellow,,,resolved,,,,,,wave_yellow
2829,White Directional Arrow,3d_model,high (exact),,,,,,White Directional Arrow,,,resolved,,,,,,White Directional Arrow
2833,Orange Directional Arrow,3d_model,high (exact),,,,,,Orange Directional Arrow,,,resolved,,,,,,Orange Directional Arrow
2837,Magenta Directional Arrow,3d_model,high (exact),,,,,,Magenta Directional Arrow,,,resolved,,,,,,Magenta Directional Arrow
2841,Light Blue Directional Arrow,3d_model,high (exact),,,,,,Light Blue Directional Arrow,,,resolved,,,,,,Light Blue Directional Arrow
2845,Yellow Directional Arrow,3d_model,high (exact),,,,,,Yellow Directional Arrow,,,resolved,,,,,,Yellow Directional Arrow
2849,Lime Directional Arrow,3d_model,high (exact),,,,,,Lime Directional Arrow,,,resolved,,,,,,Lime Directional Arrow
2853,Pink Directional Arrow,3d_model,high (exact),,,,,,Pink Directional Arrow,,,resolved,,,,,,Pink Directional Arrow
2857,Grey Directional Arrow,3d_model,high (exact),,,,,,Grey Directional Arrow,,,resolved,,,,,,Grey Directional Arrow
2861,Light Grey Directional Arrow,3d_model,high (exact),,,,,,Light Grey Directional Arrow,,,resolved,,,,,,Light Grey Directional Arrow
2865,Cyan Directional Arrow,3d_model,high (exact),,,,,,Cyan Directional Arrow,,,resolved,,,,,,Cyan Directional Arrow
2869,Purple Directional Arrow,3d_model,high (exact),,,,,,Purple Directional Arrow,,,resolved,,,,,,Purple Directional Arrow
2873,Blue Directional Arrow,3d_model,high (exact),,,,,,Blue Directional Arrow,,,resolved,,,,,,Blue Directional Arrow
2877,Brown Directional Arrow,3d_model,high (exact),,,,,,Brown Directional Arrow,,,resolved,,,,,,Brown Directional Arrow
2881,Green Directional Arrow,3d_model,high (exact),,,,,,Green Directional Arrow,,,resolved,,,,,,Green Directional Arrow
2885,Red Directional Arrow,3d_model,high (exact),,,,,,Red Directional Arrow,,,resolved,,,,,,Red Directional Arrow
2889,Black Directional Arrow,3d_model,high (exact),,,,,,Black Directional Arrow,,,resolved,,,,,,Black Directional Arrow
2893,Bin,3d_model,high (exact),,,,,,bin,,,resolved,,,,,,bin
2894,Vending Machine,3d_model,high (exact),,,,,,Vending Machine,,,resolved,,,,,,Vending Machine
2898,_Vending Machine Top,3d_model,high (exact),,,,,,vending_machine_top,,,resolved,,,,,,vending_machine_top
2902,Job Application Statue,texture,low,,,,,,,job_application,,special,,,,,,
2903,John Beef Statue,texture,low,,,,,,,john_beef,beef_stew,special,,,,,,
2904,67 Statue,texture,low,,,,,,,67,67_projectile_base,special,,,,,,
2905,Coloured Wheel,texture,low,,,,,,,wheel,vine_coloured,special,,,,,,
2906,UFO,3d_model,high (exact),,,,,,ufo,,,resolved,,,,,,ufo
2907,Torch,3d_model,high (exact),,,,,,Torch,,,resolved,,,,,,Torch
2913,Yellow Torch,3d_model,high (exact),,,,,,torch_yellow,,,resolved,,,,,,torch_yellow
2919,White Torch,3d_model,high (exact),,,,,,torch_white,,,resolved,,,,,,torch_white
2925,Red Torch,3d_model,high (exact),,,,,,Red Torch,,,resolved,,,,,,torch_red
2931,Purple Torch,3d_model,high (exact),,,,,,Purple Torch,,,resolved,,,,,,torch_purple
2937,Pink Torch,3d_model,high (exact),,,,,,Pink Torch,,,resolved,,,,,,torch_pink
2943,Orange Torch,3d_model,high (exact),,,,,,Orange Torch,,,resolved,,,,,,torch_orange
2949,Magenta Torch,3d_model,high (exact),,,,,,Magenta Torch,,,resolved,,,,,,torch_magenta
2955,Lime Torch,3d_model,high (exact),,,,,,Lime Torch,,,resolved,,,,,,torch_lime
2961,Light Gray Torch,3d_model,high (exact),,,,,,Light Gray Torch,,,resolved,,,,,,torch_wall_light_gray
2967,Light Blue Torch,3d_model,high (exact),,,,,,Light Blue Torch,,,resolved,,,,,,torch_cyan
2973,Green Torch,3d_model,high (exact),,,,,,Green Torch,,,resolved,,,,,,torch_green
2979,Gray Torch,3d_model,high (exact),,,,,,Gray Torch,,,resolved,,,,,,torch_gray
2985,Cyan Torch,3d_model,high (exact),,,,,,Cyan Torch,,,resolved,,,,,,torch_cyan
2991,Brown Torch,3d_model,high (exact),,,,,,Brown Torch,,,resolved,,,,,,torch_brown
2997,Blue Torch,3d_model,high (exact),,,,,,Blue Torch,,,resolved,,,,,,torch_blue
3003,Black Torch,3d_model,high (exact),,,,,,Black Torch,,,resolved,,,,,,torch_black
3009,Yellow Neon,texture,exact,,,,,neon_yellow,,,,resolved,neon_yellow,neon_yellow,neon_yellow,,neon_yellow,
3010,White Neon,texture,exact,,,,,neon_white,,,,resolved,neon_white,neon_white,neon_white,,neon_white,
3011,Red Neon,texture,exact,,,,,neon_red,,,,resolved,neon_red,neon_red,neon_red,,neon_red,
3012,Purple Neon,texture,exact,,,,,neon_purple,,,,resolved,neon_purple,neon_purple,neon_purple,,neon_purple,
3013,Pink Neon,texture,exact,,,,,neon_pink,,,,resolved,neon_pink,neon_pink,neon_pink,,neon_pink,
3014,Orange Neon,texture,exact,,,,,neon_orange,,,,resolved,neon_orange,neon_orange,neon_orange,,neon_orange,
3015,Magenta Neon,texture,exact,,,,,neon_magenta,,,,resolved,neon_magenta,neon_magenta,neon_magenta,,neon_magenta,
3016,Lime Neon,texture,exact,,,,,neon_lime,,,,resolved,neon_lime,neon_lime,neon_lime,,neon_lime,
3017,Light Gray Neon,texture,exact,,,,,neon_light_gray,,,,resolved,neon_light_gray,neon_light_gray,neon_light_gray,,neon_light_gray,
3018,Light Blue Neon,texture,exact,,,,,neon_light_blue,,,,resolved,neon_light_blue,neon_light_blue,neon_light_blue,,neon_light_blue,
3019,Green Neon,texture,exact,,,,,neon_green,,,,resolved,neon_green,neon_green,neon_green,,neon_green,
3020,Gray Neon,texture,exact,,,,,neon_gray,,,,resolved,neon_gray,neon_gray,neon_gray,,neon_gray,
3021,Cyan Neon,texture,exact,,,,,neon_cyan,,,,resolved,neon_cyan,neon_cyan,neon_cyan,,neon_cyan,
3022,Brown Neon,texture,exact,,,,,neon_brown,,,,resolved,neon_brown,neon_brown,neon_brown,,neon_brown,
3023,Blue Neon,texture,exact,,,,,neon_blue,,,,resolved,neon_blue,neon_blue,neon_blue,,neon_blue,
3024,Black Neon,texture,exact,,,,,neon_black,,,,resolved,neon_black,neon_black,neon_black,,neon_black,
3025,Landing Pad,3d_model,high (exact),,,,,,Landing Pad,,,resolved,,,,,,landing_pad
3026,Weak Jump Pad,3d_model,high (exact),,,,,,jump_pad_weak,,,resolved,,,,,,jump_pad_weak
3027,Jump Pad,3d_model,high (exact),,,,,,Jump Pad,,,resolved,,,,,,jump_pad
3028,Strong Jump Pad,3d_model,high (exact),,,,,,jump_pad_strong,,,resolved,,,,,,jump_pad_strong
3029,Super Jump Pad,3d_model,high (exact),,,,,,jump_pad_super,,,resolved,,,,,,jump_pad_super
3030,Invisible Yellow Light,texture,low,,,,,,,Invisible,banner_yellow,resolved,,,,,,
3031,Invisible White Light,texture,low,,,,,,,Invisible,banner_white,resolved,,,,,,
3032,Invisible Red Light,texture,low,,,,,,,Invisible,banner_red,resolved,,,,,,
3033,Invisible Purple Light,texture,low,,,,,,,Invisible,banner_purple,resolved,,,,,,
3034,Invisible Pink Light,texture,low,,,,,,,Invisible,banner_pink,resolved,,,,,,
3035,Invisible Orange Light,texture,low,,,,,,,Invisible,banner_orange,resolved,,,,,,
3036,Invisible Magenta Light,texture,low,,,,,,,Invisible,banner_magenta,resolved,,,,,,
3037,Invisible Lime Light,texture,low,,,,,,,Invisible,banner_lime,resolved,,,,,,
3038,Invisible Light Gray Light,texture,low,,,,,,,banner_light_gray,chalk_light_gray,resolved,,,,,,
3039,Invisible Light Blue Light,texture,low,,,,,,,banner_light_blue,chalk_light_blue,resolved,,,,,,
3040,Invisible Green Light,texture,low,,,,,,,Invisible,banner_green,resolved,,,,,,
3041,Invisible Gray Light,texture,low,,,,,,,banner_light_gray,chalk_light_gray,resolved,,,,,,
3042,Invisible Cyan Light,texture,low,,,,,,,Invisible,banner_cyan,resolved,,,,,,
3043,Invisible Brown Light,texture,low,,,,,,,Invisible,banner_brown,resolved,,,,,,
3044,Invisible Blue Light,texture,low,,,,,,,banner_light_blue,chalk_light_blue,resolved,,,,,,
3045,Invisible Black Light,texture,low,,,,,,,Invisible,banner_black,resolved,,,,,,
3046,Invisible Sky Light,texture,low,,,,,,,Invisible,invisible_solid,resolved,,,,,,
3049,Gun Lucky Block,texture,exact,,,,,gun_lucky_block,,,,resolved,red_lucky_block,gun_lucky_block,red_lucky_block,red_lucky_block,,
3050,Ghost Chest,texture,multi_face,,ghost_chest_side,,ghost_chest_front,,,,,resolved,ghost_chest_top_2,ghost_chest_side,ghost_chest_top_1,ghost_chest_front,,
3051,Ghost Lucky Block,texture,exact,,,,,ghost_lucky_block,,,,resolved,ghost_lucky_block,ghost_lucky_block,ghost_lucky_block,,ghost_lucky_block,
3052,Ghost Mystery Block,texture,exact,,,,,ghost_mystery_block,,,,resolved,ghost_mystery_block,ghost_mystery_block,ghost_mystery_block,,ghost_mystery_block,
3053,Football,3d_model,high (exact),,,,,,football,,,resolved,,,,,,football
3054,Pet Lucky Block,texture,exact,,,,,pet_lucky_block,,,,resolved,lucky_block_pink_question,pet_lucky_block,pet_lucky_block,lucky_block_pink_question,,
3055,Glowing Mushroom,3d_model,high (exact),,,,,,glowing_mushroom,,,resolved,,,,,,glowing_mushroom
3061,Crystal,3d_model,high (exact),,,,,,crystal,,,resolved,,,,,,crystal
3067,Slime Trail,3d_model,high (exact),,,,,,Slime Trail,,,resolved,,,,,,slime_trail
3071,Overgrown Grass Block,texture,low,,,,,,,grass_block_side,jungle_grass_block,resolved,jungle_grass_block,,,,grass_top,
3072,Overgrown Pine Grass Block,texture,low,,,,,,,pine_grass_block,pine_grass_block_side,resolved,,,,,pine_grass_block,
3073,Overgrown Jungle Grass Block,texture,low,,,,,,,jungle_grass_block,jungle_grass_block_side,resolved,,,,,jungle_grass_block,
3074,Smoke Block,texture,low,,,,,,,Block-19,checkpoint_block,special,,,,,,
3075,Pipe,texture,no_match,,,,,,,,,pending,,,,,,
3097,Auto Miner,texture,no_match,,,,,,,,,pending,,,,,,
3101,_Auto Miner Drill Front,texture,low,,,,,,,chest_front,furnace_front,special,,,,,,
3105,_Auto Miner Drill Back,texture,low,,,,,,,chest_back,bread_block_back,special,,,,,,
3109,_Auto Miner Foot Front,texture,low,,,,,,,chest_front,furnace_front,special,,,,,,
3113,_Auto Miner Body,texture,no_match,,,,,,,,,pending,,,,,,
3117,Auto Crafter,texture,no_match,,,,,,,,,pending,,,,,,
3118,Rocket Ship,texture,low,,,,,,,rocket,rocket_block,special,,,,,,
3119,_Rocket Ship Southwest L2,texture,low,,,,,,,rocket,rocket_block,special,,,,,,
3120,_Rocket Ship Southwest L3,texture,low,,,,,,,rocket,rocket_block,special,,,,,,
3121,_Rocket Ship Southwest L4,texture,low,,,,,,,rocket,rocket_block,special,,,,,,
3122,_Rocket Ship Southwest L5,texture,low,,,,,,,rocket,rocket_block,special,,,,,,
3123,_Rocket Ship Southeast L1,texture,low,,,,,,,rocket,rocket_block,special,,,,,,
3124,_Rocket Ship Southeast L2,texture,low,,,,,,,rocket,rocket_block,special,,,,,,
3125,_Rocket Ship Southeast L3,texture,low,,,,,,,rocket,rocket_block,special,,,,,,
3126,_Rocket Ship Southeast L4,texture,low,,,,,,,rocket,rocket_block,special,,,,,,
3127,_Rocket Ship Southeast L5,texture,low,,,,,,,rocket,rocket_block,special,,,,,,
3128,_Rocket Ship Northwest L1,texture,low,,,,,,,rocket,rocket_block,special,,,,,,
3129,_Rocket Ship Northwest L2,texture,low,,,,,,,rocket,rocket_block,special,,,,,,
3130,_Rocket Ship Northwest L3,texture,low,,,,,,,rocket,rocket_block,special,,,,,,
3131,_Rocket Ship Northwest L4,texture,low,,,,,,,rocket,rocket_block,special,,,,,,
3132,_Rocket Ship Northwest L5,texture,low,,,,,,,rocket,rocket_block,special,,,,,,
3133,_Rocket Ship Northeast L1,texture,low,,,,,,,rocket,rocket_block,special,,,,,,
3134,_Rocket Ship Northeast L2,texture,low,,,,,,,rocket,rocket_block,special,,,,,,
3135,_Rocket Ship Northeast L3,texture,low,,,,,,,rocket,rocket_block,special,,,,,,
3136,_Rocket Ship Northeast L4,texture,low,,,,,,,rocket,rocket_block,special,,,,,,
3137,_Rocket Ship Northeast L5,texture,low,,,,,,,rocket,rocket_block,special,,,,,,
3138,Rocket Ship S2,texture,low,,,,,,,rocket,rocket_block,special,,,,,,
3139,Rocket Ship S3,texture,low,,,,,,,rocket,rocket_block,special,,,,,,
3140,Rocket Ship S4,texture,low,,,,,,,rocket,rocket_block,special,,,,,,
3141,Rocket Ship S5,texture,low,,,,,,,rocket,rocket_block,special,,,,,,
3142,INTERNAL_MESH_Rocket Ship Full,texture,low,,,,,,,rocket,board_full,special,,,,,,
3143,Extractor Pipe,texture,no_match,,,,,,,,,pending,,,,,,
3165,Splitter Pipe,texture,no_match,,,,,,,,,pending,,,,,,
3166,Solar Panel,texture,no_match,,,,,,,,,pending,,,,,,
3170,_Solar Panel SE,texture,no_match,,,,,,,,,pending,,,,,,
3174,_Solar Panel NW,texture,no_match,,,,,,,,,pending,,,,,,
3178,_Solar Panel NE,texture,no_match,,,,,,,,,pending,,,,,,
3182,Wire,texture,no_match,,,,,,,,,pending,,,,,,
3204,Filter Pipe,texture,no_match,,,,,,,,,pending,,,,,,
3210,Merger Pipe,texture,no_match,,,,,,,,,pending,,,,,,
3216,Auto Harvester,texture,no_match,,,,,,,,,pending,,,,,,
3217,Stalker Spawner Block,texture,low,,,,,,,bear_spawner_block_icon,cow_spawner_block_icon,special,,,,,,
3218,Lunite Ore,texture,low,,,,,,,coal_ore,diamond_ore,special,,,,,,
3219,Block of Lunite,texture,low,,,,,,,Block-19,checkpoint_block,special,,,,,,
3220,Lunite Auto Miner,texture,no_match,,,,,,,,,pending,,,,,,
3224,_Lunite Auto Miner Drill Front,texture,low,,,,,,,chest_front,furnace_front,special,,,,,,
3228,_Lunite Auto Miner Drill Back,texture,low,,,,,,,chest_back,bread_block_back,special,,,,,,
3232,_Lunite Auto Miner Foot Front,texture,low,,,,,,,chest_front,furnace_front,special,,,,,,
3236,_Lunite Auto Miner Body,texture,no_match,,,,,,,,,pending,,,,,,
3240,Lunite Auto Crafter,texture,no_match,,,,,,,,,pending,,,,,,
3241,Lunite Auto Harvester,texture,no_match,,,,,,,,,pending,,,,,,
3242,Bowling Alley Floor,texture,low,,,,,,,floor_creator,,special,,,,,,
3243,Crone Spawner Block,texture,low,,,,,,,bear_spawner_block_icon,cow_spawner_block_icon,special,,,,,,
3244,Slime Spawner Block,texture,low,,,,,,,bear_spawner_block_icon,cow_spawner_block_icon,special,,,,,,
3249,Iron Guardian Spawner Block,texture,low,,,,,,,iron_block,bear_spawner_block_icon,special,,,,,,
3250,Gold Guardian Spawner Block,texture,low,,,,,,,gold_watermelon_stag_spawner_block_icon,gold_block,special,,,,,,
3251,Diamond Guardian Spawner Block,texture,low,,,,,,,diamond_block,bear_spawner_block_icon,special,,,,,,
3252,Moonstone Guardian Spawner Block,texture,low,,,,,,,moonstone_block,bear_spawner_block_icon,resolved,,,,,,
3253,Wood Pickaxe,3d_model,high (exact),,,,,,Wood Pickaxe,,,resolved,,,,,,Wood Pickaxe
3254,Stone Pickaxe,3d_model,high (exact),,,,,,Stone Pickaxe,,,resolved,,,,,,Stone Pickaxe
3255,Iron Pickaxe,3d_model,high (exact),,,,,,Iron Pickaxe,,,resolved,,,,,,Iron Pickaxe
3256,Gold Pickaxe,3d_model,high (exact),,,,,,Gold Pickaxe,,,resolved,,,,,,Gold Pickaxe
3257,Diamond Pickaxe,3d_model,high (exact),,,,,,Diamond Pickaxe,,,resolved,,,,,,Diamond Pickaxe
3258,Moonstone Pickaxe,3d_model,high (exact),,,,,,Moonstone Pickaxe,,,resolved,,,,,,Moonstone Pickaxe
3259,Golem Pickaxe,3d_model,high (exact),,,,,,Golem Pickaxe,,,resolved,,,,,,Golem Pickaxe
3260,Wood Axe,3d_model,high (exact),,,,,,Wood Axe,,,resolved,,,,,,Wood Axe
3261,Stone Axe,3d_model,high (exact),,,,,,Stone Axe,,,resolved,,,,,,Stone Axe
3262,Iron Axe,3d_model,high (exact),,,,,,Iron Axe,,,resolved,,,,,,Iron Axe
3263,Gold Axe,3d_model,high (exact),,,,,,Gold Axe,,,resolved,,,,,,Gold Axe
3264,Diamond Axe,3d_model,high (exact),,,,,,Diamond Axe,,,resolved,,,,,,Diamond Axe
3265,Moonstone Axe,3d_model,high (exact),,,,,,Moonstone Axe,,,resolved,,,,,,Moonstone Axe
3266,Artisan Axe,3d_model,high (exact),,,,,,Artisan Axe,,,resolved,,,,,,Artisan Axe
3267,Wood Spade,3d_model,high (exact),,,,,,Wood Spade,,,resolved,,,,,,Wood Spade
3268,Stone Spade,3d_model,high (exact),,,,,,Stone Spade,,,resolved,,,,,,Stone Spade
3269,Iron Spade,3d_model,high (exact),,,,,,Iron Spade,,,resolved,,,,,,Iron Spade
3270,Gold Spade,3d_model,high (exact),,,,,,Gold Spade,,,resolved,,,,,,Gold Spade
3271,Diamond Spade,3d_model,high (exact),,,,,,Diamond Spade,,,resolved,,,,,,Diamond Spade
3272,Wood Sword,3d_model,high (exact),,,,,,Wood Sword,,,resolved,,,,,,Wood Sword
3273,Stone Sword,3d_model,high (exact),,,,,,Stone Sword,,,resolved,,,,,,Stone Sword
3274,Iron Sword,3d_model,high (exact),,,,,,Iron Sword,,,resolved,,,,,,Iron Sword
3275,Gold Sword,3d_model,high (exact),,,,,,Gold Sword,,,resolved,,,,,,Gold Sword
3276,Diamond Sword,3d_model,high (exact),,,,,,Diamond Sword,,,resolved,,,,,,Diamond Sword
3277,Knight Sword,3d_model,high (exact),,,,,,Knight Sword,,,resolved,,,,,,Knight Sword
3278,Wood Hoe,3d_model,high (exact),,,,,,Wood Hoe,,,resolved,,,,,,Wood Hoe
3279,Stone Hoe,3d_model,high (exact),,,,,,Stone Hoe,,,resolved,,,,,,Stone Hoe
3280,Iron Hoe,3d_model,high (exact),,,,,,Iron Hoe,,,resolved,,,,,,Iron Hoe
3281,Gold Hoe,3d_model,high (exact),,,,,,Gold Hoe,,,resolved,,,,,,Gold Hoe
3282,Diamond Hoe,3d_model,high (exact),,,,,,Diamond Hoe,,,resolved,,,,,,Diamond Hoe
3283,Flashlight,texture,no_match,,,,,,,,,pending,,,,,,
3284,Mining Helmet,texture,low,,,,,,,diamond_helmet,golden_helmet,special,,,,,,
3285,Wood Helmet,3d_model,high (exact),,,,,,Wood Helmet,,,special,,,,,,
3286,Iron Helmet,3d_model,high (exact),,,,,,Iron Helmet,,,special,,,,,,
3287,Gold Helmet,3d_model,high (exact),,,,,,Gold Helmet,,,special,,,,,,
3288,Diamond Helmet,3d_model,high (exact),,,,,,Diamond Helmet,,,special,,,,,,
3289,Wood Chestplate,3d_model,high (exact),,,,,,Wood Chestplate,,,special,,,,,,
3290,Iron Chestplate,3d_model,high (exact),,,,,,Iron Chestplate,,,special,,,,,,
3291,Gold Chestplate,3d_model,high (exact),,,,,,Gold Chestplate,,,special,,,,,,
3292,Diamond Chestplate,3d_model,high (exact),,,,,,Diamond Chestplate,,,special,,,,,,
3293,Fur Chestplate,3d_model,high (exact),,,,,,Fur Chestplate,,,special,,,,,,
3294,Wood Leggings,3d_model,high (exact),,,,,,Wood Leggings,,,special,,,,,,
3295,Iron Leggings,3d_model,high (exact),,,,,,Iron Leggings,,,special,,,,,,
3296,Gold Leggings,3d_model,high (exact),,,,,,Gold Leggings,,,special,,,,,,
3297,Diamond Leggings,3d_model,high (exact),,,,,,Diamond Leggings,,,special,,,,,,
3298,Wood Boots,3d_model,high (exact),,,,,,Wood Boots,,,special,,,,,,
3299,Iron Boots,3d_model,high (exact),,,,,,Iron Boots,,,special,,,,,,
3300,Gold Boots,3d_model,high (exact),,,,,,Gold Boots,,,special,,,,,,
3301,Diamond Boots,3d_model,high (exact),,,,,,Diamond Boots,,,special,,,,,,
3302,Spiked Boots,3d_model,high (exact),,,,,,Spiked Boots,,,special,,,,,,
3303,Wood Gauntlets,3d_model,high (exact),,,,,,Wood Gauntlets,,,special,,,,,,
3304,Iron Gauntlets,3d_model,high (exact),,,,,,Iron Gauntlets,,,special,,,,,,
3305,Gold Gauntlets,3d_model,high (exact),,,,,,Gold Gauntlets,,,special,,,,,,
3306,Diamond Gauntlets,3d_model,high (exact),,,,,,Diamond Gauntlets,,,special,,,,,,
3307,Military Helmet,texture,low,,,,,,,diamond_helmet,golden_helmet,special,,,,,,
3308,Military Chestplate,texture,low,,,,,,,diamond_chestplate,fur_chestplate,special,,,,,,
3309,Military Gauntlets,texture,low,,,,,,,diamond_gauntlets,golden_gauntlets,special,,,,,,
3310,Military Leggings,texture,low,,,,,,,diamond_leggings,golden_leggings,special,,,,,,
3311,Military Boots,texture,low,,,,,,,diamond_boots,golden_boots,special,,,,,,
3312,White Wood Helmet,texture,low,,,,,,,wood_helmet,banner_white,special,,,,,,
3313,White Wood Chestplate,texture,low,,,,,,,wood_chestplate,banner_white,special,,,,,,
3314,White Wood Leggings,texture,low,,,,,,,wood_leggings,banner_white,special,,,,,,
3315,White Wood Boots,texture,low,,,,,,,wood_boots,banner_white,special,,,,,,
3316,White Wood Gauntlets,texture,low,,,,,,,wood_gauntlets,banner_white,special,,,,,,
3317,Orange Wood Helmet,texture,low,,,,,,,wood_helmet,banner_orange,special,,,,,,
3318,Orange Wood Chestplate,texture,low,,,,,,,wood_chestplate,banner_orange,special,,,,,,
3319,Orange Wood Leggings,texture,low,,,,,,,wood_leggings,banner_orange,special,,,,,,
3320,Orange Wood Boots,texture,low,,,,,,,wood_boots,banner_orange,special,,,,,,
3321,Orange Wood Gauntlets,texture,low,,,,,,,wood_gauntlets,banner_orange,special,,,,,,
3322,Magenta Wood Helmet,texture,low,,,,,,,wood_helmet,banner_magenta,special,,,,,,
3323,Magenta Wood Chestplate,texture,low,,,,,,,wood_chestplate,banner_magenta,special,,,,,,
3324,Magenta Wood Leggings,texture,low,,,,,,,wood_leggings,banner_magenta,special,,,,,,
3325,Magenta Wood Boots,texture,low,,,,,,,wood_boots,banner_magenta,special,,,,,,
3326,Magenta Wood Gauntlets,texture,low,,,,,,,wood_gauntlets,banner_magenta,special,,,,,,
3327,Light Blue Wood Helmet,texture,low,,,,,,,wood_helmet,banner_light_blue,special,,,,,,
3328,Light Blue Wood Chestplate,texture,low,,,,,,,wood_chestplate,banner_light_blue,special,,,,,,
3329,Light Blue Wood Leggings,texture,low,,,,,,,wood_leggings,banner_light_blue,special,,,,,,
3330,Light Blue Wood Boots,texture,low,,,,,,,wood_boots,banner_light_blue,special,,,,,,
3331,Light Blue Wood Gauntlets,texture,low,,,,,,,wood_gauntlets,banner_light_blue,special,,,,,,
3332,Yellow Wood Helmet,texture,low,,,,,,,wood_helmet,banner_yellow,special,,,,,,
3333,Yellow Wood Chestplate,texture,low,,,,,,,wood_chestplate,banner_yellow,special,,,,,,
3334,Yellow Wood Leggings,texture,low,,,,,,,wood_leggings,banner_yellow,special,,,,,,
3335,Yellow Wood Boots,texture,low,,,,,,,wood_boots,banner_yellow,special,,,,,,
3336,Yellow Wood Gauntlets,texture,low,,,,,,,wood_gauntlets,banner_yellow,special,,,,,,
3337,Lime Wood Helmet,texture,low,,,,,,,wood_helmet,banner_lime,special,,,,,,
3338,Lime Wood Chestplate,texture,low,,,,,,,wood_chestplate,banner_lime,special,,,,,,
3339,Lime Wood Leggings,texture,low,,,,,,,wood_leggings,banner_lime,special,,,,,,
3340,Lime Wood Boots,texture,low,,,,,,,wood_boots,banner_lime,special,,,,,,
3341,Lime Wood Gauntlets,texture,low,,,,,,,wood_gauntlets,banner_lime,special,,,,,,
3342,Pink Wood Helmet,texture,low,,,,,,,wood_helmet,banner_pink,special,,,,,,
3343,Pink Wood Chestplate,texture,low,,,,,,,wood_chestplate,banner_pink,special,,,,,,
3344,Pink Wood Leggings,texture,low,,,,,,,wood_leggings,banner_pink,special,,,,,,
3345,Pink Wood Boots,texture,low,,,,,,,wood_boots,banner_pink,special,,,,,,
3346,Pink Wood Gauntlets,texture,low,,,,,,,wood_gauntlets,banner_pink,special,,,,,,
3347,Gray Wood Helmet,texture,low,,,,,,,wood_helmet,banner_gray,special,,,,,,
3348,Gray Wood Chestplate,texture,low,,,,,,,wood_chestplate,banner_gray,special,,,,,,
3349,Gray Wood Leggings,texture,low,,,,,,,wood_leggings,banner_gray,special,,,,,,
3350,Gray Wood Boots,texture,low,,,,,,,wood_boots,banner_gray,special,,,,,,
3351,Gray Wood Gauntlets,texture,low,,,,,,,wood_gauntlets,banner_gray,special,,,,,,
3352,Light Gray Wood Helmet,texture,low,,,,,,,wood_helmet,banner_light_gray,special,,,,,,
3353,Light Gray Wood Chestplate,texture,low,,,,,,,wood_chestplate,banner_light_gray,special,,,,,,
3354,Light Gray Wood Leggings,texture,low,,,,,,,wood_leggings,banner_light_gray,special,,,,,,
3355,Light Gray Wood Boots,texture,low,,,,,,,wood_boots,banner_light_gray,special,,,,,,
3356,Light Gray Wood Gauntlets,texture,low,,,,,,,wood_gauntlets,banner_light_gray,special,,,,,,
3357,Cyan Wood Helmet,texture,low,,,,,,,wood_helmet,banner_cyan,special,,,,,,
3358,Cyan Wood Chestplate,texture,low,,,,,,,wood_chestplate,banner_cyan,special,,,,,,
3359,Cyan Wood Leggings,texture,low,,,,,,,wood_leggings,banner_cyan,special,,,,,,
3360,Cyan Wood Boots,texture,low,,,,,,,wood_boots,banner_cyan,special,,,,,,
3361,Cyan Wood Gauntlets,texture,low,,,,,,,wood_gauntlets,banner_cyan,special,,,,,,
3362,Purple Wood Helmet,texture,low,,,,,,,wood_helmet,banner_purple,special,,,,,,
3363,Purple Wood Chestplate,texture,low,,,,,,,wood_chestplate,banner_purple,special,,,,,,
3364,Purple Wood Leggings,texture,low,,,,,,,wood_leggings,banner_purple,special,,,,,,
3365,Purple Wood Boots,texture,low,,,,,,,wood_boots,banner_purple,special,,,,,,
3366,Purple Wood Gauntlets,texture,low,,,,,,,wood_gauntlets,banner_purple,special,,,,,,
3367,Blue Wood Helmet,texture,low,,,,,,,wood_helmet,banner_blue,special,,,,,,
3368,Blue Wood Chestplate,texture,low,,,,,,,wood_chestplate,banner_blue,special,,,,,,
3369,Blue Wood Leggings,texture,low,,,,,,,wood_leggings,banner_blue,special,,,,,,
3370,Blue Wood Boots,texture,low,,,,,,,wood_boots,banner_blue,special,,,,,,
3371,Blue Wood Gauntlets,texture,low,,,,,,,wood_gauntlets,banner_blue,special,,,,,,
3372,Brown Wood Helmet,texture,low,,,,,,,wood_helmet,banner_brown,special,,,,,,
3373,Brown Wood Chestplate,texture,low,,,,,,,wood_chestplate,banner_brown,special,,,,,,
3374,Brown Wood Leggings,texture,low,,,,,,,wood_leggings,banner_brown,special,,,,,,
3375,Brown Wood Boots,texture,low,,,,,,,wood_boots,banner_brown,special,,,,,,
3376,Brown Wood Gauntlets,texture,low,,,,,,,wood_gauntlets,banner_brown,special,,,,,,
3377,Green Wood Helmet,texture,low,,,,,,,wood_helmet,banner_green,special,,,,,,
3378,Green Wood Chestplate,texture,low,,,,,,,wood_chestplate,banner_green,special,,,,,,
3379,Green Wood Leggings,texture,low,,,,,,,wood_leggings,banner_green,special,,,,,,
3380,Green Wood Boots,texture,low,,,,,,,wood_boots,banner_green,special,,,,,,
3381,Green Wood Gauntlets,texture,low,,,,,,,wood_gauntlets,banner_green,special,,,,,,
3382,Red Wood Helmet,texture,low,,,,,,,wood_helmet,banner_red,special,,,,,,
3383,Red Wood Chestplate,texture,low,,,,,,,wood_chestplate,banner_red,special,,,,,,
3384,Red Wood Leggings,texture,low,,,,,,,wood_leggings,banner_red,special,,,,,,
3385,Red Wood Boots,texture,low,,,,,,,wood_boots,banner_red,special,,,,,,
3386,Red Wood Gauntlets,texture,low,,,,,,,wood_gauntlets,banner_red,special,,,,,,
3387,Black Wood Helmet,texture,low,,,,,,,wood_helmet,banner_black,special,,,,,,
3388,Black Wood Chestplate,texture,low,,,,,,,wood_chestplate,banner_black,special,,,,,,
3389,Black Wood Leggings,texture,low,,,,,,,wood_leggings,banner_black,special,,,,,,
3390,Black Wood Boots,texture,low,,,,,,,wood_boots,banner_black,special,,,,,,
3391,Black Wood Gauntlets,texture,low,,,,,,,wood_gauntlets,banner_black,special,,,,,,
3392,Shears,3d_model,high (exact),,,,,,Shears,,,resolved,,,,,,Shears
3393,Artisan Shears,3d_model,high (exact),,,,,,Artisan Shears,,,resolved,,,,,,Artisan Shears
3394,Stick,3d_model,high (exact),,,,,,Stick,,,resolved,,,,,,Stick
3395,Coal,3d_model,high (exact),,,,,,Coal,,,resolved,,,,,,Coal
3396,Raw Iron,3d_model,high (exact),,,,,,Raw Iron,,,resolved,,,,,,Raw Iron
3397,Iron Bar,3d_model,high (exact),,,,,,Iron Bar,,,resolved,,,,,,Iron Bar
3398,Iron Fragment,3d_model,high (exact),,,,,,Iron Fragment,,,resolved,,,,,,Iron Fragment
3399,Raw Gold,3d_model,high (exact),,,,,,Raw Gold,,,resolved,,,,,,Raw Gold
3400,Gold Bar,3d_model,high (exact),,,,,,Gold Bar,,,resolved,,,,,,Gold Bar
3401,Gold Fragment,3d_model,high (exact),,,,,,Gold Fragment,,,resolved,,,,,,Gold Fragment
3402,Diamond,3d_model,high (exact),,,,,,Diamond,,,resolved,,,,,,Diamond
3403,Diamond Fragment,3d_model,high (exact),,,,,,Diamond Fragment,,,resolved,,,,,,Diamond Fragment
3404,Moonstone,3d_model,high (exact),,,,,,Moonstone,,,resolved,,,,,,Moonstone
3405,Lunite,texture,no_match,,,,,,,,,pending,,,,,,
3406,Moonstone Fragment,3d_model,high (exact),,,,,,Moonstone Fragment,,,resolved,,,,,,Moonstone Fragment
3407,Bowl,3d_model,high (exact),,,,,,Bowl,,,resolved,,,,,,Bowl
3408,Partially Full Bowl of Cranberries,3d_model,high (exact),,,,,,Partially Full Bowl of Cranberries,,,resolved,,,,,,Partially Full Bowl of Cranberries
3409,Half Full Bowl of Cranberries,3d_model,high (exact),,,,,,Half Full Bowl of Cranberries,,,resolved,,,,,,Half Full Bowl of Cranberries
3410,Nearly Full Bowl of Cranberries,3d_model,high (exact),,,,,,Nearly Full Bowl of Cranberries,,,resolved,,,,,,Nearly Full Bowl of Cranberries
3411,Bowl of Cranberries,3d_model,high (exact),,,,,,Bowl of Cranberries,,,resolved,,,,,,Bowl of Cranberries
3412,Mushroom Soup,3d_model,high (exact),,,,,,Mushroom Soup,,,resolved,,,,,,Mushroom Soup
3413,Glowing Soup,texture,low,,,,,,,glowing_mushroom,mushroom_soup,special,,,,,,
3414,Night Vision Soup,texture,low,,,,,,,mushroom_soup,veg_soup,special,,,,,,
3415,Cotton,3d_model,high (exact),,,,,,Cotton,,,resolved,,,,,,Cotton
3416,Gold Crop,texture,low,,,,,,,gold_block,gold_boomerang,special,,,,,,
3417,Bucket,3d_model,high (exact),,,,,,Bucket,,,resolved,,,,,,Bucket
3418,Water Bucket,3d_model,high (exact),,,,,,Water Bucket,,,resolved,,,,,,Water Bucket
3419,Lava Bucket,3d_model,high (exact),,,,,,Lava Bucket,,,resolved,,,,,,Lava Bucket
3420,Boat,3d_model,high (exact),,,,,,Boat,,,resolved,,,,,,Boat
3421,INTERNAL_MESH_Boat,texture,low,,,,,,,oak_boat,obsidian_boat,special,,,,,,
3422,Obsidian Boat,3d_model,high (exact),,,,,,Obsidian Boat,,,resolved,,,,,,Obsidian Boat
3423,INTERNAL_MESH_Obsidian Boat,texture,low,,,,,,,obsidian_boat,obsidian,special,,,,,,
3424,Speedboat,texture,no_match,,,,,,,,,pending,,,,,,
3425,INTERNAL_MESH_Speedboat,texture,no_match,,,,,,,,,pending,,,,,,
3426,Wood Hang Glider,3d_model,high (exact),,,,,,Wood Hang Glider,,,resolved,,,,,,Wood Hang Glider
3427,INTERNAL_MESH_Wood Hang Glider,texture,low,,,,,,,hang_glider,hang_glider_diamond,special,,,,,,
3428,Iron Hang Glider,3d_model,high (exact),,,,,,Iron Hang Glider,,,resolved,,,,,,Iron Hang Glider
3429,INTERNAL_MESH_Iron Hang Glider,texture,low,,,,,,,hang_glider_iron,hang_glider,special,,,,,,
3430,Gold Hang Glider,3d_model,high (exact),,,,,,Gold Hang Glider,,,special,,,,,,
3431,INTERNAL_MESH_Gold Hang Glider,texture,low,,,,,,,hang_glider_gold,hang_glider,special,,,,,,
3432,Diamond Hang Glider,3d_model,high (exact),,,,,,Diamond Hang Glider,,,resolved,,,,,,Diamond Hang Glider
3433,INTERNAL_MESH_Diamond Hang Glider,texture,low,,,,,,,hang_glider_diamond,hang_glider,special,,,,,,
3434,Hovercraft,texture,no_match,,,,,,,,,pending,,,,,,
3435,INTERNAL_MESH_Hovercraft,texture,no_match,,,,,,,,,pending,,,,,,
3436,Yellow Kart,texture,low,,,,,,,banner_yellow,chalk_yellow,special,,,,,,
3437,White Kart,texture,low,,,,,,,banner_white,chalk_white,special,,,,,,
3438,Red Kart,texture,low,,,,,,,banner_red,chalk_red,special,,,,,,
3439,Purple Kart,texture,low,,,,,,,banner_purple,chalk_purple,special,,,,,,
3440,Pink Kart,texture,low,,,,,,,banner_pink,chalk_pink,special,,,,,,
3441,Orange Kart,texture,low,,,,,,,banner_orange,chalk_orange,special,,,,,,
3442,Magenta Kart,texture,low,,,,,,,banner_magenta,chalk_magenta,special,,,,,,
3443,Lime Kart,texture,low,,,,,,,banner_lime,chalk_lime,special,,,,,,
3444,Light Gray Kart,texture,low,,,,,,,banner_light_gray,chalk_light_gray,special,,,,,,
3445,Light Blue Kart,texture,low,,,,,,,banner_light_blue,chalk_light_blue,special,,,,,,
3446,Green Kart,texture,low,,,,,,,banner_green,chalk_green,special,,,,,,
3447,Gray Kart,texture,low,,,,,,,banner_gray,chalk_gray,special,,,,,,
3448,Cyan Kart,texture,low,,,,,,,banner_cyan,chalk_cyan,special,,,,,,
3449,Brown Kart,texture,low,,,,,,,banner_brown,brown_balloon,special,,,,,,
3450,Blue Kart,texture,low,,,,,,,banner_blue,blue_balloon,special,,,,,,
3451,Black Kart,texture,low,,,,,,,banner_black,black_balloon,special,,,,,,
3452,INTERNAL_MESH_Yellow Kart,texture,low,,,,,,,banner_yellow,chalk_yellow,special,,,,,,
3453,INTERNAL_MESH_White Kart,texture,low,,,,,,,banner_white,chalk_white,special,,,,,,
3454,INTERNAL_MESH_Red Kart,texture,low,,,,,,,banner_red,chalk_red,special,,,,,,
3455,INTERNAL_MESH_Purple Kart,texture,low,,,,,,,banner_purple,chalk_purple,special,,,,,,
3456,INTERNAL_MESH_Pink Kart,texture,low,,,,,,,banner_pink,chalk_pink,special,,,,,,
3457,INTERNAL_MESH_Orange Kart,texture,low,,,,,,,banner_orange,chalk_orange,special,,,,,,
3458,INTERNAL_MESH_Magenta Kart,texture,low,,,,,,,banner_magenta,chalk_magenta,special,,,,,,
3459,INTERNAL_MESH_Lime Kart,texture,low,,,,,,,banner_lime,chalk_lime,special,,,,,,
3460,INTERNAL_MESH_Light Gray Kart,texture,low,,,,,,,banner_light_gray,chalk_light_gray,special,,,,,,
3461,INTERNAL_MESH_Light Blue Kart,texture,low,,,,,,,banner_light_blue,chalk_light_blue,special,,,,,,
3462,INTERNAL_MESH_Green Kart,texture,low,,,,,,,banner_green,chalk_green,special,,,,,,
3463,INTERNAL_MESH_Gray Kart,texture,low,,,,,,,banner_gray,chalk_gray,special,,,,,,
3464,INTERNAL_MESH_Cyan Kart,texture,low,,,,,,,banner_cyan,chalk_cyan,special,,,,,,
3465,INTERNAL_MESH_Brown Kart,texture,low,,,,,,,banner_brown,brown_balloon,special,,,,,,
3466,INTERNAL_MESH_Blue Kart,texture,low,,,,,,,banner_blue,blue_balloon,special,,,,,,
3467,INTERNAL_MESH_Black Kart,texture,low,,,,,,,banner_black,black_balloon,special,,,,,,
3468,Off Roader,texture,low,,,,,,,redstone_lamp_off,,special,,,,,,
3469,INTERNAL_MESH_Off Roader,texture,low,,,,,,,redstone_lamp_off,,special,,,,,,
3470,Light Blue Car,texture,low,,,,,,,banner_light_blue,chalk_light_blue,special,,,,,,
3471,INTERNAL_MESH_Car,texture,no_match,,,,,,,,,pending,,,,,,
3472,Snowball,3d_model,high (exact),,,,,,Snowball,,,resolved,,,,,,Snowball
3473,Snowball Launcher,texture,low,,,,,,,snowball,grenade_launcher,special,,,,,,
3474,Pebble,3d_model,high (exact),,,,,,Pebble,,,resolved,,,,,,Pebble
3475,Reinforced Pebble,3d_model,high (exact),,,,,,Reinforced Pebble,,,resolved,,,,,,Reinforced Pebble
3476,Bullet,3d_model,high (exact),,,,,,Bullet,,,resolved,,,,,,Bullet
3477,Ball,3d_model,high (exact),,,,,,Ball,,,resolved,,,,,,Ball
3478,Reinforced Ball,3d_model,high (exact),,,,,,Reinforced Ball,,,resolved,,,,,,Reinforced Ball
3479,Frag Grenade,texture,low,,,,,,,grenade_block,grenade_launcher,special,,,,,,
3480,Mining Grenade,texture,low,,,,,,,grenade_block,grenade_launcher,special,,,,,,
3481,Smoke Grenade,texture,low,,,,,,,grenade_block,grenade_launcher,special,,,,,,
3482,Moonstone Orb,3d_model,high (exact),,,,,,Moonstone Orb,,,resolved,,,,,,Moonstone Orb
3483,Fireball,3d_model,high (exact),,,,,,Fireball,,,resolved,,,,,,Fireball
3484,Bouncy Bomb,3d_model,high (exact),,,,,,Bouncy Bomb,,,resolved,,,,,,Bouncy Bomb
3485,RPG,3d_model,high (exact),,,,,,RPG,,,resolved,,,,,,RPG
3486,Obby RPG,3d_model,high (exact),,,,,,Obby RPG,,,resolved,,,,,,Obby RPG
3487,Super RPG,3d_model,high (exact),,,,,,Super RPG,,,resolved,,,,,,Super RPG
3488,Grenade Launcher,3d_model,high (exact),,,,,,Grenade Launcher,,,resolved,,,,,,Grenade Launcher
3489,Iceball,3d_model,high (exact),,,,,,Iceball,,,resolved,,,,,,Iceball
3490,67 Base Projectile,texture,low,,,,,,,67_projectile_base,67_projectile_boosted,resolved,,67_projectile_base,,,67_projectile_base,
3491,67 Boosted Projectile,texture,low,,,,,,,67_projectile_boosted,67_projectile_base,resolved,,,,,67_projectile_boosted,
3492,Capitano Grenade,texture,low,,,,,,,grenade_block,grenade_launcher,special,,,,,,
3493,Scatter Pellet,texture,no_match,,,,,,,,,pending,,,,,,
3494,Wood Bow,3d_model,high (exact),,,,,,Wood Bow,,,resolved,,,,,,Wood Bow
3498,Stone Bow,3d_model,high (exact),,,,,,Stone Bow,,,resolved,,,,,,Stone Bow
3502,Iron Bow,3d_model,high (exact),,,,,,Iron Bow,,,resolved,,,,,,Iron Bow
3506,Gold Bow,3d_model,high (exact),,,,,,Gold Bow,,,resolved,,,,,,Gold Bow
3510,Diamond Bow,3d_model,high (exact),,,,,,Diamond Bow,,,resolved,,,,,,Diamond Bow
3514,Wood Crossbow,3d_model,high (exact),,,,,,Wood Crossbow,,,resolved,,,,,,Wood Crossbow
3518,Stone Crossbow,3d_model,high (exact),,,,,,Stone Crossbow,,,resolved,,,,,,Stone Crossbow
3522,Iron Crossbow,3d_model,high (exact),,,,,,Iron Crossbow,,,resolved,,,,,,Iron Crossbow
3526,Gold Crossbow,3d_model,high (exact),,,,,,Gold Crossbow,,,resolved,,,,,,Gold Crossbow
3530,Diamond Crossbow,3d_model,high (exact),,,,,,Diamond Crossbow,,,resolved,,,,,,Diamond Crossbow
3534,Wood Crossbow Charged,3d_model,high (exact),,,,,,Wood Crossbow Charged,,,resolved,,,,,,Wood Crossbow Charged
3535,Stone Crossbow Charged,3d_model,high (exact),,,,,,Stone Crossbow Charged,,,resolved,,,,,,Stone Crossbow Charged
3536,Iron Crossbow Charged,3d_model,high (exact),,,,,,Iron Crossbow Charged,,,resolved,,,,,,Iron Crossbow Charged
3537,Gold Crossbow Charged,3d_model,high (exact),,,,,,Gold Crossbow Charged,,,resolved,,,,,,Gold Crossbow Charged
3538,Diamond Crossbow Charged,3d_model,high (exact),,,,,,Diamond Crossbow Charged,,,resolved,,,,,,Diamond Crossbow Charged
3539,Arrow,3d_model,high (exact),,,,,,Arrow,,,resolved,,,,,,Arrow
3540,Compass,3d_model,high (exact),,,,,,Compass,,,resolved,,,,,,Compass
3552,Chunk Map,texture,no_match,,,,,,,,,pending,,,,,,
3553,Bread,3d_model,high (exact),,,,,,Bread,,,resolved,,,,,,Bread
3554,Bowl of Rice,3d_model,high (exact),,,,,,Bowl of Rice,,,resolved,,,,,,Bowl of Rice
3555,Apple,3d_model,high (exact),,,,,,Apple,,,resolved,,,,,,Apple
3556,Plum,3d_model,high (exact),,,,,,Plum,,,resolved,,,,,,Plum
3557,Coconut,3d_model,high (exact),,,,,,Coconut,,,resolved,,,,,,Coconut
3558,Cracked Coconut,3d_model,high (exact),,,,,,Cracked Coconut,,,resolved,,,,,,Cracked Coconut
3559,Pear,3d_model,high (exact),,,,,,Pear,,,resolved,,,,,,Pear
3560,Cherry,3d_model,high (exact),,,,,,Cherry,,,resolved,,,,,,Cherry
3561,Banana,3d_model,high (exact),,,,,,Banana,,,resolved,,,,,,Banana
3562,Watermelon Slice,3d_model,high (exact),,,,,,Watermelon Slice,,,resolved,,,,,,Watermelon Slice
3563,Gold Watermelon Slice,3d_model,high (exact),,,,,,Gold Watermelon Slice,,,resolved,,,,,,Gold Watermelon Slice
3564,Melon Slice,3d_model,high (exact),,,,,,Melon Slice,,,resolved,,,,,,Melon Slice
3565,Gold Melon Slice,3d_model,high (exact),,,,,,Gold Melon Slice,,,resolved,,,,,,Gold Melon Slice
3566,Pumpkin Pie,3d_model,high (exact),,,,,,Pumpkin Pie,,,resolved,,,,,,Pumpkin Pie
3567,Corn,3d_model,high (exact),,,,,,Corn,,,resolved,,,,,,Corn
3568,Cornbread,3d_model,high (exact),,,,,,Cornbread,,,resolved,,,,,,Cornbread
3569,Chili Pepper,3d_model,high (exact),,,,,,Chili Pepper,,,resolved,,,,,,Chili Pepper
3570,Mango,3d_model,high (exact),,,,,,Mango,,,resolved,,,,,,Mango
3571,Carrot,3d_model,high (exact),,,,,,Carrot,,,resolved,,,,,,Carrot
3572,Raw Potato,3d_model,high (exact),,,,,,Raw Potato,,,resolved,,,,,,Raw Potato
3573,Baked Potato,3d_model,high (exact),,,,,,Baked Potato,,,resolved,,,,,,Baked Potato
3574,Beetroot,3d_model,high (exact),,,,,,Beetroot,,,resolved,,,,,,Beetroot
3575,Raw Porkchop,3d_model,high (exact),,,,,,Raw Porkchop,,,resolved,,,,,,Raw Porkchop
3576,Cooked Porkchop,3d_model,high (exact),,,,,,Cooked Porkchop,,,resolved,,,,,,Cooked Porkchop
3577,Raw Beef,3d_model,high (exact),,,,,,Raw Beef,,,resolved,,,,,,Raw Beef
3578,Steak,3d_model,high (exact),,,,,,Steak,,,resolved,,,,,,Steak
3579,Raw Mutton,3d_model,high (exact),,,,,,Raw Mutton,,,resolved,,,,,,Raw Mutton
3580,Cooked Mutton,3d_model,high (exact),,,,,,Cooked Mutton,,,resolved,,,,,,Cooked Mutton
3581,Raw Venison,3d_model,high (exact),,,,,,Raw Venison,,,resolved,,,,,,Raw Venison
3582,Cooked Venison,3d_model,high (exact),,,,,,Cooked Venison,,,resolved,,,,,,Cooked Venison
3583,Rotten Flesh,3d_model,high (exact),,,,,,Rotten Flesh,,,resolved,,,,,,Rotten Flesh
3584,Rotten Brain,3d_model,high (exact),,,,,,Rotten Brain,,,resolved,,,,,,Rotten Brain
3585,Bone,3d_model,high (exact),,,,,,Bone,,,resolved,,,,,,Bone
3586,Bone Meal,3d_model,high (exact),,,,,,Bone Meal,,,resolved,,,,,,Bone Meal
3587,Leather,3d_model,high (exact),,,,,,Leather,,,resolved,,,,,,Leather
3588,Saddle,3d_model,high (exact),,,,,,Saddle,,,resolved,,,,,,Saddle
3589,Spirit Saddle,3d_model,high (exact),,,,,,Spirit Saddle,,,resolved,,,,,,Spirit Saddle
3590,Fur,3d_model,high (exact),,,,,,Fur,,,resolved,,,,,,Fur
3591,Golem Eye,3d_model,high (exact),,,,,,Golem Eye,,,resolved,,,,,,Golem Eye
3592,Knight Heart,3d_model,high (exact),,,,,,Knight Heart,,,resolved,,,,,,Knight Heart
3593,Teleport Heart,texture,low,,,,,,,knight_heart,Pixelated Heart,special,,,,,,
3594,Frost Shard,texture,low,,,,,,,frost_herring,frost_rod,special,,,,,,
3595,Molten Cog,texture,low,,,,,,,molten_lotella_cod,molten_magma_rod,special,,,,,,
3596,Choir Bell,texture,no_match,,,,,,,,,pending,,,,,,
3597,Siege Core,texture,no_match,,,,,,,,,pending,,,,,,
3598,Flywheel,texture,no_match,,,,,,,,,pending,,,,,,
3599,Radiant Spark,texture,no_match,,,,,,,,,pending,,,,,,
3600,Brood Sac,texture,no_match,,,,,,,,,pending,,,,,,
3601,Bandolier,texture,no_match,,,,,,,,,pending,,,,,,
3602,Name Tag,3d_model,high (exact),,,,,,Name Tag,,,resolved,,,,,,Name Tag
3603,Book,3d_model,high (exact),,,,,,Book,,,resolved,,,,,,Book
3604,Empty Bottle,3d_model,high (exact),,,,,,Empty Bottle,,,resolved,,,,,,Empty Bottle
3605,Water Bottle,3d_model,high (exact),,,,,,Water Bottle,,,resolved,,,,,,Water Bottle
3606,Slowness Potion,3d_model,high (exact),,,,,,Slowness Potion,,,resolved,,,,,,Slowness Potion
3607,Slowness Potion II,texture,low,,,,,,,slowness_potion,splash_slowness_potion,special,,,,,,
3608,Splash Slowness Potion,3d_model,high (exact),,,,,,Splash Slowness Potion,,,special,,,,,,
3609,Splash Slowness Potion II,texture,low,,,,,,,splash_slowness_potion,slowness_potion,special,,,,,,
3610,Arrow of Slowness,3d_model,high (exact),,,,,,Arrow of Slowness,,,resolved,,,,,,Arrow of Slowness
3611,Poison Potion,3d_model,high (exact),,,,,,Poison Potion,,,resolved,,,,,,Poison Potion
3612,Poison Potion II,texture,low,,,,,,,poison,potion,special,,,,,,
3613,Splash Poison Potion,3d_model,high (exact),,,,,,Splash Poison Potion,,,resolved,,,,,,Splash Poison Potion
3614,Splash Poison Potion II,texture,low,,,,,,,splash_poison,splash_defense_potion,special,,,,,,
3615,Arrow of Poison,3d_model,high (exact),,,,,,Arrow of Poison,,,resolved,,,,,,Arrow of Poison
3616,Weakness Potion,3d_model,high (exact),,,,,,Weakness Potion,,,resolved,,,,,,Weakness Potion
3617,Weakness Potion II,texture,low,,,,,,,weakness_potion,splash_weakness_potion,special,,,,,,
3618,Splash Weakness Potion,3d_model,high (exact),,,,,,Splash Weakness Potion,,,special,,,,,,
3619,Splash Weakness Potion II,texture,low,,,,,,,splash_weakness_potion,weakness_potion,resolved,,,,,,
3620,Arrow of Weakness,3d_model,high (exact),,,,,,Arrow of Weakness,,,resolved,,,,,,Arrow of Weakness
3621,Instant Damage Potion,3d_model,high (exact),,,,,,Instant Damage Potion,,,resolved,,,,,,Instant Damage Potion
3622,Instant Damage Potion II,texture,low,,,,,,,instant_damage_potion,splash_instant_damage_potion,special,,,,,,
3623,Splash Instant Damage Potion,3d_model,high (exact),,,,,,Splash Instant Damage Potion,,,resolved,,,,,,Splash Instant Damage Potion
3624,Splash Instant Damage Potion II,texture,low,,,,,,,splash_instant_damage_potion,instant_damage_potion,special,,,,,,
3625,Arrow of Instant Damage,3d_model,high (exact),,,,,,Arrow of Instant Damage,,,resolved,,,,,,Arrow of Instant Damage
3626,Milk Potion,3d_model,high (exact),,,,,,Milk Potion,,,resolved,,,,,,Milk Potion
3627,Splash Milk Potion,3d_model,high (exact),,,,,,Splash Milk Potion,,,resolved,,,,,,Splash Milk Potion
3628,Arrow of Milk,3d_model,high (exact),,,,,,Arrow of Milk,,,resolved,,,,,,Arrow of Milk
3629,Speed Potion,3d_model,high (exact),,,,,,Speed Potion,,,resolved,,,,,,Speed Potion
3630,Speed Potion II,3d_model,high (exact),,,,,,Speed Potion II,,,resolved,,,,,,Speed Potion II
3631,Splash Speed Potion,3d_model,high (exact),,,,,,Splash Speed Potion,,,resolved,,,,,,Splash Speed Potion
3632,Splash Speed Potion II,texture,low,,,,,,,splash_speed_potion,speed_potion,special,,,,,,
3633,Arrow of Speed,3d_model,high (exact),,,,,,Arrow of Speed,,,resolved,,,,,,Arrow of Speed
3634,Defense Potion,3d_model,high (exact),,,,,,Defense Potion,,,resolved,,,,,,Defense Potion
3635,Defense Potion II,texture,low,,,,,,,defense_potion,splash_defense_potion,special,,,,,,
3636,Splash Defense Potion,3d_model,high (exact),,,,,,Splash Defense Potion,,,resolved,,,,,,Splash Defense Potion
3637,Splash Defense Potion II,texture,low,,,,,,,splash_defense_potion,defense_potion,special,,,,,,
3638,Arrow of Defense,3d_model,high (exact),,,,,,Arrow of Defense,,,resolved,,,,,,Arrow of Defense
3639,Strength Potion,3d_model,high (exact),,,,,,Strength Potion,,,resolved,,,,,,Strength Potion
3640,Strength Potion II,texture,low,,,,,,,strength_potion,splash_strength_potion,special,,,,,,
3641,Splash Strength Potion,3d_model,high (exact),,,,,,Splash Strength Potion,,,resolved,,,,,,Splash Strength Potion
3642,Splash Strength Potion II,texture,low,,,,,,,splash_strength_potion,strength_potion,special,,,,,,
3643,Arrow of Strength,3d_model,high (exact),,,,,,Arrow of Strength,,,resolved,,,,,,Arrow of Strength
3644,Invisibility Potion,3d_model,high (exact),,,,,,Invisibility Potion,,,resolved,,,,,,Invisibility Potion
3645,Splash Invisibility Potion,3d_model,high (exact),,,,,,Splash Invisibility Potion,,,resolved,,,,,,Splash Invisibility Potion
3646,Arrow of Invisibility,3d_model,high (exact),,,,,,Arrow of Invisibility,,,resolved,,,,,,Arrow of Invisibility
3647,Jump Potion,3d_model,high (exact),,,,,,Jump Potion,,,resolved,,,,,,Jump Potion
3648,Jump Potion II,texture,low,,,,,,,jump_potion,double_jump_potion,special,,,,,,
3649,Splash Jump Potion,3d_model,high (exact),,,,,,Splash Jump Potion,,,resolved,,,,,,Splash Jump Potion
3650,Splash Jump Potion II,texture,low,,,,,,,splash_jump_potion,splash_double_jump_potion,special,,,,,,
3651,Arrow of Jumping,3d_model,high (exact),,,,,,Arrow of Jumping,,,resolved,,,,,,Arrow of Jumping
3652,Knockback Potion,3d_model,high (exact),,,,,,Knockback Potion,,,resolved,,,,,,Knockback Potion
3653,Splash Knockback Potion,3d_model,high (exact),,,,,,Splash Knockback Potion,,,resolved,,,,,,Splash Knockback Potion
3654,Splash Knockback Potion II,texture,low,,,,,,,splash_knockback_potion,knockback_potion,special,,,,,,
3655,Arrow of Knockback,3d_model,high (exact),,,,,,Arrow of Knockback,,,resolved,,,,,,Arrow of Knockback
3656,Regeneration Potion,3d_model,high (exact),,,,,,Regeneration Potion,,,resolved,,,,,,Regeneration Potion
3657,Regeneration Potion II,texture,low,,,,,,,potion,chaos_potion,special,,,,,,
3658,Splash Regeneration Potion,3d_model,high (exact),,,,,,Splash Regeneration Potion,,,resolved,,,,,,Splash Regeneration Potion
3659,Splash Regeneration Potion II,texture,low,,,,,,,splash_defense_potion,splash_haste_potion,special,,,,,,
3660,Arrow of Regeneration,3d_model,high (exact),,,,,,Arrow of Regeneration,,,resolved,,,,,,Arrow of Regeneration
3661,Instant Healing Potion,3d_model,high (exact),,,,,,Instant Healing Potion,,,resolved,,,,,,Instant Healing Potion
3662,Instant Healing Potion II,texture,low,,,,,,,instant_damage_potion,splash_instant_damage_potion,special,,,,,,
3663,Splash Instant Healing Potion,3d_model,high (exact),,,,,,Splash Instant Healing Potion,,,resolved,,,,,,Splash Instant Healing Potion
3664,Splash Instant Healing Potion II,texture,low,,,,,,,splash_instant_damage_potion,instant_damage_potion,special,,,,,,
3665,Arrow of Instant Healing,3d_model,high (exact),,,,,,Arrow of Instant Healing,,,resolved,,,,,,Arrow of Instant Healing
3666,Haste Potion,3d_model,high (exact),,,,,,Haste Potion,,,resolved,,,,,,Haste Potion
3667,Haste Potion II,3d_model,high (exact),,,,,,Haste Potion II,,,resolved,,,,,,Haste Potion II
3668,Splash Haste Potion,3d_model,high (exact),,,,,,Splash Haste Potion,,,resolved,,,,,,Splash Haste Potion
3669,Splash Haste Potion II,3d_model,high (exact),,,,,,Splash Haste Potion II,,,resolved,,,,,,Splash Haste Potion II
3670,Arrow of Haste,3d_model,high (exact),,,,,,Arrow of Haste,,,resolved,,,,,,Arrow of Haste
3671,Shield Potion,3d_model,high (exact),,,,,,Shield Potion,,,resolved,,,,,,Shield Potion
3672,Shield Potion II,texture,low,,,,,,,shield_potion,splash_shield_potion,special,,,,,,
3673,Splash Shield Potion,3d_model,high (exact),,,,,,Splash Shield Potion,,,resolved,,,,,,Splash Shield Potion
3674,Splash Shield Potion II,texture,low,,,,,,,splash_shield_potion,shield_potion,special,,,,,,
3675,Arrow of Shield,3d_model,high (exact),,,,,,Arrow of Shield,,,resolved,,,,,,Arrow of Shield
3676,Double Jump Potion,3d_model,high (exact),,,,,,Double Jump Potion,,,resolved,,,,,,Double Jump Potion
3677,Splash Double Jump Potion,3d_model,high (exact),,,,,,Splash Double Jump Potion,,,resolved,,,,,,Splash Double Jump Potion
3678,Arrow of Double Jump,3d_model,high (exact),,,,,,Arrow of Double Jump,,,resolved,,,,,,Arrow of Double Jump
3679,Heat Resistance Potion,3d_model,high (exact),,,,,,Heat Resistance Potion,,,resolved,,,,,,Heat Resistance Potion
3680,Splash Heat Resistance Potion,3d_model,high (exact),,,,,,Splash Heat Resistance Potion,,,resolved,,,,,,Splash Heat Resistance Potion
3681,Arrow of Heat Resistance,3d_model,high (exact),,,,,,Arrow of Heat Resistance,,,resolved,,,,,,Arrow of Heat Resistance
3682,X-Ray Vision Potion,3d_model,high (exact),,,,,,X-Ray Vision Potion,,,resolved,,,,,,X-Ray Vision Potion
3683,Splash X-Ray Vision Potion,3d_model,high (exact),,,,,,Splash X-Ray Vision Potion,,,resolved,,,,,,Splash X-Ray Vision Potion
3684,Arrow of X-Ray Vision,3d_model,high (exact),,,,,,Arrow of X-Ray Vision,,,resolved,,,,,,Arrow of X-Ray Vision
3685,Mining Yield Potion,3d_model,high (exact),,,,,,Mining Yield Potion,,,resolved,,,,,,Mining Yield Potion
3686,Mining Yield Potion II,texture,low,,,,,,,mining_yield_potion,splash_mining_yield_potion,special,,,,,,
3687,Splash Mining Yield Potion,3d_model,high (exact),,,,,,Splash Mining Yield Potion,,,resolved,,,,,,Splash Mining Yield Potion
3688,Splash Mining Yield Potion II,texture,low,,,,,,,splash_mining_yield_potion,mining_yield_potion,special,,,,,,
3689,Arrow of Mining Yield,3d_model,high (exact),,,,,,Arrow of Mining Yield,,,resolved,,,,,,Arrow of Mining Yield
3690,Brain Rot Potion,3d_model,high (exact),,,,,,Brain Rot Potion,,,resolved,,,,,,Brain Rot Potion
3691,Splash Brain Rot Potion,3d_model,high (exact),,,,,,Splash Brain Rot Potion,,,resolved,,,,,,Splash Brain Rot Potion
3692,Arrow of Brain Rot,3d_model,high (exact),,,,,,Arrow of Brain Rot,,,resolved,,,,,,Arrow of Brain Rot
3693,Chaos Potion,3d_model,high (exact),,,,,,Chaos Potion,,,resolved,,,,,,Chaos Potion
3694,Ammo,3d_model,high (exact),,,,,,Ammo,,,resolved,,,,,,Ammo
3695,AK-47,3d_model,high (exact),,,,,,AK-47,,,resolved,,,,,,AK-47
3697,M16,3d_model,high (exact),,,,,,M16,,,resolved,,,,,,M16
3699,MP40,3d_model,high (exact),,,,,,MP40,,,resolved,,,,,,MP40
3701,TAR-21,3d_model,high (exact),,,,,,TAR-21,,,resolved,,,,,,TAR-21
3703,M1911,3d_model,high (exact),,,,,,M1911,,,resolved,,,,,,M1911
3705,One Shot Pistol,3d_model,high (exact),,,,,,One Shot Pistol,,,resolved,,,,,,One Shot Pistol
3707,Double Barrel,3d_model,high (exact),,,,,,Double Barrel,,,resolved,,,,,,Double Barrel
3709,AWP,3d_model,high (exact),,,,,,AWP,,,resolved,,,,,,AWP
3711,Deagle,3d_model,high (exact),,,,,,Deagle,,,resolved,,,,,,Deagle
3713,Striker-12,3d_model,high (exact),,,,,,Striker-12,,,resolved,,,,,,Striker-12
3715,VSR,3d_model,high (exact),,,,,,VSR,,,resolved,,,,,,VSR
3717,DMR,3d_model,high (exact),,,,,,DMR,,,resolved,,,,,,DMR
3719,Minigun,3d_model,high (exact),,,,,,Minigun,,,resolved,,,,,,Minigun
3721,FMR,3d_model,high (exact),,,,,,FMR,,,resolved,,,,,,FMR
3723,SKAR,3d_model,high (exact),,,,,,SKAR,,,resolved,,,,,,SKAR
3725,Block-19,3d_model,high (exact),,,,,,Block-19,,,resolved,,,,,,Block-19
3727,Mini Izu,3d_model,high (exact),,,,,,Mini Izu,,,resolved,,,,,,Mini Izu
3729,GPMG,3d_model,high (exact),,,,,,GPMG,,,resolved,,,,,,GPMG
3731,Gold Coin,3d_model,high (exact),,,,,,Gold Coin,,,resolved,,,,,,Gold Coin
3732,Updraft,3d_model,high (exact),,,,,,Updraft,,,resolved,,,,,,Updraft
3733,Snowdash,3d_model,high (exact),,,,,,Snowdash,,,resolved,,,,,,Snowdash
3734,Floor Creator,3d_model,high (exact),,,,,,Floor Creator,,,resolved,,,,,,Floor Creator
3735,Moonstone Remote Explosive,texture,exact,,,,,moonstone_remote_explosive,,,,special,,,,,,
3736,Moonstone Remote,3d_model,high (exact),,,,,,Moonstone Remote,,,resolved,,,,,,Moonstone Remote
3737,Ice Bridge,3d_model,high (exact),,,,,,Ice Bridge,,,resolved,,,,,,Ice Bridge
3738,Yellow Balloon,3d_model,high (exact),,,,,,Yellow Balloon,,,resolved,,,,,,Yellow Balloon
3739,White Balloon,3d_model,high (exact),,,,,,White Balloon,,,resolved,,,,,,White Balloon
3740,Red Balloon,3d_model,high (exact),,,,,,Red Balloon,,,resolved,,,,,,Red Balloon
3741,Purple Balloon,3d_model,high (exact),,,,,,Purple Balloon,,,resolved,,,,,,Purple Balloon
3742,Pink Balloon,3d_model,high (exact),,,,,,Pink Balloon,,,resolved,,,,,,Pink Balloon
3743,Orange Balloon,3d_model,high (exact),,,,,,Orange Balloon,,,resolved,,,,,,Orange Balloon
3744,Magenta Balloon,3d_model,high (exact),,,,,,Magenta Balloon,,,resolved,,,,,,Magenta Balloon
3745,Lime Balloon,3d_model,high (exact),,,,,,Lime Balloon,,,resolved,,,,,,Lime Balloon
3746,Light Gray Balloon,3d_model,high (exact),,,,,,Light Gray Balloon,,,resolved,,,,,,Light Gray Balloon
3747,Light Blue Balloon,3d_model,high (exact),,,,,,Light Blue Balloon,,,resolved,,,,,,Light Blue Balloon
3748,Green Balloon,3d_model,high (exact),,,,,,Green Balloon,,,resolved,,,,,,Green Balloon
3749,Gray Balloon,3d_model,high (exact),,,,,,Gray Balloon,,,resolved,,,,,,Gray Balloon
3750,Cyan Balloon,3d_model,high (exact),,,,,,Cyan Balloon,,,resolved,,,,,,Cyan Balloon
3751,Brown Balloon,3d_model,high (exact),,,,,,Brown Balloon,,,resolved,,,,,,Brown Balloon
3752,Blue Balloon,3d_model,high (exact),,,,,,Blue Balloon,,,resolved,,,,,,Blue Balloon
3753,Black Balloon,3d_model,high (exact),,,,,,Black Balloon,,,resolved,,,,,,Black Balloon
3754,INTERNAL_MESH_Yellow Balloon,texture,low,,,,,,,yellow_balloon,banner_yellow,special,,,,,,
3755,INTERNAL_MESH_White Balloon,texture,low,,,,,,,white_balloon,banner_white,special,,,,,,
3756,INTERNAL_MESH_Red Balloon,texture,low,,,,,,,red_balloon,banner_red,special,,,,,,
3757,INTERNAL_MESH_Purple Balloon,texture,low,,,,,,,purple_balloon,banner_purple,special,,,,,,
3758,INTERNAL_MESH_Pink Balloon,texture,low,,,,,,,pink_balloon,banner_pink,special,,,,,,
3759,INTERNAL_MESH_Orange Balloon,texture,low,,,,,,,orange_balloon,banner_orange,special,,,,,,
3760,INTERNAL_MESH_Magenta Balloon,texture,low,,,,,,,magenta_balloon,banner_magenta,special,,,,,,
3761,INTERNAL_MESH_Lime Balloon,texture,low,,,,,,,lime_balloon,banner_lime,special,,,,,,
3762,INTERNAL_MESH_Light Gray Balloon,texture,low,,,,,,,light_gray_balloon,gray_balloon,special,,,,,,
3763,INTERNAL_MESH_Light Blue Balloon,texture,low,,,,,,,light_blue_balloon,blue_balloon,special,,,,,,
3764,INTERNAL_MESH_Green Balloon,texture,low,,,,,,,green_balloon,banner_green,special,,,,,,
3765,INTERNAL_MESH_Gray Balloon,texture,low,,,,,,,gray_balloon,light_gray_balloon,special,,,,,,
3766,INTERNAL_MESH_Cyan Balloon,texture,low,,,,,,,cyan_balloon,banner_cyan,special,,,,,,
3767,INTERNAL_MESH_Brown Balloon,texture,low,,,,,,,brown_balloon,banner_brown,special,,,,,,
3768,INTERNAL_MESH_Blue Balloon,texture,low,,,,,,,blue_balloon,light_blue_balloon,special,,,,,,
3769,INTERNAL_MESH_Black Balloon,texture,low,,,,,,,black_balloon,banner_black,special,,,,,,
3770,Yellow Popup Tower,3d_model,high (exact),,,,,,Yellow Popup Tower,,,resolved,,,,,,Yellow Popup Tower
3771,White Popup Tower,3d_model,high (exact),,,,,,White Popup Tower,,,resolved,,,,,,White Popup Tower
3772,Red Popup Tower,3d_model,high (exact),,,,,,Red Popup Tower,,,resolved,,,,,,Red Popup Tower
3773,Purple Popup Tower,3d_model,high (exact),,,,,,Purple Popup Tower,,,resolved,,,,,,Purple Popup Tower
3774,Pink Popup Tower,3d_model,high (exact),,,,,,Pink Popup Tower,,,resolved,,,,,,Pink Popup Tower
3775,Orange Popup Tower,3d_model,high (exact),,,,,,Orange Popup Tower,,,resolved,,,,,,Orange Popup Tower
3776,Magenta Popup Tower,3d_model,high (exact),,,,,,Magenta Popup Tower,,,resolved,,,,,,Magenta Popup Tower
3777,Lime Popup Tower,3d_model,high (exact),,,,,,Lime Popup Tower,,,resolved,,,,,,Lime Popup Tower
3778,Light Gray Popup Tower,3d_model,high (exact),,,,,,Light Gray Popup Tower,,,resolved,,,,,,Light Gray Popup Tower
3779,Light Blue Popup Tower,3d_model,high (exact),,,,,,Light Blue Popup Tower,,,resolved,,,,,,Light Blue Popup Tower
3780,Green Popup Tower,3d_model,high (exact),,,,,,Green Popup Tower,,,resolved,,,,,,Green Popup Tower
3781,Gray Popup Tower,3d_model,high (exact),,,,,,Gray Popup Tower,,,resolved,,,,,,Gray Popup Tower
3782,Cyan Popup Tower,3d_model,high (exact),,,,,,Cyan Popup Tower,,,resolved,,,,,,Cyan Popup Tower
3783,Brown Popup Tower,3d_model,high (exact),,,,,,Brown Popup Tower,,,resolved,,,,,,Brown Popup Tower
3784,Blue Popup Tower,3d_model,high (exact),,,,,,Blue Popup Tower,,,resolved,,,,,,Blue Popup Tower
3785,Black Popup Tower,3d_model,high (exact),,,,,,Black Popup Tower,,,resolved,,,,,,Black Popup Tower
3786,Yellow Paintball Gun,3d_model,high (exact),,,,,,Yellow Paintball Gun,,,resolved,,,,,,Yellow Paintball Gun
3787,White Paintball Gun,3d_model,high (exact),,,,,,White Paintball Gun,,,resolved,,,,,,White Paintball Gun
3788,Red Paintball Gun,3d_model,high (exact),,,,,,Red Paintball Gun,,,resolved,,,,,,Red Paintball Gun
3789,Purple Paintball Gun,3d_model,high (exact),,,,,,Purple Paintball Gun,,,resolved,,,,,,Purple Paintball Gun
3790,Pink Paintball Gun,3d_model,high (exact),,,,,,Pink Paintball Gun,,,resolved,,,,,,Pink Paintball Gun
3791,Orange Paintball Gun,3d_model,high (exact),,,,,,Orange Paintball Gun,,,resolved,,,,,,Orange Paintball Gun
3792,Magenta Paintball Gun,3d_model,high (exact),,,,,,Magenta Paintball Gun,,,resolved,,,,,,Magenta Paintball Gun
3793,Lime Paintball Gun,3d_model,high (exact),,,,,,Lime Paintball Gun,,,resolved,,,,,,Lime Paintball Gun
3794,Light Gray Paintball Gun,3d_model,high (exact),,,,,,Light Gray Paintball Gun,,,resolved,,,,,,Light Gray Paintball Gun
3795,Light Blue Paintball Gun,3d_model,high (exact),,,,,,Light Blue Paintball Gun,,,resolved,,,,,,Light Blue Paintball Gun
3796,Green Paintball Gun,3d_model,high (exact),,,,,,Green Paintball Gun,,,resolved,,,,,,Green Paintball Gun
3797,Gray Paintball Gun,3d_model,high (exact),,,,,,Gray Paintball Gun,,,resolved,,,,,,Gray Paintball Gun
3798,Cyan Paintball Gun,3d_model,high (exact),,,,,,Cyan Paintball Gun,,,resolved,,,,,,Cyan Paintball Gun
3799,Brown Paintball Gun,3d_model,high (exact),,,,,,Brown Paintball Gun,,,resolved,,,,,,Brown Paintball Gun
3800,Blue Paintball Gun,3d_model,high (exact),,,,,,Blue Paintball Gun,,,resolved,,,,,,Blue Paintball Gun
3801,Black Paintball Gun,3d_model,high (exact),,,,,,Black Paintball Gun,,,resolved,,,,,,Black Paintball Gun
3802,Yellow Paintball,3d_model,high (exact),,,,,,Yellow Paintball,,,resolved,,,,,,Yellow Paintball
3803,White Paintball,3d_model,high (exact),,,,,,White Paintball,,,resolved,,,,,,White Paintball
3804,Red Paintball,3d_model,high (exact),,,,,,Red Paintball,,,resolved,,,,,,Red Paintball
3805,Purple Paintball,3d_model,high (exact),,,,,,Purple Paintball,,,resolved,,,,,,Purple Paintball
3806,Pink Paintball,3d_model,high (exact),,,,,,Pink Paintball,,,resolved,,,,,,Pink Paintball
3807,Orange Paintball,3d_model,high (exact),,,,,,Orange Paintball,,,resolved,,,,,,Orange Paintball
3808,Magenta Paintball,3d_model,high (exact),,,,,,Magenta Paintball,,,resolved,,,,,,Magenta Paintball
3809,Lime Paintball,3d_model,high (exact),,,,,,Lime Paintball,,,resolved,,,,,,Lime Paintball
3810,Light Gray Paintball,3d_model,high (exact),,,,,,Light Gray Paintball,,,resolved,,,,,,Light Gray Paintball
3811,Light Blue Paintball,3d_model,high (exact),,,,,,Light Blue Paintball,,,resolved,,,,,,Light Blue Paintball
3812,Green Paintball,3d_model,high (exact),,,,,,Green Paintball,,,resolved,,,,,,Green Paintball
3813,Gray Paintball,3d_model,high (exact),,,,,,Gray Paintball,,,resolved,,,,,,Gray Paintball
3814,Cyan Paintball,3d_model,high (exact),,,,,,Cyan Paintball,,,resolved,,,,,,Cyan Paintball
3815,Brown Paintball,3d_model,high (exact),,,,,,Brown Paintball,,,resolved,,,,,,Brown Paintball
3816,Blue Paintball,3d_model,high (exact),,,,,,Blue Paintball,,,resolved,,,,,,Blue Paintball
3817,Black Paintball,3d_model,high (exact),,,,,,Black Paintball,,,resolved,,,,,,Black Paintball
3818,Yellow Heavy Paintball Gun,3d_model,high (exact),,,,,,Yellow Heavy Paintball Gun,,,resolved,,,,,,Yellow Heavy Paintball Gun
3819,White Heavy Paintball Gun,3d_model,high (exact),,,,,,White Heavy Paintball Gun,,,resolved,,,,,,White Heavy Paintball Gun
3820,Red Heavy Paintball Gun,3d_model,high (exact),,,,,,Red Heavy Paintball Gun,,,resolved,,,,,,Red Heavy Paintball Gun
3821,Purple Heavy Paintball Gun,3d_model,high (exact),,,,,,Purple Heavy Paintball Gun,,,resolved,,,,,,Purple Heavy Paintball Gun
3822,Pink Heavy Paintball Gun,3d_model,high (exact),,,,,,Pink Heavy Paintball Gun,,,resolved,,,,,,Pink Heavy Paintball Gun
3823,Orange Heavy Paintball Gun,3d_model,high (exact),,,,,,Orange Heavy Paintball Gun,,,resolved,,,,,,Orange Heavy Paintball Gun
3824,Magenta Heavy Paintball Gun,3d_model,high (exact),,,,,,Magenta Heavy Paintball Gun,,,resolved,,,,,,Magenta Heavy Paintball Gun
3825,Lime Heavy Paintball Gun,3d_model,high (exact),,,,,,Lime Heavy Paintball Gun,,,resolved,,,,,,Lime Heavy Paintball Gun
3826,Light Gray Heavy Paintball Gun,3d_model,high (exact),,,,,,Light Gray Heavy Paintball Gun,,,resolved,,,,,,Light Gray Heavy Paintball Gun
3827,Light Blue Heavy Paintball Gun,3d_model,high (exact),,,,,,Light Blue Heavy Paintball Gun,,,resolved,,,,,,Light Blue Heavy Paintball Gun
3828,Green Heavy Paintball Gun,3d_model,high (exact),,,,,,Green Heavy Paintball Gun,,,resolved,,,,,,Green Heavy Paintball Gun
3829,Gray Heavy Paintball Gun,3d_model,high (exact),,,,,,Gray Heavy Paintball Gun,,,resolved,,,,,,Gray Heavy Paintball Gun
3830,Cyan Heavy Paintball Gun,3d_model,high (exact),,,,,,Cyan Heavy Paintball Gun,,,resolved,,,,,,Cyan Heavy Paintball Gun
3831,Brown Heavy Paintball Gun,3d_model,high (exact),,,,,,Brown Heavy Paintball Gun,,,resolved,,,,,,Brown Heavy Paintball Gun
3832,Blue Heavy Paintball Gun,3d_model,high (exact),,,,,,Blue Heavy Paintball Gun,,,resolved,,,,,,Blue Heavy Paintball Gun
3833,Black Heavy Paintball Gun,3d_model,high (exact),,,,,,Black Heavy Paintball Gun,,,resolved,,,,,,Black Heavy Paintball Gun
3834,Yellow Paintball Explosive Item,texture,low,,,,,,,yellow_paintball,explosive_paint_yellow,special,,,,,,
3835,White Paintball Explosive Item,texture,low,,,,,,,white_paintball,explosive_paint_white,special,,,,,,
3836,Red Paintball Explosive Item,texture,low,,,,,,,red_paintball,explosive_paint_red,special,,,,,,
3837,Purple Paintball Explosive Item,texture,low,,,,,,,purple_paintball,explosive_paint_purple,special,,,,,,
3838,Pink Paintball Explosive Item,texture,low,,,,,,,pink_paintball,explosive_paint_pink,special,,,,,,
3839,Orange Paintball Explosive Item,texture,low,,,,,,,orange_paintball,explosive_paint_orange,special,,,,,,
3840,Magenta Paintball Explosive Item,texture,low,,,,,,,magenta_paintball,explosive_paint_magenta,special,,,,,,
3841,Lime Paintball Explosive Item,texture,low,,,,,,,lime_paintball,explosive_paint_lime,special,,,,,,
3842,Light Gray Paintball Explosive Item,texture,low,,,,,,,light_gray_paintball,explosive_paint_light_gray,special,,,,,,
3843,Light Blue Paintball Explosive Item,texture,low,,,,,,,light_blue_paintball,explosive_paint_light_blue,special,,,,,,
3844,Green Paintball Explosive Item,texture,low,,,,,,,green_paintball,explosive_paint_green,special,,,,,,
3845,Gray Paintball Explosive Item,texture,low,,,,,,,gray_paintball,explosive_paint_gray,special,,,,,,
3846,Cyan Paintball Explosive Item,texture,low,,,,,,,cyan_paintball,cyan_paintball_gun,special,,,,,,
3847,Brown Paintball Explosive Item,texture,low,,,,,,,brown_paintball,brown_paintball_gun,special,,,,,,
3848,Blue Paintball Explosive Item,texture,low,,,,,,,blue_paintball,blue_paintball_gun,special,,,,,,
3849,Black Paintball Explosive Item,texture,low,,,,,,,black_paintball,black_paintball_gun,special,,,,,,
3850,Yellow Sticky Paintball Explosive Item,texture,low,,,,,,,explosive_paint_sticky_yellow,yellow_paintball,special,,,,,,
3851,White Sticky Paintball Explosive Item,texture,low,,,,,,,explosive_paint_sticky_white,white_paintball,special,,,,,,
3852,Red Sticky Paintball Explosive Item,texture,low,,,,,,,explosive_paint_sticky_red,red_paintball,special,,,,,,
3853,Purple Sticky Paintball Explosive Item,texture,low,,,,,,,explosive_paint_sticky_purple,purple_paintball,special,,,,,,
3854,Pink Sticky Paintball Explosive Item,texture,low,,,,,,,explosive_paint_sticky_pink,pink_paintball,special,,,,,,
3855,Orange Sticky Paintball Explosive Item,texture,low,,,,,,,explosive_paint_sticky_orange,orange_paintball,special,,,,,,
3856,Magenta Sticky Paintball Explosive Item,texture,low,,,,,,,explosive_paint_sticky_magenta,magenta_paintball,special,,,,,,
3857,Lime Sticky Paintball Explosive Item,texture,low,,,,,,,explosive_paint_sticky_lime,lime_paintball,special,,,,,,
3858,Light Gray Sticky Paintball Explosive Item,texture,low,,,,,,,explosive_paint_sticky_light_gray,light_gray_paintball,special,,,,,,
3859,Light Blue Sticky Paintball Explosive Item,texture,low,,,,,,,explosive_paint_sticky_light_blue,light_blue_paintball,special,,,,,,
3860,Green Sticky Paintball Explosive Item,texture,low,,,,,,,explosive_paint_sticky_green,green_paintball,special,,,,,,
3861,Gray Sticky Paintball Explosive Item,texture,low,,,,,,,explosive_paint_sticky_gray,explosive_paint_sticky_light_gray,special,,,,,,
3862,Cyan Sticky Paintball Explosive Item,texture,low,,,,,,,explosive_paint_sticky_cyan,cyan_paintball,special,,,,,,
3863,Brown Sticky Paintball Explosive Item,texture,low,,,,,,,explosive_paint_sticky_brown,brown_paintball,special,,,,,,
3864,Blue Sticky Paintball Explosive Item,texture,low,,,,,,,explosive_paint_sticky_blue,explosive_paint_sticky_light_blue,special,,,,,,
3865,Black Sticky Paintball Explosive Item,texture,low,,,,,,,explosive_paint_sticky_black,black_paintball,special,,,,,,
3866,Yellow Seeking Paintball Explosive Item,texture,low,,,,,,,explosive_paint_seeking_yellow,yellow_paintball,special,,,,,,
3867,White Seeking Paintball Explosive Item,texture,low,,,,,,,explosive_paint_seeking_white,white_paintball,special,,,,,,
3868,Red Seeking Paintball Explosive Item,texture,low,,,,,,,explosive_paint_seeking_red,red_paintball,special,,,,,,
3869,Purple Seeking Paintball Explosive Item,texture,low,,,,,,,explosive_paint_seeking_purple,purple_paintball,special,,,,,,
3870,Pink Seeking Paintball Explosive Item,texture,low,,,,,,,explosive_paint_seeking_pink,pink_paintball,special,,,,,,
3871,Orange Seeking Paintball Explosive Item,texture,low,,,,,,,explosive_paint_seeking_orange,orange_paintball,special,,,,,,
3872,Magenta Seeking Paintball Explosive Item,texture,low,,,,,,,explosive_paint_seeking_magenta,magenta_paintball,special,,,,,,
3873,Lime Seeking Paintball Explosive Item,texture,low,,,,,,,explosive_paint_seeking_lime,lime_paintball,special,,,,,,
3874,Light Gray Seeking Paintball Explosive Item,texture,low,,,,,,,explosive_paint_seeking_light_gray,light_gray_paintball,special,,,,,,
3875,Light Blue Seeking Paintball Explosive Item,texture,low,,,,,,,explosive_paint_seeking_light_blue,light_blue_paintball,special,,,,,,
3876,Green Seeking Paintball Explosive Item,texture,low,,,,,,,explosive_paint_seeking_green,green_paintball,special,,,,,,
3877,Gray Seeking Paintball Explosive Item,texture,low,,,,,,,explosive_paint_seeking_gray,explosive_paint_seeking_light_gray,special,,,,,,
3878,Cyan Seeking Paintball Explosive Item,texture,low,,,,,,,explosive_paint_seeking_cyan,cyan_paintball,special,,,,,,
3879,Brown Seeking Paintball Explosive Item,texture,low,,,,,,,explosive_paint_seeking_brown,brown_paintball,special,,,,,,
3880,Blue Seeking Paintball Explosive Item,texture,low,,,,,,,explosive_paint_seeking_blue,explosive_paint_seeking_light_blue,special,,,,,,
3881,Black Seeking Paintball Explosive Item,texture,low,,,,,,,explosive_paint_seeking_black,black_paintball,special,,,,,,
3882,Yellow Quick Paintball Explosive Item,texture,low,,,,,,,explosive_paint_quick_yellow,yellow_paintball,special,,,,,,
3883,White Quick Paintball Explosive Item,texture,low,,,,,,,explosive_paint_quick_white,white_paintball,special,,,,,,
3884,Red Quick Paintball Explosive Item,texture,low,,,,,,,explosive_paint_quick_red,red_paintball,special,,,,,,
3885,Purple Quick Paintball Explosive Item,texture,low,,,,,,,explosive_paint_quick_purple,purple_paintball,special,,,,,,
3886,Pink Quick Paintball Explosive Item,texture,low,,,,,,,explosive_paint_quick_pink,pink_paintball,special,,,,,,
3887,Orange Quick Paintball Explosive Item,texture,low,,,,,,,explosive_paint_quick_orange,orange_paintball,special,,,,,,
3888,Magenta Quick Paintball Explosive Item,texture,low,,,,,,,explosive_paint_quick_magenta,magenta_paintball,special,,,,,,
3889,Lime Quick Paintball Explosive Item,texture,low,,,,,,,explosive_paint_quick_lime,lime_paintball,special,,,,,,
3890,Light Gray Quick Paintball Explosive Item,texture,low,,,,,,,explosive_paint_quick_light_gray,light_gray_paintball,special,,,,,,
3891,Light Blue Quick Paintball Explosive Item,texture,low,,,,,,,explosive_paint_quick_light_blue,light_blue_paintball,special,,,,,,
3892,Green Quick Paintball Explosive Item,texture,low,,,,,,,explosive_paint_quick_green,green_paintball,special,,,,,,
3893,Gray Quick Paintball Explosive Item,texture,low,,,,,,,explosive_paint_quick_gray,explosive_paint_quick_light_gray,special,,,,,,
3894,Cyan Quick Paintball Explosive Item,texture,low,,,,,,,explosive_paint_quick_cyan,cyan_paintball,special,,,,,,
3895,Brown Quick Paintball Explosive Item,texture,low,,,,,,,explosive_paint_quick_brown,brown_paintball,special,,,,,,
3896,Blue Quick Paintball Explosive Item,texture,low,,,,,,,explosive_paint_quick_blue,explosive_paint_quick_light_blue,special,,,,,,
3897,Black Quick Paintball Explosive Item,texture,low,,,,,,,explosive_paint_quick_black,black_paintball,special,,,,,,
3898,Yellow Paint Bow,3d_model,high (exact),,,,,,Yellow Paint Bow,,,resolved,,,,,,Yellow Paint Bow
3902,White Paint Bow,3d_model,high (exact),,,,,,White Paint Bow,,,resolved,,,,,,White Paint Bow
3906,Red Paint Bow,3d_model,high (exact),,,,,,Red Paint Bow,,,resolved,,,,,,Red Paint Bow
3910,Purple Paint Bow,3d_model,high (exact),,,,,,Purple Paint Bow,,,resolved,,,,,,Purple Paint Bow
3914,Pink Paint Bow,3d_model,high (exact),,,,,,Pink Paint Bow,,,resolved,,,,,,Pink Paint Bow
3918,Orange Paint Bow,3d_model,high (exact),,,,,,Orange Paint Bow,,,resolved,,,,,,Orange Paint Bow
3922,Magenta Paint Bow,3d_model,high (exact),,,,,,Magenta Paint Bow,,,resolved,,,,,,Magenta Paint Bow
3926,Lime Paint Bow,3d_model,high (exact),,,,,,Lime Paint Bow,,,resolved,,,,,,Lime Paint Bow
3930,Light Gray Paint Bow,3d_model,high (exact),,,,,,Light Gray Paint Bow,,,resolved,,,,,,Light Gray Paint Bow
3934,Light Blue Paint Bow,3d_model,high (exact),,,,,,Light Blue Paint Bow,,,resolved,,,,,,Light Blue Paint Bow
3938,Green Paint Bow,3d_model,high (exact),,,,,,Green Paint Bow,,,resolved,,,,,,Green Paint Bow
3942,Gray Paint Bow,3d_model,high (exact),,,,,,Gray Paint Bow,,,resolved,,,,,,Gray Paint Bow
3946,Cyan Paint Bow,3d_model,high (exact),,,,,,Cyan Paint Bow,,,resolved,,,,,,Cyan Paint Bow
3950,Brown Paint Bow,3d_model,high (exact),,,,,,Brown Paint Bow,,,resolved,,,,,,Brown Paint Bow
3954,Blue Paint Bow,3d_model,high (exact),,,,,,Blue Paint Bow,,,resolved,,,,,,Blue Paint Bow
3958,Black Paint Bow,3d_model,high (exact),,,,,,Black Paint Bow,,,resolved,,,,,,Black Paint Bow
3962,Pig Spawn Orb,3d_model,high (exact),,,,,,Pig Spawn Orb,,,resolved,,,,,,Pig Spawn Orb
3963,Cow Spawn Orb,3d_model,high (exact),,,,,,Cow Spawn Orb,,,resolved,,,,,,Cow Spawn Orb
3964,Sheep Spawn Orb,3d_model,high (exact),,,,,,Sheep Spawn Orb,,,resolved,,,,,,Sheep Spawn Orb
3965,Horse Spawn Orb,3d_model,high (exact),,,,,,Horse Spawn Orb,,,resolved,,,,,,Horse Spawn Orb
3966,Deer Spawn Orb,3d_model,high (exact),,,,,,Deer Spawn Orb,,,resolved,,,,,,Deer Spawn Orb
3967,Slime Spawn Orb,texture,low,,,,,,,bear_spawn_orb,cow_spawn_orb,special,,,,,,
3968,Wolf Spawn Orb,3d_model,high (exact),,,,,,Wolf Spawn Orb,,,resolved,,,,,,Wolf Spawn Orb
3969,Wildcat Spawn Orb,3d_model,high (exact),,,,,,Wildcat Spawn Orb,,,resolved,,,,,,Wildcat Spawn Orb
3970,Spirit Golem Spawn Orb,3d_model,high (exact),,,,,,Spirit Golem Spawn Orb,,,resolved,,,,,,Spirit Golem Spawn Orb
3971,Spirit Wolf Spawn Orb,3d_model,high (exact),,,,,,Spirit Wolf Spawn Orb,,,resolved,,,,,,Spirit Wolf Spawn Orb
3972,Spirit Bear Spawn Orb,3d_model,high (exact),,,,,,Spirit Bear Spawn Orb,,,resolved,,,,,,Spirit Bear Spawn Orb
3973,Spirit Stag Spawn Orb,3d_model,high (exact),,,,,,Spirit Stag Spawn Orb,,,resolved,,,,,,Spirit Stag Spawn Orb
3974,Spirit Gorilla Spawn Orb,3d_model,high (exact),,,,,,Spirit Gorilla Spawn Orb,,,resolved,,,,,,Spirit Gorilla Spawn Orb
3975,Bear Spawn Orb,3d_model,high (exact),,,,,,Bear Spawn Orb,,,resolved,,,,,,Bear Spawn Orb
3976,Stag Spawn Orb,3d_model,high (exact),,,,,,Stag Spawn Orb,,,resolved,,,,,,Stag Spawn Orb
3977,Gold Watermelon Stag Spawn Orb,3d_model,high (exact),,,,,,Gold Watermelon Stag Spawn Orb,,,resolved,,,,,,Gold Watermelon Stag Spawn Orb
3978,Gorilla Spawn Orb,3d_model,high (exact),,,,,,Gorilla Spawn Orb,,,resolved,,,,,,Gorilla Spawn Orb
3979,Cave Golem Spawn Orb,3d_model,high (exact),,,,,,Cave Golem Spawn Orb,,,resolved,,,,,,Cave Golem Spawn Orb
3980,Draugr Zombie Spawn Orb,3d_model,high (exact),,,,,,Draugr Zombie Spawn Orb,,,resolved,,,,,,Draugr Zombie Spawn Orb
3981,Draugr Skeleton Spawn Orb,3d_model,high (exact),,,,,,Draugr Skeleton Spawn Orb,,,resolved,,,,,,Draugr Skeleton Spawn Orb
3982,Frost Golem Spawn Orb,3d_model,high (exact),,,,,,Frost Golem Spawn Orb,,,resolved,,,,,,Frost Golem Spawn Orb
3983,Frost Zombie Spawn Orb,3d_model,high (exact),,,,,,Frost Zombie Spawn Orb,,,resolved,,,,,,Frost Zombie Spawn Orb
3984,Frost Skeleton Spawn Orb,3d_model,high (exact),,,,,,Frost Skeleton Spawn Orb,,,resolved,,,,,,Frost Skeleton Spawn Orb
3985,Draugr Knight Spawn Orb,3d_model,high (exact),,,,,,Draugr Knight Spawn Orb,,,resolved,,,,,,Draugr Knight Spawn Orb
3986,Draugr Huntress Spawn Orb,3d_model,high (exact),,,,,,Draugr Huntress Spawn Orb,,,resolved,,,,,,Draugr Huntress Spawn Orb
3987,Magma Golem Spawn Orb,3d_model,high (exact),,,,,,Magma Golem Spawn Orb,,,resolved,,,,,,Magma Golem Spawn Orb
3988,Draugr Warper Spawn Orb,3d_model,high (exact),,,,,,Draugr Warper Spawn Orb,,,resolved,,,,,,Draugr Warper Spawn Orb
3989,Frost Wraith Spawn Orb,3d_model,high (exact),,,,,,Frost Wraith Spawn Orb,,,resolved,,,,,,Frost Wraith Spawn Orb
3990,Draugr Reaver Spawn Orb,3d_model,high (exact),,,,,,Draugr Reaver Spawn Orb,,,resolved,,,,,,Draugr Reaver Spawn Orb
3991,Stalker Spawn Orb,texture,low,,,,,,,bear_spawn_orb,cow_spawn_orb,special,,,,,,
3992,Crone Spawn Orb,texture,low,,,,,,,bear_spawn_orb,cow_spawn_orb,special,,,,,,
3993,Iron Guardian Spawn Orb,texture,low,,,,,,,bear_spawn_orb,cow_spawn_orb,special,,,,,,
3994,Gold Guardian Spawn Orb,texture,low,,,,,,,gold_watermelon_stag_spawn_orb,bear_spawn_orb,special,,,,,,
3995,Diamond Guardian Spawn Orb,texture,low,,,,,,,bear_spawn_orb,cow_spawn_orb,special,,,,,,
3996,Moonstone Guardian Spawn Orb,texture,low,,,,,,,moonstone_orb,bear_spawn_orb,special,,,,,,
3997,Mob Catcher,3d_model,high (exact),,,,,,Mob Catcher,,,resolved,,,,,,Mob Catcher
3998,Caught Mob Pig Default,3d_model,high (exact),,,,,,Caught Mob Pig Default,,,resolved,,,,,,Caught Mob Pig Default
3999,Caught Mob Cow Default,3d_model,high (exact),,,,,,Caught Mob Cow Default,,,resolved,,,,,,Caught Mob Cow Default
4000,Caught Mob Cow Cream,3d_model,high (exact),,,,,,Caught Mob Cow Cream,,,resolved,,,,,,Caught Mob Cow Cream
4001,Caught Mob Sheep Default,3d_model,high (exact),,,,,,Caught Mob Sheep Default,,,resolved,,,,,,Caught Mob Sheep Default
4002,Caught Mob Sheep Black,texture,low,,,,,,,caught_horse_black,caught_sheep_default,special,,,,,,
4003,Caught Mob Sheep Red,texture,low,,,,,,,caught_sheep_default,banner_red,special,,,,,,
4004,Caught Mob Sheep Orange,texture,low,,,,,,,caught_sheep_default,banner_orange,special,,,,,,
4005,Caught Mob Sheep Pink,texture,low,,,,,,,caught_sheep_default,banner_pink,special,,,,,,
4006,Caught Mob Sheep Purple,texture,low,,,,,,,caught_sheep_default,banner_purple,special,,,,,,
4007,Caught Mob Sheep Yellow,texture,low,,,,,,,caught_sheep_default,banner_yellow,special,,,,,,
4008,Caught Mob Sheep Blue,texture,low,,,,,,,caught_sheep_default,banner_blue,special,,,,,,
4009,Caught Mob Sheep Brown,texture,low,,,,,,,caught_camel_brown,caught_horse_brown,special,,,,,,
4010,Caught Mob Sheep Cyan,texture,low,,,,,,,caught_sheep_default,banner_cyan,special,,,,,,
4011,Caught Mob Sheep Gray,texture,low,,,,,,,caught_sheep_default,banner_gray,special,,,,,,
4012,Caught Mob Sheep Green,texture,low,,,,,,,caught_sheep_default,banner_green,special,,,,,,
4013,Caught Mob Sheep Lightblue,texture,low,,,,,,,caught_sheep_default,caught_fish,special,,,,,,
4014,Caught Mob Sheep Lightgray,texture,low,,,,,,,caught_sheep_default,caught_fish,special,,,,,,
4015,Caught Mob Sheep Lime,texture,low,,,,,,,caught_sheep_default,banner_lime,special,,,,,,
4016,Caught Mob Sheep Magenta,texture,low,,,,,,,caught_sheep_default,banner_magenta,special,,,,,,
4017,Caught Mob Horse Default,3d_model,high (exact),,,,,,Caught Mob Horse Default,,,resolved,,,,,,Caught Mob Horse Default
4018,Caught Mob Horse Black,3d_model,high (exact),,,,,,Caught Mob Horse Black,,,resolved,,,,,,Caught Mob Horse Black
4019,Caught Mob Horse Brown,3d_model,high (exact),,,,,,Caught Mob Horse Brown,,,resolved,,,,,,Caught Mob Horse Brown
4020,Caught Mob Horse Cream,3d_model,high (exact),,,,,,Caught Mob Horse Cream,,,resolved,,,,,,Caught Mob Horse Cream
4021,Caught Mob Deer Default,3d_model,high (exact),,,,,,Caught Mob Deer Default,,,resolved,,,,,,Caught Mob Deer Default
4022,Caught Mob Slime Default,texture,low,,,,,,,caught_bear_default,caught_camel_default,special,,,,,,
4023,Caught Mob Wolf Default,3d_model,high (exact),,,,,,Caught Mob Wolf Default,,,resolved,,,,,,Caught Mob Wolf Default
4024,Caught Mob Wolf White,3d_model,high (exact),,,,,,Caught Mob Wolf White,,,resolved,,,,,,Caught Mob Wolf White
4025,Caught Mob Wolf Brown,3d_model,high (exact),,,,,,Caught Mob Wolf Brown,,,resolved,,,,,,Caught Mob Wolf Brown
4026,Caught Mob Wolf Grey,3d_model,high (exact),,,,,,Caught Mob Wolf Grey,,,resolved,,,,,,Caught Mob Wolf Grey
4027,Caught Mob Wolf Spectral,3d_model,high (exact),,,,,,Caught Mob Wolf Spectral,,,resolved,,,,,,Caught Mob Wolf Spectral
4028,Caught Mob Wildcat Default,3d_model,high (exact),,,,,,Caught Mob Wildcat Default,,,resolved,,,,,,Caught Mob Wildcat Default
4029,Caught Mob Wildcat Tabby,3d_model,high (exact),,,,,,Caught Mob Wildcat Tabby,,,resolved,,,,,,Caught Mob Wildcat Tabby
4030,Caught Mob Wildcat Grey,3d_model,high (exact),,,,,,Caught Mob Wildcat Grey,,,resolved,,,,,,Caught Mob Wildcat Grey
4031,Caught Mob Wildcat Black,3d_model,high (exact),,,,,,Caught Mob Wildcat Black,,,resolved,,,,,,Caught Mob Wildcat Black
4032,Caught Mob Wildcat Calico,3d_model,high (exact),,,,,,Caught Mob Wildcat Calico,,,resolved,,,,,,Caught Mob Wildcat Calico
4033,Caught Mob Wildcat Siamese,3d_model,high (exact),,,,,,Caught Mob Wildcat Siamese,,,resolved,,,,,,Caught Mob Wildcat Siamese
4034,Caught Mob Wildcat Leopard,3d_model,high (exact),,,,,,Caught Mob Wildcat Leopard,,,resolved,,,,,,Caught Mob Wildcat Leopard
4035,Caught Mob Spirit_Golem Default,3d_model,high (exact),,,,,,Caught Mob Spirit_Golem Default,,,resolved,,,,,,Caught Mob Spirit_Golem Default
4036,Caught Mob Spirit_Wolf Default,3d_model,high (exact),,,,,,Caught Mob Spirit_Wolf Default,,,resolved,,,,,,Caught Mob Spirit_Wolf Default
4037,Caught Mob Spirit_Bear Default,3d_model,high (exact),,,,,,Caught Mob Spirit_Bear Default,,,resolved,,,,,,Caught Mob Spirit_Bear Default
4038,Caught Mob Spirit_Stag Default,3d_model,high (exact),,,,,,Caught Mob Spirit_Stag Default,,,resolved,,,,,,Caught Mob Spirit_Stag Default
4039,Caught Mob Spirit_Gorilla Default,3d_model,high (exact),,,,,,Caught Mob Spirit_Gorilla Default,,,resolved,,,,,,Caught Mob Spirit_Gorilla Default
4040,Caught Mob Bear Default,3d_model,high (exact),,,,,,Caught Mob Bear Default,,,resolved,,,,,,Caught Mob Bear Default
4041,Caught Mob Stag Default,3d_model,high (exact),,,,,,Caught Mob Stag Default,,,resolved,,,,,,Caught Mob Stag Default
4042,Caught Mob Gold_Watermelon_Stag Default,3d_model,high (exact),,,,,,Caught Mob Gold_Watermelon_Stag Default,,,resolved,,,,,,Caught Mob Gold_Watermelon_Stag Default
4043,Caught Mob Gorilla Default,3d_model,high (exact),,,,,,Caught Mob Gorilla Default,,,resolved,,,,,,Caught Mob Gorilla Default
4044,Caught Mob Cave_Golem Default,3d_model,high (exact),,,,,,Caught Mob Cave_Golem Default,,,resolved,,,,,,Caught Mob Cave_Golem Default
4045,Caught Mob Cave_Golem Iron,3d_model,high (exact),,,,,,Caught Mob Cave_Golem Iron,,,resolved,,,,,,Caught Mob Cave_Golem Iron
4046,Caught Mob Cave_Golem Corrupted,texture,low,,,,,,,caught_cave_golem_default,caught_cave_golem_iron,special,,,,,,
4047,Caught Mob Draugr_Zombie Default,3d_model,high (exact),,,,,,Caught Mob Draugr_Zombie Default,,,resolved,,,,,,Caught Mob Draugr_Zombie Default
4048,Caught Mob Draugr_Zombie Longhairchestplate,3d_model,high (exact),,,,,,Caught Mob Draugr_Zombie LongHairChestplate,,,resolved,,,,,,Caught Mob Draugr_Zombie LongHairChestplate
4049,Caught Mob Draugr_Zombie Longhairclothed,3d_model,high (exact),,,,,,Caught Mob Draugr_Zombie LongHairClothed,,,resolved,,,,,,Caught Mob Draugr_Zombie LongHairClothed
4050,Caught Mob Draugr_Zombie Shorthairclothed,3d_model,high (exact),,,,,,Caught Mob Draugr_Zombie ShortHairClothed,,,resolved,,,,,,Caught Mob Draugr_Zombie ShortHairClothed
4051,Caught Mob Draugr_Zombie Flower,texture,low,,,,,,,caught_draugr_zombie_default,caught_draugr_zombie_longHairChestplate,special,,,,,,
4052,Caught Mob Draugr_Zombie Flower2,texture,low,,,,,,,caught_draugr_zombie_default,caught_draugr_zombie_longHairChestplate,special,,,,,,
4053,Caught Mob Draugr_Zombie Mushroom,texture,low,,,,,,,caught_draugr_zombie_default,caught_draugr_zombie_longHairChestplate,special,,,,,,
4054,Caught Mob Draugr_Zombie Vine,texture,low,,,,,,,caught_draugr_zombie_default,caught_draugr_zombie_longHairChestplate,special,,,,,,
4055,Caught Mob Draugr_Zombie Vine2,texture,low,,,,,,,caught_draugr_zombie_default,caught_draugr_zombie_longHairChestplate,special,,,,,,
4056,Caught Mob Draugr_Zombie Corrupted,texture,low,,,,,,,caught_draugr_zombie_default,caught_draugr_zombie_longHairChestplate,special,,,,,,
4057,Caught Mob Draugr_Zombie Corrupted2,texture,low,,,,,,,caught_draugr_zombie_default,caught_draugr_zombie_longHairChestplate,special,,,,,,
4058,Caught Mob Draugr_Skeleton Default,3d_model,high (exact),,,,,,Caught Mob Draugr_Skeleton Default,,,resolved,,,,,,Caught Mob Draugr_Skeleton Default
4059,Caught Mob Frost_Golem Default,3d_model,high (exact),,,,,,Caught Mob Frost_Golem Default,,,resolved,,,,,,Caught Mob Frost_Golem Default
4060,Caught Mob Frost_Zombie Default,3d_model,high (exact),,,,,,Caught Mob Frost_Zombie Default,,,resolved,,,,,,Caught Mob Frost_Zombie Default
4061,Caught Mob Frost_Zombie Longhairchestplate,3d_model,high (exact),,,,,,Caught Mob Frost_Zombie LongHairChestplate,,,resolved,,,,,,Caught Mob Frost_Zombie LongHairChestplate
4062,Caught Mob Frost_Zombie Shorthairclothed,3d_model,high (exact),,,,,,Caught Mob Frost_Zombie ShortHairClothed,,,resolved,,,,,,Caught Mob Frost_Zombie ShortHairClothed
4063,Caught Mob Frost_Skeleton Default,3d_model,high (exact),,,,,,Caught Mob Frost_Skeleton Default,,,resolved,,,,,,Caught Mob Frost_Skeleton Default
4064,Caught Mob Draugr_Knight Default,3d_model,high (exact),,,,,,Caught Mob Draugr_Knight Default,,,resolved,,,,,,Caught Mob Draugr_Knight Default
4065,Caught Mob Draugr_Huntress Default,3d_model,high (exact),,,,,,Caught Mob Draugr_Huntress Default,,,resolved,,,,,,Caught Mob Draugr_Huntress Default
4066,Caught Mob Draugr_Huntress Chainmail,texture,low,,,,,,,caught_draugr_huntress_default,Draugr Huntress_Atlas,special,,,,,,
4067,Caught Mob Magma_Golem Default,3d_model,high (exact),,,,,,Caught Mob Magma_Golem Default,,,resolved,,,,,,Caught Mob Magma_Golem Default
4068,Caught Mob Draugr_Warper Default,3d_model,high (exact),,,,,,Caught Mob Draugr_Warper Default,,,resolved,,,,,,Caught Mob Draugr_Warper Default
4069,Caught Mob Frost_Wraith Default,3d_model,high (exact),,,,,,Caught Mob Frost_Wraith Default,,,resolved,,,,,,Caught Mob Frost_Wraith Default
4070,Caught Mob Draugr_Reaver Default,3d_model,high (exact),,,,,,Caught Mob Draugr_Reaver Default,,,resolved,,,,,,Caught Mob Draugr_Reaver Default
4071,Caught Mob Stalker Default,texture,low,,,,,,,caught_bear_default,caught_camel_default,special,,,,,,
4072,Caught Mob Stalker Crimson,texture,low,,,,,,,caught_fish,crimson_trapdoor,special,,,,,,
4073,Caught Mob Stalker Frost,texture,low,,,,,,,caught_frost_golem_default,caught_frost_skeleton_default,special,,,,,,
4074,Caught Mob Stalker Void,texture,low,,,,,,,caught_fish,Mob Slayer,special,,,,,,
4075,Caught Mob Crone Default,texture,low,,,,,,,caught_bear_default,caught_camel_default,special,,,,,,
4076,Caught Mob Iron_Guardian Default,texture,low,,,,,,,caught_bear_default,caught_camel_default,special,,,,,,
4077,Caught Mob Gold_Guardian Default,texture,low,,,,,,,caught_gold_watermelon_stag_default,caught_bear_default,special,,,,,,
4078,Caught Mob Diamond_Guardian Default,texture,low,,,,,,,caught_bear_default,caught_camel_default,special,,,,,,
4079,Caught Mob Moonstone_Guardian Default,texture,low,,,,,,,caught_bear_default,caught_camel_default,special,,,,,,
4080,Caught Mob NPC Default,texture,low,,,,,,,caught_bear_default,caught_camel_default,special,,,,,,
4081,Caught Mob NPC Emma,texture,low,,,,,,,caught_fish,Mob Slayer,special,,,,,,
4082,Caught Mob NPC Leo,texture,low,,,,,,,caught_fish,Mob Slayer,special,,,,,,
4083,Caught Mob NPC Isabel,texture,low,,,,,,,caught_fish,Mob Slayer,special,,,,,,
4084,Caught Mob NPC Sanjay,texture,low,,,,,,,caught_fish,Mob Slayer,special,,,,,,
4085,Caught Mob NPC Imara,texture,low,,,,,,,caught_fish,Mob Slayer,special,,,,,,
4086,Caught Mob NPC Enoch,texture,low,,,,,,,caught_fish,Mob Slayer,special,,,,,,
4087,Caught Mob NPC Sara,texture,low,,,,,,,caught_fish,Mob Slayer,special,,,,,,
4088,Caught Mob NPC Carmen,texture,low,,,,,,,caught_fish,Mob Slayer,special,,,,,,
4089,Caught Mob 67 Default,texture,low,,,,,,,caught_bear_default,caught_camel_default,special,,,,,,
4090,Caught Mob Bobino_Musculino Default,texture,low,,,,,,,caught_bear_default,caught_camel_default,special,,,,,,
4091,Caught Mob Capitano_Explovissimo Default,texture,low,,,,,,,caught_bear_default,caught_camel_default,special,,,,,,
4092,Timed Spike Bomb,3d_model,high (exact),,,,,,Timed Spike Bomb,,,resolved,,,,,,Timed Spike Bomb
4096,Toxin Ball,3d_model,high (exact),,,,,,Toxin Ball,,,resolved,,,,,,Toxin Ball
4097,Aura XP Fragment,3d_model,high (exact),,,,,,Aura XP Fragment,,,resolved,,,,,,Aura XP Fragment
4098,Aura XP Orb,3d_model,high (exact),,,,,,Aura XP Orb,,,resolved,,,,,,Aura XP Orb
4099,Aura XP Potion,3d_model,high (exact),,,,,,Aura XP Potion,,,resolved,,,,,,Aura XP Potion
4100,Aura XP Potion II,3d_model,high (exact),,,,,,Aura XP Potion II,,,resolved,,,,,,Aura XP Potion II
4101,Splash Aura XP Potion,3d_model,high (exact),,,,,,Splash Aura XP Potion,,,resolved,,,,,,Splash Aura XP Potion
4102,Splash Aura XP Potion II,3d_model,high (exact),,,,,,Splash Aura XP Potion II,,,resolved,,,,,,Splash Aura XP Potion II
4103,Arrow of Aura XP,3d_model,high (exact),,,,,,Arrow of Aura XP,,,resolved,,,,,,Arrow of Aura XP
4104,Firecracker,3d_model,high (exact),,,,,,Firecracker,,,resolved,,,,,,Firecracker
4105,Rainbow Firecracker,3d_model,high (exact),,,,,,Rainbow Firecracker,,,resolved,,,,,,Rainbow Firecracker
4106,Yellow Firecracker,3d_model,high (exact),,,,,,Yellow Firecracker,,,resolved,,,,,,Yellow Firecracker
4107,White Firecracker,3d_model,high (exact),,,,,,White Firecracker,,,resolved,,,,,,White Firecracker
4108,Red Firecracker,3d_model,high (exact),,,,,,Red Firecracker,,,resolved,,,,,,Red Firecracker
4109,Purple Firecracker,3d_model,high (exact),,,,,,Purple Firecracker,,,resolved,,,,,,Purple Firecracker
4110,Pink Firecracker,3d_model,high (exact),,,,,,Pink Firecracker,,,resolved,,,,,,Pink Firecracker
4111,Orange Firecracker,3d_model,high (exact),,,,,,Orange Firecracker,,,resolved,,,,,,Orange Firecracker
4112,Magenta Firecracker,3d_model,high (exact),,,,,,Magenta Firecracker,,,resolved,,,,,,Magenta Firecracker
4113,Lime Firecracker,3d_model,high (exact),,,,,,Lime Firecracker,,,resolved,,,,,,Lime Firecracker
4114,Light Gray Firecracker,3d_model,high (exact),,,,,,Light Gray Firecracker,,,resolved,,,,,,Light Gray Firecracker
4115,Light Blue Firecracker,3d_model,high (exact),,,,,,Light Blue Firecracker,,,resolved,,,,,,Light Blue Firecracker
4116,Green Firecracker,3d_model,high (exact),,,,,,Green Firecracker,,,resolved,,,,,,Green Firecracker
4117,Gray Firecracker,3d_model,high (exact),,,,,,Gray Firecracker,,,resolved,,,,,,Gray Firecracker
4118,Cyan Firecracker,3d_model,high (exact),,,,,,Cyan Firecracker,,,resolved,,,,,,Cyan Firecracker
4119,Brown Firecracker,3d_model,high (exact),,,,,,Brown Firecracker,,,resolved,,,,,,Brown Firecracker
4120,Blue Firecracker,3d_model,high (exact),,,,,,Blue Firecracker,,,resolved,,,,,,Blue Firecracker
4121,Black Firecracker,3d_model,high (exact),,,,,,Black Firecracker,,,resolved,,,,,,Black Firecracker
4122,Firecracker Pebble,3d_model,high (exact),,,,,,Firecracker Pebble,,,resolved,,,,,,Firecracker Pebble
4123,Rainbow Firecracker Pebble,3d_model,high (exact),,,,,,Rainbow Firecracker Pebble,,,resolved,,,,,,Rainbow Firecracker Pebble
4124,Yellow Firecracker Pebble,3d_model,high (exact),,,,,,Yellow Firecracker Pebble,,,resolved,,,,,,Yellow Firecracker Pebble
4125,White Firecracker Pebble,3d_model,high (exact),,,,,,White Firecracker Pebble,,,resolved,,,,,,White Firecracker Pebble
4126,Red Firecracker Pebble,3d_model,high (exact),,,,,,Red Firecracker Pebble,,,resolved,,,,,,Red Firecracker Pebble
4127,Purple Firecracker Pebble,3d_model,high (exact),,,,,,Purple Firecracker Pebble,,,resolved,,,,,,Purple Firecracker Pebble
4128,Pink Firecracker Pebble,3d_model,high (exact),,,,,,Pink Firecracker Pebble,,,resolved,,,,,,Pink Firecracker Pebble
4129,Orange Firecracker Pebble,3d_model,high (exact),,,,,,Orange Firecracker Pebble,,,resolved,,,,,,Orange Firecracker Pebble
4130,Magenta Firecracker Pebble,3d_model,high (exact),,,,,,Magenta Firecracker Pebble,,,resolved,,,,,,Magenta Firecracker Pebble
4131,Lime Firecracker Pebble,3d_model,high (exact),,,,,,Lime Firecracker Pebble,,,resolved,,,,,,Lime Firecracker Pebble
4132,Light Gray Firecracker Pebble,3d_model,high (exact),,,,,,Light Gray Firecracker Pebble,,,resolved,,,,,,Light Gray Firecracker Pebble
4133,Light Blue Firecracker Pebble,3d_model,high (exact),,,,,,Light Blue Firecracker Pebble,,,resolved,,,,,,Light Blue Firecracker Pebble
4134,Green Firecracker Pebble,3d_model,high (exact),,,,,,Green Firecracker Pebble,,,resolved,,,,,,Green Firecracker Pebble
4135,Gray Firecracker Pebble,3d_model,high (exact),,,,,,Gray Firecracker Pebble,,,resolved,,,,,,Gray Firecracker Pebble
4136,Cyan Firecracker Pebble,3d_model,high (exact),,,,,,Cyan Firecracker Pebble,,,resolved,,,,,,Cyan Firecracker Pebble
4137,Brown Firecracker Pebble,3d_model,high (exact),,,,,,Brown Firecracker Pebble,,,resolved,,,,,,Brown Firecracker Pebble
4138,Blue Firecracker Pebble,3d_model,high (exact),,,,,,Blue Firecracker Pebble,,,resolved,,,,,,Blue Firecracker Pebble
4139,Black Firecracker Pebble,3d_model,high (exact),,,,,,Black Firecracker Pebble,,,resolved,,,,,,Black Firecracker Pebble
4140,WorldBuilder Wand,3d_model,high (exact),,,,,,WorldBuilder Wand,,,resolved,,,,,,WorldBuilder Wand
4141,Red Strongfish,3d_model,high (exact),,,,,,Red Strongfish,,,resolved,,,,,,Red Strongfish
4142,Green Strongfish,3d_model,high (exact),,,,,,Green Strongfish,,,resolved,,,,,,Green Strongfish
4143,Moon Strongfish,3d_model,high (exact),,,,,,Moon Strongfish,,,resolved,,,,,,Moon Strongfish
4144,Wheatfish,3d_model,high (exact),,,,,,Wheatfish,,,resolved,,,,,,Wheatfish
4145,Moonfish,3d_model,high (exact),,,,,,Moonfish,,,resolved,,,,,,Moonfish
4146,Bombfish,3d_model,high (exact),,,,,,Bombfish,,,resolved,,,,,,Bombfish
4147,Boomerang Fish,3d_model,high (exact),,,,,,Boomerang Fish,,,resolved,,,,,,Boomerang Fish
4148,Root Flounder,3d_model,high (exact),,,,,,Root Flounder,,,resolved,,,,,,Root Flounder
4149,Abyss Carp,3d_model,high (exact),,,,,,Abyss Carp,,,resolved,,,,,,Abyss Carp
4150,Boulder Bass,3d_model,high (exact),,,,,,Boulder Bass,,,resolved,,,,,,Boulder Bass
4151,Barnaclejaw,3d_model,high (exact),,,,,,Barnaclejaw,,,resolved,,,,,,Barnaclejaw
4152,Crystalized Wheatfish,3d_model,high (exact),,,,,,Crystalized Wheatfish,,,resolved,,,,,,Crystalized Wheatfish
4153,Darter,3d_model,high (exact),,,,,,Darter,,,resolved,,,,,,Darter
4154,Shadow Darter,3d_model,high (exact),,,,,,Shadow Darter,,,resolved,,,,,,Shadow Darter
4155,Electric Eel,3d_model,high (exact),,,,,,Electric Eel,,,resolved,,,,,,Electric Eel
4156,Grass Snapper,3d_model,high (exact),,,,,,Grass Snapper,,,resolved,,,,,,Grass Snapper
4157,Jungle Spinefish,3d_model,high (exact),,,,,,Jungle Spinefish,,,resolved,,,,,,Jungle Spinefish
4158,Mangler Catfish,3d_model,high (exact),,,,,,Mangler Catfish,,,resolved,,,,,,Mangler Catfish
4159,Mossback Arapaima,3d_model,high (exact),,,,,,Mossback Arapaima,,,resolved,,,,,,Mossback Arapaima
4160,Sandbelly Piranha,3d_model,high (exact),,,,,,Sandbelly Piranha,,,resolved,,,,,,Sandbelly Piranha
4161,Shadeback Ray,3d_model,high (exact),,,,,,Shadeback Ray,,,resolved,,,,,,Shadeback Ray
4162,Mudbelly Tilapia,3d_model,high (exact),,,,,,Mudbelly Tilapia,,,resolved,,,,,,Mudbelly Tilapia
4163,Mireback Carp,3d_model,high (exact),,,,,,Mireback Carp,,,resolved,,,,,,Mireback Carp
4164,Rotslab Eel,3d_model,high (exact),,,,,,Rotslab Eel,,,resolved,,,,,,Rotslab Eel
4165,Aether Minnow,3d_model,high (exact),,,,,,Aether Minnow,,,resolved,,,,,,Aether Minnow
4166,Murkborne Ray,3d_model,high (exact),,,,,,Murkborne Ray,,,resolved,,,,,,Murkborne Ray
4167,Eldertide Leviathan,3d_model,high (exact),,,,,,Eldertide Leviathan,,,resolved,,,,,,Eldertide Leviathan
4168,Oarfish,3d_model,high (exact),,,,,,Oarfish,,,resolved,,,,,,Oarfish
4169,Alpha Moon Strongfish,3d_model,high (exact),,,,,,Alpha Moon Strongfish,,,resolved,,,,,,Alpha Moon Strongfish
4170,Bamboo Catfish,3d_model,high (exact),,,,,,Bamboo Catfish,,,resolved,,,,,,Bamboo Catfish
4171,Blackwater Bream,3d_model,high (exact),,,,,,Blackwater Bream,,,resolved,,,,,,Blackwater Bream
4172,Blackwater Leviathan,3d_model,high (exact),,,,,,Blackwater Leviathan,,,resolved,,,,,,Blackwater Leviathan
4173,Boned Sturgeon,3d_model,high (exact),,,,,,Boned Sturgeon,,,resolved,,,,,,Boned Sturgeon
4174,Bull Shark,3d_model,high (exact),,,,,,Bull Shark,,,resolved,,,,,,Bull Shark
4175,Channel Sawfish,3d_model,high (exact),,,,,,Channel Sawfish,,,resolved,,,,,,Channel Sawfish
4176,Coastal Mullet,3d_model,high (exact),,,,,,Coastal Mullet,,,resolved,,,,,,Coastal Mullet
4177,Coelacanth,3d_model,high (exact),,,,,,Coelacanth,,,resolved,,,,,,Coelacanth
4178,Driftwood Catfish,3d_model,high (exact),,,,,,Driftwood Catfish,,,resolved,,,,,,Driftwood Catfish
4179,Eagle Ray,3d_model,high (exact),,,,,,Eagle Ray,,,resolved,,,,,,Eagle Ray
4180,Giant Grouper,3d_model,high (exact),,,,,,Giant Grouper,,,resolved,,,,,,Giant Grouper
4181,Giant Moray,3d_model,high (exact),,,,,,Giant Moray,,,resolved,,,,,,Giant Moray
4182,Giant Stingray,3d_model,high (exact),,,,,,Giant Stingray,,,resolved,,,,,,Giant Stingray
4183,Golden Mahseer,3d_model,high (exact),,,,,,Golden Mahseer,,,resolved,,,,,,Golden Mahseer
4184,Greenfin Loach,3d_model,high (exact),,,,,,Greenfin Loach,,,resolved,,,,,,Greenfin Loach
4185,Mangrove Herring,3d_model,high (exact),,,,,,Mangrove Herring,,,resolved,,,,,,Mangrove Herring
4186,Moonlit Boomerang Fish,3d_model,high (exact),,,,,,Moonlit Boomerang Fish,,,resolved,,,,,,Moonlit Boomerang Fish
4187,Moonstone Pupfish,3d_model,high (exact),,,,,,Moonstone Pupfish,,,resolved,,,,,,Moonstone Pupfish
4188,Mudline Perch,3d_model,high (exact),,,,,,Mudline Perch,,,resolved,,,,,,Mudline Perch
4189,Murk Stingray,3d_model,high (exact),,,,,,Murk Stingray,,,resolved,,,,,,Murk Stingray
4190,Needlefish,3d_model,high (exact),,,,,,Needlefish,,,resolved,,,,,,Needlefish
4191,Nomai Moray,3d_model,high (exact),,,,,,Nomai Moray,,,resolved,,,,,,Nomai Moray
4192,Pearlescent Moonfish,3d_model,high (exact),,,,,,Pearlescent Moonfish,,,resolved,,,,,,Pearlescent Moonfish
4193,Rainbow Guppy,3d_model,high (exact),,,,,,Rainbow Guppy,,,resolved,,,,,,Rainbow Guppy
4194,Red Snapper,3d_model,high (exact),,,,,,Red Snapper,,,resolved,,,,,,Red Snapper
4195,Reedglass Minnow,3d_model,high (exact),,,,,,Reedglass Minnow,,,resolved,,,,,,Reedglass Minnow
4196,Reef Sardine,3d_model,high (exact),,,,,,Reef Sardine,,,resolved,,,,,,Reef Sardine
4197,Root Perch,3d_model,high (exact),,,,,,Root Perch,,,resolved,,,,,,Root Perch
4198,Rust Scad,3d_model,high (exact),,,,,,Rust Scad,,,resolved,,,,,,Rust Scad
4199,Seahorse,3d_model,high (exact),,,,,,Seahorse,,,resolved,,,,,,Seahorse
4200,Snakehead,3d_model,high (exact),,,,,,Snakehead,,,resolved,,,,,,Snakehead
4201,Spined Stickleback,3d_model,high (exact),,,,,,Spined Stickleback,,,resolved,,,,,,Spined Stickleback
4202,Stone Grouper,3d_model,high (exact),,,,,,Stone Grouper,,,resolved,,,,,,Stone Grouper
4203,Sumpback Carp,3d_model,high (exact),,,,,,Sumpback Carp,,,resolved,,,,,,Sumpback Carp
4204,Sunset Minnow,3d_model,high (exact),,,,,,Sunset Minnow,,,resolved,,,,,,Sunset Minnow
4205,Tarpon,3d_model,high (exact),,,,,,Tarpon,,,resolved,,,,,,Tarpon
4206,Threadfin Bream,3d_model,high (exact),,,,,,Threadfin Bream,,,resolved,,,,,,Threadfin Bream
4207,Tri-Pointed Needlefish,3d_model,high (exact),,,,,,Tri-Pointed Needlefish,,,resolved,,,,,,Tri-Pointed Needlefish
4208,Game Dev Fish,3d_model,high (exact),,,,,,Game Dev Fish,,,resolved,,,,,,Game Dev Fish
4209,Armoured Searobin,3d_model,high (exact),,,,,,Armoured Searobin,,,resolved,,,,,,Armoured Searobin
4210,Ash Lionfish,3d_model,high (exact),,,,,,Ash Lionfish,,,resolved,,,,,,Ash Lionfish
4211,Barefrost Toothfish,3d_model,high (exact),,,,,,Barefrost Toothfish,,,resolved,,,,,,Barefrost Toothfish
4212,Blackfin Icefish,3d_model,high (exact),,,,,,Blackfin Icefish,,,resolved,,,,,,Blackfin Icefish
4213,Basalt Pipefish,3d_model,high (exact),,,,,,Basalt Pipefish,,,resolved,,,,,,Basalt Pipefish
4214,Brimstone Spikefish,3d_model,high (exact),,,,,,Brimstone Spikefish,,,resolved,,,,,,Brimstone Spikefish
4215,Cinder Leviathan,3d_model,high (exact),,,,,,Cinder Leviathan,,,resolved,,,,,,Cinder Leviathan
4216,Crowned Flame Angelfish,3d_model,high (exact),,,,,,Crowned Flame Angelfish,,,resolved,,,,,,Crowned Flame Angelfish
4217,Deepwater Lanternfish,3d_model,high (exact),,,,,,Deepwater Lanternfish,,,resolved,,,,,,Deepwater Lanternfish
4218,Driftice Capelin,3d_model,high (exact),,,,,,Driftice Capelin,,,resolved,,,,,,Driftice Capelin
4219,Ember Chub,3d_model,high (exact),,,,,,Ember Chub,,,resolved,,,,,,Ember Chub
4220,Embermark Wrasse,3d_model,high (exact),,,,,,Embermark Wrasse,,,resolved,,,,,,Embermark Wrasse
4221,Eviota Vader,3d_model,high (exact),,,,,,Eviota Vader,,,resolved,,,,,,Eviota Vader
4222,Frost Herring,3d_model,high (exact),,,,,,Frost Herring,,,resolved,,,,,,Frost Herring
4223,Frost Wolf Eel,3d_model,high (exact),,,,,,Frost Wolf Eel,,,resolved,,,,,,Frost Wolf Eel
4224,Frostpaint Notie,3d_model,high (exact),,,,,,Frostpaint Notie,,,resolved,,,,,,Frostpaint Notie
4225,Frozen Grenadier,3d_model,high (exact),,,,,,Frozen Grenadier,,,resolved,,,,,,Frozen Grenadier
4226,Giant Trevally,3d_model,high (exact),,,,,,Giant Trevally,,,resolved,,,,,,Giant Trevally
4227,Glacial Lanternfish,3d_model,high (exact),,,,,,Glacial Lanternfish,,,resolved,,,,,,Glacial Lanternfish
4228,Glacial Silverfish,3d_model,high (exact),,,,,,Glacial Silverfish,,,resolved,,,,,,Glacial Silverfish
4229,Heatwarp Flounder,3d_model,high (exact),,,,,,Heatwarp Flounder,,,resolved,,,,,,Heatwarp Flounder
4230,Hatchetfish,3d_model,high (exact),,,,,,Hatchetfish,,,resolved,,,,,,Hatchetfish
4231,Ice Spined Notothenia,3d_model,high (exact),,,,,,Ice Spined Notothenia,,,resolved,,,,,,Ice Spined Notothenia
4232,Iceshelf Skate,3d_model,high (exact),,,,,,Iceshelf Skate,,,resolved,,,,,,Iceshelf Skate
4233,Icy Sculpin,3d_model,high (exact),,,,,,Icy Sculpin,,,resolved,,,,,,Icy Sculpin
4234,Lavaflow Trout,3d_model,high (exact),,,,,,Lavaflow Trout,,,resolved,,,,,,Lavaflow Trout
4235,Lavawake Slopefish,3d_model,high (exact),,,,,,Lavawake Slopefish,,,resolved,,,,,,Lavawake Slopefish
4236,Magma Sardinella,3d_model,high (exact),,,,,,Magma Sardinella,,,resolved,,,,,,Magma Sardinella
4237,Magma Trout,3d_model,high (exact),,,,,,Magma Trout,,,resolved,,,,,,Magma Trout
4238,Marbled Moray Cod,3d_model,high (exact),,,,,,Marbled Moray Cod,,,resolved,,,,,,Marbled Moray Cod
4239,Molten Lotella Cod,3d_model,high (exact),,,,,,Molten Lotella Cod,,,resolved,,,,,,Molten Lotella Cod
4240,Northern Wolffish,3d_model,high (exact),,,,,,Northern Wolffish,,,resolved,,,,,,Northern Wolffish
4241,Paleice Rockcod,3d_model,high (exact),,,,,,Paleice Rockcod,,,resolved,,,,,,Paleice Rockcod
4242,Permafrost Halibut,3d_model,high (exact),,,,,,Permafrost Halibut,,,resolved,,,,,,Permafrost Halibut
4243,Pithead,3d_model,high (exact),,,,,,Pithead,,,resolved,,,,,,Pithead
4244,Polarflash Electron,3d_model,high (exact),,,,,,Polarflash Electron,,,resolved,,,,,,Polarflash Electron
4245,Pyroclast Eel,3d_model,high (exact),,,,,,Pyroclast Eel,,,resolved,,,,,,Pyroclast Eel
4246,Pyroscale Grouper,3d_model,high (exact),,,,,,Pyroscale Grouper,,,resolved,,,,,,Pyroscale Grouper
4247,Red Pyreside,3d_model,high (exact),,,,,,Red Pyreside,,,resolved,,,,,,Red Pyreside
4248,Rimesnouted Lancetfish,3d_model,high (exact),,,,,,Rimesnouted Lancetfish,,,resolved,,,,,,Rimesnouted Lancetfish
4249,Scorched Sunfish,3d_model,high (exact),,,,,,Scorched Sunfish,,,resolved,,,,,,Scorched Sunfish
4250,Scored Dace,3d_model,high (exact),,,,,,Scored Dace,,,resolved,,,,,,Scored Dace
4251,Silver Dragonfish,3d_model,high (exact),,,,,,Silver Dragonfish,,,resolved,,,,,,Silver Dragonfish
4252,Snow Haddock,3d_model,high (exact),,,,,,Snow Haddock,,,resolved,,,,,,Snow Haddock
4253,Volcanic Catfish,3d_model,high (exact),,,,,,Volcanic Catfish,,,resolved,,,,,,Volcanic Catfish
4254,Volcanic Semperi,3d_model,high (exact),,,,,,Volcanic Semperi,,,resolved,,,,,,Volcanic Semperi
4255,Rusty Rod,3d_model,high (exact),,,,,,Rusty Rod,,,resolved,,,,,,Rusty Rod
4256,Lucky Rod,3d_model,high (exact),,,,,,Lucky Rod,,,resolved,,,,,,Lucky Rod
4257,Sturdy Rod,3d_model,high (exact),,,,,,Sturdy Rod,,,resolved,,,,,,Sturdy Rod
4258,Jungle Rod,3d_model,high (exact),,,,,,Jungle Rod,,,resolved,,,,,,Jungle Rod
4259,Draugr Rod,3d_model,high (exact),,,,,,Draugr Rod,,,resolved,,,,,,Draugr Rod
4260,Cursed Rod,3d_model,high (exact),,,,,,Cursed Rod,,,resolved,,,,,,Cursed Rod
4261,Tangle Resistant Rod,3d_model,high (exact),,,,,,Tangle Resistant Rod,,,resolved,,,,,,Tangle Resistant Rod
4262,Speed Rod,3d_model,high (exact),,,,,,Speed Rod,,,resolved,,,,,,Speed Rod
4263,Carbon Rod,3d_model,high (exact),,,,,,Carbon Rod,,,resolved,,,,,,Carbon Rod
4264,Deep Sea Rod,3d_model,high (exact),,,,,,Deep Sea Rod,,,resolved,,,,,,Deep Sea Rod
4265,Master Rod,3d_model,high (exact),,,,,,Master Rod,,,resolved,,,,,,Master Rod
4266,Obsidian Rod,3d_model,high (exact),,,,,,Obsidian Rod,,,resolved,,,,,,Obsidian Rod
4267,Molten Magma Rod,3d_model,high (exact),,,,,,Molten Magma Rod,,,resolved,,,,,,Molten Magma Rod
4268,Frost Rod,3d_model,high (exact),,,,,,Frost Rod,,,resolved,,,,,,Frost Rod
4269,Black Ice Rod,3d_model,high (exact),,,,,,Black Ice Rod,,,resolved,,,,,,Black Ice Rod
4270,Mythic Rod,3d_model,high (exact),,,,,,Mythic Rod,,,resolved,,,,,,Mythic Rod
4271,Acorn,3d_model,high (exact),,,,,,Acorn,,,resolved,,,,,,Acorn
4272,Acorn Jelly,3d_model,high (exact),,,,,,Acorn Jelly,,,resolved,,,,,,Acorn Jelly
4273,Cow's Milk,3d_model,high (exact),,,,,,Cow's Milk,,,resolved,,,,,,Cow's Milk
4274,Cheese,3d_model,high (exact),,,,,,Cheese,,,resolved,,,,,,Cheese
4275,Caught Fish,3d_model,high (exact),,,,,,Caught Fish,,,resolved,,,,,,Caught Fish
4276,Fish Fillet,3d_model,high (exact),,,,,,Fish Fillet,,,resolved,,,,,,Fish Fillet
4277,Meaty Bone,3d_model,high (exact),,,,,,Meaty Bone,,,resolved,,,,,,Meaty Bone
4278,Blinding Pebble,3d_model,high (exact),,,,,,Blinding Pebble,,,resolved,,,,,,Blinding Pebble
4279,Sheep's Milk,3d_model,high (exact),,,,,,Sheep's Milk,,,resolved,,,,,,Sheep's Milk
4280,Yoghurt Pot,3d_model,high (exact),,,,,,Yoghurt Pot,,,resolved,,,,,,Yoghurt Pot
4281,Truffle,3d_model,high (exact),,,,,,Truffle,,,resolved,,,,,,Truffle
4282,Truffle Oil,3d_model,high (exact),,,,,,Truffle Oil,,,resolved,,,,,,Truffle Oil
4283,Oats,3d_model,high (exact),,,,,,Oats,,,resolved,,,,,,Oats
4284,Porridge,3d_model,high (exact),,,,,,Porridge,,,resolved,,,,,,Porridge
4285,Poop,3d_model,high (exact),,,,,,Poop,,,resolved,,,,,,Poop
4286,Fertiliser,3d_model,high (exact),,,,,,Fertiliser,,,resolved,,,,,,Fertiliser
4287,Medkit,3d_model,high (exact),,,,,,Medkit,,,resolved,,,,,,Medkit
4288,Wood Spear,3d_model,high (exact),,,,,,Wood Spear,,,resolved,,,,,,Wood Spear
4289,Stone Spear,3d_model,high (exact),,,,,,Stone Spear,,,resolved,,,,,,Stone Spear
4290,Iron Spear,3d_model,high (exact),,,,,,Iron Spear,,,resolved,,,,,,Iron Spear
4291,Gold Spear,3d_model,high (exact),,,,,,Gold Spear,,,resolved,,,,,,Gold Spear
4292,Diamond Spear,3d_model,high (exact),,,,,,Diamond Spear,,,resolved,,,,,,Diamond Spear
4293,Moonstone Spear,3d_model,high (exact),,,,,,Moonstone Spear,,,resolved,,,,,,Moonstone Spear
4294,Wood Dagger,3d_model,high (exact),,,,,,Wood Dagger,,,resolved,,,,,,Wood Dagger
4295,Stone Dagger,3d_model,high (exact),,,,,,Stone Dagger,,,resolved,,,,,,Stone Dagger
4296,Iron Dagger,3d_model,high (exact),,,,,,Iron Dagger,,,resolved,,,,,,Iron Dagger
4297,Gold Dagger,3d_model,high (exact),,,,,,Gold Dagger,,,resolved,,,,,,Gold Dagger
4298,Diamond Dagger,3d_model,high (exact),,,,,,Diamond Dagger,,,resolved,,,,,,Diamond Dagger
4299,Moonstone Dagger,3d_model,high (exact),,,,,,Moonstone Dagger,,,resolved,,,,,,Moonstone Dagger
4300,Wood Boomerang,3d_model,high (exact),,,,,,Wood Boomerang,,,resolved,,,,,,Wood Boomerang
4301,Stone Boomerang,3d_model,high (exact),,,,,,Stone Boomerang,,,resolved,,,,,,Stone Boomerang
4302,Iron Boomerang,3d_model,high (exact),,,,,,Iron Boomerang,,,resolved,,,,,,Iron Boomerang
4303,Gold Boomerang,3d_model,high (exact),,,,,,Gold Boomerang,,,resolved,,,,,,Gold Boomerang
4304,Diamond Boomerang,3d_model,high (exact),,,,,,Diamond Boomerang,,,resolved,,,,,,Diamond Boomerang
4305,Moonstone Boomerang,3d_model,high (exact),,,,,,Moonstone Boomerang,,,resolved,,,,,,Moonstone Boomerang
4306,Wood Club,3d_model,high (exact),,,,,,Wood Club,,,resolved,,,,,,Wood Club
4307,Stone Club,3d_model,high (exact),,,,,,Stone Club,,,resolved,,,,,,Stone Club
4308,Iron Club,3d_model,high (exact),,,,,,Iron Club,,,resolved,,,,,,Iron Club
4309,Gold Club,3d_model,high (exact),,,,,,Gold Club,,,resolved,,,,,,Gold Club
4310,Diamond Club,3d_model,high (exact),,,,,,Diamond Club,,,resolved,,,,,,Diamond Club
4311,Moonstone Club,3d_model,high (exact),,,,,,Moonstone Club,,,resolved,,,,,,Moonstone Club
4312,Wood Mace,3d_model,high (exact),,,,,,Wood Mace,,,resolved,,,,,,Wood Mace
4313,Stone Mace,3d_model,high (exact),,,,,,Stone Mace,,,resolved,,,,,,Stone Mace
4314,Iron Mace,3d_model,high (exact),,,,,,Iron Mace,,,resolved,,,,,,Iron Mace
4315,Gold Mace,3d_model,high (exact),,,,,,Gold Mace,,,resolved,,,,,,Gold Mace
4316,Diamond Mace,3d_model,high (exact),,,,,,Diamond Mace,,,resolved,,,,,,Diamond Mace
4317,Moonstone Mace,3d_model,high (exact),,,,,,Moonstone Mace,,,resolved,,,,,,Moonstone Mace
4318,Wood Whip,3d_model,high (exact),,,,,,Wood Whip,,,resolved,,,,,,Wood Whip
4319,Stone Whip,3d_model,high (exact),,,,,,Stone Whip,,,resolved,,,,,,Stone Whip
4320,Iron Whip,3d_model,high (exact),,,,,,Iron Whip,,,resolved,,,,,,Iron Whip
4321,Gold Whip,3d_model,high (exact),,,,,,Gold Whip,,,resolved,,,,,,Gold Whip
4322,Diamond Whip,3d_model,high (exact),,,,,,Diamond Whip,,,resolved,,,,,,Diamond Whip
4323,Moonstone Whip,3d_model,high (exact),,,,,,Moonstone Whip,,,resolved,,,,,,Moonstone Whip
4324,Beef Stew,3d_model,high (exact),,,,,,Beef Stew,,,resolved,,,,,,Beef Stew
4325,Chicken,3d_model,high (exact),,,,,,chicken,,,resolved,,,,,,chicken
4326,Coleslaw,3d_model,high (exact),,,,,,coleslaw,,,resolved,,,,,,coleslaw
4327,Egg,3d_model,high (exact),,,,,,egg,,,resolved,,,,,,egg
4328,Fish N Chips,3d_model,high (exact),,,,,,Fish N Chips,,,resolved,,,,,,Fish N Chips
4329,Fried Rice,3d_model,high (exact),,,,,,Fried Rice,,,resolved,,,,,,Fried Rice
4330,Lettuce,3d_model,high (exact),,,,,,lettuce,,,resolved,,,,,,lettuce
4331,Omelette,3d_model,high (exact),,,,,,omelette,,,resolved,,,,,,omelette
4332,Onion,3d_model,high (exact),,,,,,onion,,,resolved,,,,,,onion
4333,Red Cabbage,3d_model,high (exact),,,,,,Red Cabbage,,,resolved,,,,,,Red Cabbage
4334,Roast Dinner,3d_model,high (exact),,,,,,Roast Dinner,,,resolved,,,,,,Roast Dinner
4335,Salad,3d_model,high (exact),,,,,,salad,,,resolved,,,,,,salad
4336,Stuffed Pepper,3d_model,high (exact),,,,,,Stuffed Pepper,,,resolved,,,,,,Stuffed Pepper
4337,Sushi,3d_model,high (exact),,,,,,sushi,,,resolved,,,,,,sushi
4338,Tomato,3d_model,high (exact),,,,,,tomato,,,resolved,,,,,,tomato
4339,Vegetable Soup,3d_model,high (exact),,,,,,Vegetable Soup,,,resolved,,,,,,Vegetable Soup
4340,Common Lottery Ticket,texture,no_match,,,,,,,,,pending,,,,,,
4341,Uncommon Lottery Ticket,texture,no_match,,,,,,,,,pending,,,,,,
4342,Rare Lottery Ticket,texture,no_match,,,,,,,,,pending,,,,,,
4343,Epic Lottery Ticket,texture,no_match,,,,,,,,,pending,,,,,,
4344,Legendary Lottery Ticket,texture,no_match,,,,,,,,,pending,,,,,,
4345,Wood Clock,texture,low,,,,,,,spikes_wood,wood_boomerang,special,,,,,,
4353,Gold Clock,texture,low,,,,,,,gold_block,gold_boomerang,special,,,,,,
