id,full_name,root_name,meta_suffix
1,Unloaded,Unloaded,
2,Dirt,Dirt,
3,Messy Dirt,Messy Dirt,
4,Grass Block,Grass Block,
5,Sand,Sand,
6,Clay,Clay,
7,Gravel,Gravel,
8,Snow,Snow,
9,Maple Log,Maple Log,
10,Pine Log,Pine Log,
11,Plum Log,Plum Log,
12,Cedar Log,Cedar Log,
13,Aspen Log,Aspen Log,
14,Jungle Log,Jungle Log,
15,Maple Wood Planks,Maple Wood Planks,
16,Aspen Wood Planks,Aspen Wood Planks,
17,Plum Wood Planks,Plum Wood Planks,
18,Jungle Wood Planks,Jungle Wood Planks,
19,Pine Wood Planks,Pine Wood Planks,
20,Cedar Wood Planks,Cedar Wood Planks,
21,Barkless Maple Log,Barkless Maple Log,
22,Barkless Aspen Log,Barkless Aspen Log,
23,Barkless Plum Log,Barkless Plum Log,
24,Barkless Jungle Log,Barkless Jungle Log,
25,Barkless Pine Log,Barkless Pine Log,
26,Barkless Cedar Log,Barkless Cedar Log,
27,free_placeholder2,free_placeholder2,
28,Stone,Stone,
29,Messy Stone,Messy Stone,
30,free_placeholder,free_placeholder,
31,Smooth Stone,Smooth Stone,
32,Diorite,Diorite,
33,Smooth Diorite,Smooth Diorite,
34,Andesite,Andesite,
35,Smooth Andesite,Smooth Andesite,
36,Granite,Granite,
37,Smooth Granite,Smooth Granite,
38,Sandstone,Sandstone,
39,Yellowstone,Yellowstone,
40,Coal Ore,Coal Ore,
41,Iron Ore,Iron Ore,
42,Gold Ore,Gold Ore,
43,Lapis Lazuli Ore,Lapis Lazuli Ore,
44,Emerald Ore,Emerald Ore,
45,Diamond Ore,Diamond Ore,
46,Block of Coal,Block of Coal,
47,Block of Iron,Block of Iron,
48,Block of Gold,Block of Gold,
49,Block of Lapis Lazuli,Block of Lapis Lazuli,
50,Block of Emerald,Block of Emerald,
51,White Wool,White Wool,
52,Orange Wool,Orange Wool,
53,Magenta Wool,Magenta Wool,
54,Light Blue Wool,Light Blue Wool,
55,Yellow Wool,Yellow Wool,
56,Lime Wool,Lime Wool,
57,Pink Wool,Pink Wool,
58,Gray Wool,Gray Wool,
59,Light Gray Wool,Light Gray Wool,
60,Cyan Wool,Cyan Wool,
61,Purple Wool,Purple Wool,
62,Blue Wool,Blue Wool,
63,Brown Wool,Brown Wool,
64,Green Wool,Green Wool,
65,Red Wool,Red Wool,
66,Black Wool,Black Wool,
67,Baked Clay,Baked Clay,
68,White Baked Clay,White Baked Clay,
69,Orange Baked Clay,Orange Baked Clay,
70,Magenta Baked Clay,Magenta Baked Clay,
71,Light Blue Baked Clay,Light Blue Baked Clay,
72,Yellow Baked Clay,Yellow Baked Clay,
73,Lime Baked Clay,Lime Baked Clay,
74,Pink Baked Clay,Pink Baked Clay,
75,Gray Baked Clay,Gray Baked Clay,
76,Light Gray Baked Clay,Light Gray Baked Clay,
77,Cyan Baked Clay,Cyan Baked Clay,
78,Purple Baked Clay,Purple Baked Clay,
79,Blue Baked Clay,Blue Baked Clay,
80,Brown Baked Clay,Brown Baked Clay,
81,Green Baked Clay,Green Baked Clay,
82,Red Baked Clay,Red Baked Clay,
83,Black Baked Clay,Black Baked Clay,
84,Gray Concrete,Gray Concrete,
85,Light Gray Concrete,Light Gray Concrete,
86,Black Concrete,Black Concrete,
87,Blue Concrete,Blue Concrete,
88,Brown Concrete,Brown Concrete,
89,Cyan Concrete,Cyan Concrete,
90,Light Blue Concrete,Light Blue Concrete,
91,Lime Concrete,Lime Concrete,
92,Magenta Concrete,Magenta Concrete,
93,Orange Concrete,Orange Concrete,
94,Pink Concrete,Pink Concrete,
95,Purple Concrete,Purple Concrete,
96,Red Concrete,Red Concrete,
97,White Concrete,White Concrete,
98,Green Concrete,Green Concrete,
99,Yellow Concrete,Yellow Concrete,
100,Pine Leaves,Pine Leaves,
101,Aspen Leaves,Aspen Leaves,
102,Maple Leaves,Maple Leaves,
103,Jungle Leaves,Jungle Leaves,
104,Pumpkin_placeholder,Pumpkin_placeholder,
105,Watermelon,Watermelon,
106,Glass,Glass,
107,Black Glass,Black Glass,
108,Blue Glass,Blue Glass,
109,Brown Glass,Brown Glass,
110,Cyan Glass,Cyan Glass,
111,Gray Glass,Gray Glass,
112,Light Gray Glass,Light Gray Glass,
113,Green Glass,Green Glass,
114,Light Blue Glass,Light Blue Glass,
115,Lime Glass,Lime Glass,
116,Magenta Glass,Magenta Glass,
117,Orange Glass,Orange Glass,
118,Pink Glass,Pink Glass,
119,Purple Glass,Purple Glass,
120,Red Glass,Red Glass,
121,White Glass,White Glass,
122,Yellow Glass,Yellow Glass,
123,UNUSED BLOCK TYPE,UNUSED BLOCK TYPE,
124,Dim Lamp On,Dim Lamp On,
125,Dim Lamp Off,Dim Lamp Off,
126,Water,Water,
127,Invisible Solid,Invisible Solid,
128,Bricks,Bricks,
129,Stone Bricks,Stone Bricks,
130,Dark Red Brick,Dark Red Brick,
131,Dark Red Stone,Dark Red Stone,
132,Block of Quartz,Block of Quartz,
133,Chiseled Block of Quartz,Chiseled Block of Quartz,
134,Engraved Stone,Engraved Stone,
135,Mossy Stone Bricks,Mossy Stone Bricks,
136,Cracked Stone Bricks,Cracked Stone Bricks,
137,Smooth Sandstone,Smooth Sandstone,
138,Engraved Sandstone,Engraved Sandstone,
139,Ice,Ice,
140,Obsidian,Obsidian,
141,Hay Bale,Hay Bale,
142,Sponge,Sponge,
143,Beacon,Beacon,
144,temp,temp,
145,Golden Decoration,Golden Decoration,
146,Moonstone Explosive,Moonstone Explosive,
147,Bedrock,Bedrock,
148,Smooth Double Stone Slab,Smooth Double Stone Slab,
149,Cactus,Cactus,
150,Grass,Grass,
151,Dandelion,Dandelion,
152,Poppy,Poppy,
153,Red Tulip,Red Tulip,
154,Pink Tulip,Pink Tulip,
155,White Tulip,White Tulip,
156,Orange Tulip,Orange Tulip,
157,Daisy,Daisy,
158,Bluebell,Bluebell,
159,Forget-me-not,Forget-me-not,
160,Allium,Allium,
161,Azure Bluet,Azure Bluet,
162,Lily of the Valley,Lily of the Valley,
163,Shadow Rose,Shadow Rose,
164,Furnace,Furnace,
165,Furnace|meta|rot2,Furnace,meta|rot2
166,Furnace|meta|rot3,Furnace,meta|rot3
167,Furnace|meta|rot4,Furnace,meta|rot4
168,Workbench,Workbench,
169,Workbench|meta|rot2,Workbench,meta|rot2
170,Workbench|meta|rot3,Workbench,meta|rot3
171,Workbench|meta|rot4,Workbench,meta|rot4
172,Block of Diamond,Block of Diamond,
173,Maple Door,Maple Door,
174,Maple Door|meta|rot1|open,Maple Door,meta|rot1|open
175,Maple Door|meta|rot2|closed,Maple Door,meta|rot2|closed
176,Maple Door|meta|rot2|open,Maple Door,meta|rot2|open
177,Maple Door|meta|rot3|closed,Maple Door,meta|rot3|closed
178,Maple Door|meta|rot3|open,Maple Door,meta|rot3|open
179,Maple Door|meta|rot4|closed,Maple Door,meta|rot4|closed
180,Maple Door|meta|rot4|open,Maple Door,meta|rot4|open
181,_Maple Door Top,_Maple Door Top,
182,_Maple Door Top|meta|rot1|open,_Maple Door Top,meta|rot1|open
183,_Maple Door Top|meta|rot2|closed,_Maple Door Top,meta|rot2|closed
184,_Maple Door Top|meta|rot2|open,_Maple Door Top,meta|rot2|open
185,_Maple Door Top|meta|rot3|closed,_Maple Door Top,meta|rot3|closed
186,_Maple Door Top|meta|rot3|open,_Maple Door Top,meta|rot3|open
187,_Maple Door Top|meta|rot4|closed,_Maple Door Top,meta|rot4|closed
188,_Maple Door Top|meta|rot4|open,_Maple Door Top,meta|rot4|open
189,Maple Trapdoor,Maple Trapdoor,
190,Maple Trapdoor|meta|rot1|open,Maple Trapdoor,meta|rot1|open
191,Maple Trapdoor|meta|rot2|closed,Maple Trapdoor,meta|rot2|closed
192,Maple Trapdoor|meta|rot2|open,Maple Trapdoor,meta|rot2|open
193,Maple Trapdoor|meta|rot3|closed,Maple Trapdoor,meta|rot3|closed
194,Maple Trapdoor|meta|rot3|open,Maple Trapdoor,meta|rot3|open
195,Maple Trapdoor|meta|rot4|closed,Maple Trapdoor,meta|rot4|closed
196,Maple Trapdoor|meta|rot4|open,Maple Trapdoor,meta|rot4|open
197,Aspen Sapling,Aspen Sapling,
198,Maple Sapling,Maple Sapling,
199,Jungle Sapling,Jungle Sapling,
200,Plum Sapling,Plum Sapling,
201,Pine Sapling,Pine Sapling,
202,Cedar Sapling,Cedar Sapling,
203,Maple Log|TreeBase|Maple,Maple Log,TreeBase|Maple
204,Chest,Chest,
205,Chest|meta|rot2,Chest,meta|rot2
206,Chest|meta|rot3,Chest,meta|rot3
207,Chest|meta|rot4,Chest,meta|rot4
208,Pine Leaves|TreeCanopy,Pine Leaves,TreeCanopy
209,Aspen Leaves|TreeCanopy,Aspen Leaves,TreeCanopy
210,Maple Leaves|TreeCanopy,Maple Leaves,TreeCanopy
211,Jungle Leaves|TreeCanopy,Jungle Leaves,TreeCanopy
212,Protector,Protector,
213,Fat Cactus,Fat Cactus,
214,Dry Fat Cactus,Dry Fat Cactus,
215,Maple Ladder,Maple Ladder,
216,Maple Ladder|meta|rot2,Maple Ladder,meta|rot2
217,Maple Ladder|meta|rot3,Maple Ladder,meta|rot3
218,Maple Ladder|meta|rot4,Maple Ladder,meta|rot4
219,Vines,Vines,
220,Vines|meta|rot2,Vines,meta|rot2
221,Vines|meta|rot3,Vines,meta|rot3
222,Vines|meta|rot4,Vines,meta|rot4
223,Dirt|GrassRoots,Dirt,GrassRoots
224,Iron Ladder,Iron Ladder,
225,Iron Ladder|meta|rot2,Iron Ladder,meta|rot2
226,Iron Ladder|meta|rot3,Iron Ladder,meta|rot3
227,Iron Ladder|meta|rot4,Iron Ladder,meta|rot4
228,White Planks,White Planks,
229,Orange Planks,Orange Planks,
230,Magenta Planks,Magenta Planks,
231,Light Blue Planks,Light Blue Planks,
232,Yellow Planks,Yellow Planks,
233,Lime Planks,Lime Planks,
234,Pink Planks,Pink Planks,
235,Gray Planks,Gray Planks,
236,Light Gray Planks,Light Gray Planks,
237,Cyan Planks,Cyan Planks,
238,Purple Planks,Purple Planks,
239,Blue Planks,Blue Planks,
240,Brown Planks,Brown Planks,
241,Green Planks,Green Planks,
242,Red Planks,Red Planks,
243,Black Planks,Black Planks,
244,Artisan Bench,Artisan Bench,
245,White Ceramic,White Ceramic,
246,White Ceramic|meta|rot2,White Ceramic,meta|rot2
247,White Ceramic|meta|rot3,White Ceramic,meta|rot3
248,White Ceramic|meta|rot4,White Ceramic,meta|rot4
249,Orange Ceramic,Orange Ceramic,
250,Orange Ceramic|meta|rot2,Orange Ceramic,meta|rot2
251,Orange Ceramic|meta|rot3,Orange Ceramic,meta|rot3
252,Orange Ceramic|meta|rot4,Orange Ceramic,meta|rot4
253,Magenta Ceramic,Magenta Ceramic,
254,Magenta Ceramic|meta|rot2,Magenta Ceramic,meta|rot2
255,Magenta Ceramic|meta|rot3,Magenta Ceramic,meta|rot3
256,Magenta Ceramic|meta|rot4,Magenta Ceramic,meta|rot4
257,Light Blue Ceramic,Light Blue Ceramic,
258,Light Blue Ceramic|meta|rot2,Light Blue Ceramic,meta|rot2
259,Light Blue Ceramic|meta|rot3,Light Blue Ceramic,meta|rot3
260,Light Blue Ceramic|meta|rot4,Light Blue Ceramic,meta|rot4
261,Yellow Ceramic,Yellow Ceramic,
262,Yellow Ceramic|meta|rot2,Yellow Ceramic,meta|rot2
263,Yellow Ceramic|meta|rot3,Yellow Ceramic,meta|rot3
264,Yellow Ceramic|meta|rot4,Yellow Ceramic,meta|rot4
265,Lime Ceramic,Lime Ceramic,
266,Lime Ceramic|meta|rot2,Lime Ceramic,meta|rot2
267,Lime Ceramic|meta|rot3,Lime Ceramic,meta|rot3
268,Lime Ceramic|meta|rot4,Lime Ceramic,meta|rot4
269,Pink Ceramic,Pink Ceramic,
270,Pink Ceramic|meta|rot2,Pink Ceramic,meta|rot2
271,Pink Ceramic|meta|rot3,Pink Ceramic,meta|rot3
272,Pink Ceramic|meta|rot4,Pink Ceramic,meta|rot4
273,Gray Ceramic,Gray Ceramic,
274,Gray Ceramic|meta|rot2,Gray Ceramic,meta|rot2
275,Gray Ceramic|meta|rot3,Gray Ceramic,meta|rot3
276,Gray Ceramic|meta|rot4,Gray Ceramic,meta|rot4
277,Light Gray Ceramic,Light Gray Ceramic,
278,Light Gray Ceramic|meta|rot2,Light Gray Ceramic,meta|rot2
279,Light Gray Ceramic|meta|rot3,Light Gray Ceramic,meta|rot3
280,Light Gray Ceramic|meta|rot4,Light Gray Ceramic,meta|rot4
281,Cyan Ceramic,Cyan Ceramic,
282,Cyan Ceramic|meta|rot2,Cyan Ceramic,meta|rot2
283,Cyan Ceramic|meta|rot3,Cyan Ceramic,meta|rot3
284,Cyan Ceramic|meta|rot4,Cyan Ceramic,meta|rot4
285,Purple Ceramic,Purple Ceramic,
286,Purple Ceramic|meta|rot2,Purple Ceramic,meta|rot2
287,Purple Ceramic|meta|rot3,Purple Ceramic,meta|rot3
288,Purple Ceramic|meta|rot4,Purple Ceramic,meta|rot4
289,Blue Ceramic,Blue Ceramic,
290,Blue Ceramic|meta|rot2,Blue Ceramic,meta|rot2
291,Blue Ceramic|meta|rot3,Blue Ceramic,meta|rot3
292,Blue Ceramic|meta|rot4,Blue Ceramic,meta|rot4
293,Brown Ceramic,Brown Ceramic,
294,Brown Ceramic|meta|rot2,Brown Ceramic,meta|rot2
295,Brown Ceramic|meta|rot3,Brown Ceramic,meta|rot3
296,Brown Ceramic|meta|rot4,Brown Ceramic,meta|rot4
297,Green Ceramic,Green Ceramic,
298,Green Ceramic|meta|rot2,Green Ceramic,meta|rot2
299,Green Ceramic|meta|rot3,Green Ceramic,meta|rot3
300,Green Ceramic|meta|rot4,Green Ceramic,meta|rot4
301,Red Ceramic,Red Ceramic,
302,Red Ceramic|meta|rot2,Red Ceramic,meta|rot2
303,Red Ceramic|meta|rot3,Red Ceramic,meta|rot3
304,Red Ceramic|meta|rot4,Red Ceramic,meta|rot4
305,Black Ceramic,Black Ceramic,
306,Black Ceramic|meta|rot2,Black Ceramic,meta|rot2
307,Black Ceramic|meta|rot3,Black Ceramic,meta|rot3
308,Black Ceramic|meta|rot4,Black Ceramic,meta|rot4
309,Wheat Seeds,Wheat Seeds,
310,Wheat_stage1,Wheat_stage1,
311,Wheat_stage2,Wheat_stage2,
312,Wheat_stage3,Wheat_stage3,
313,Wheat_stage4,Wheat_stage4,
314,Wheat_stage5,Wheat_stage5,
315,Wheat,Wheat,
316,Wheat|FreshlyGrown,Wheat,FreshlyGrown
317,Tilled Soil,Tilled Soil,
318,Bread Block,Bread Block,
319,ReservedBread BlockRotation1,ReservedBread BlockRotation1,
320,ReservedBread BlockRotation2,ReservedBread BlockRotation2,
321,ReservedBread BlockRotation3,ReservedBread BlockRotation3,
322,Mossy Messy Stone,Mossy Messy Stone,
323,Dandelion|Roots,Dandelion,Roots
324,Poppy|Roots,Poppy,Roots
325,Red Tulip|Roots,Red Tulip,Roots
326,Pink Tulip|Roots,Pink Tulip,Roots
327,White Tulip|Roots,White Tulip,Roots
328,Orange Tulip|Roots,Orange Tulip,Roots
329,Daisy|Roots,Daisy,Roots
330,Bluebell|Roots,Bluebell,Roots
331,Forget-me-not|Roots,Forget-me-not,Roots
332,Allium|Roots,Allium,Roots
333,Azure Bluet|Roots,Azure Bluet,Roots
334,Lily of the Valley|Roots,Lily of the Valley,Roots
335,Shadow Rose|Roots,Shadow Rose,Roots
336,White Bed,White Bed,
337,White Bed|meta|rot2,White Bed,meta|rot2
338,White Bed|meta|rot3,White Bed,meta|rot3
339,White Bed|meta|rot4,White Bed,meta|rot4
340,_White Bed Head,_White Bed Head,
341,_White Bed Head|meta|rot2,_White Bed Head,meta|rot2
342,_White Bed Head|meta|rot3,_White Bed Head,meta|rot3
343,_White Bed Head|meta|rot4,_White Bed Head,meta|rot4
344,Orange Bed,Orange Bed,
345,Orange Bed|meta|rot2,Orange Bed,meta|rot2
346,Orange Bed|meta|rot3,Orange Bed,meta|rot3
347,Orange Bed|meta|rot4,Orange Bed,meta|rot4
348,_Orange Bed Head,_Orange Bed Head,
349,_Orange Bed Head|meta|rot2,_Orange Bed Head,meta|rot2
350,_Orange Bed Head|meta|rot3,_Orange Bed Head,meta|rot3
351,_Orange Bed Head|meta|rot4,_Orange Bed Head,meta|rot4
352,Magenta Bed,Magenta Bed,
353,Magenta Bed|meta|rot2,Magenta Bed,meta|rot2
354,Magenta Bed|meta|rot3,Magenta Bed,meta|rot3
355,Magenta Bed|meta|rot4,Magenta Bed,meta|rot4
356,_Magenta Bed Head,_Magenta Bed Head,
357,_Magenta Bed Head|meta|rot2,_Magenta Bed Head,meta|rot2
358,_Magenta Bed Head|meta|rot3,_Magenta Bed Head,meta|rot3
359,_Magenta Bed Head|meta|rot4,_Magenta Bed Head,meta|rot4
360,Light Blue Bed,Light Blue Bed,
361,Light Blue Bed|meta|rot2,Light Blue Bed,meta|rot2
362,Light Blue Bed|meta|rot3,Light Blue Bed,meta|rot3
363,Light Blue Bed|meta|rot4,Light Blue Bed,meta|rot4
364,_Light Blue Bed Head,_Light Blue Bed Head,
365,_Light Blue Bed Head|meta|rot2,_Light Blue Bed Head,meta|rot2
366,_Light Blue Bed Head|meta|rot3,_Light Blue Bed Head,meta|rot3
367,_Light Blue Bed Head|meta|rot4,_Light Blue Bed Head,meta|rot4
368,Yellow Bed,Yellow Bed,
369,Yellow Bed|meta|rot2,Yellow Bed,meta|rot2
370,Yellow Bed|meta|rot3,Yellow Bed,meta|rot3
371,Yellow Bed|meta|rot4,Yellow Bed,meta|rot4
372,_Yellow Bed Head,_Yellow Bed Head,
373,_Yellow Bed Head|meta|rot2,_Yellow Bed Head,meta|rot2
374,_Yellow Bed Head|meta|rot3,_Yellow Bed Head,meta|rot3
375,_Yellow Bed Head|meta|rot4,_Yellow Bed Head,meta|rot4
376,Lime Bed,Lime Bed,
377,Lime Bed|meta|rot2,Lime Bed,meta|rot2
378,Lime Bed|meta|rot3,Lime Bed,meta|rot3
379,Lime Bed|meta|rot4,Lime Bed,meta|rot4
380,_Lime Bed Head,_Lime Bed Head,
381,_Lime Bed Head|meta|rot2,_Lime Bed Head,meta|rot2
382,_Lime Bed Head|meta|rot3,_Lime Bed Head,meta|rot3
383,_Lime Bed Head|meta|rot4,_Lime Bed Head,meta|rot4
384,Pink Bed,Pink Bed,
385,Pink Bed|meta|rot2,Pink Bed,meta|rot2
386,Pink Bed|meta|rot3,Pink Bed,meta|rot3
387,Pink Bed|meta|rot4,Pink Bed,meta|rot4
388,_Pink Bed Head,_Pink Bed Head,
389,_Pink Bed Head|meta|rot2,_Pink Bed Head,meta|rot2
390,_Pink Bed Head|meta|rot3,_Pink Bed Head,meta|rot3
391,_Pink Bed Head|meta|rot4,_Pink Bed Head,meta|rot4
392,Gray Bed,Gray Bed,
393,Gray Bed|meta|rot2,Gray Bed,meta|rot2
394,Gray Bed|meta|rot3,Gray Bed,meta|rot3
395,Gray Bed|meta|rot4,Gray Bed,meta|rot4
396,_Gray Bed Head,_Gray Bed Head,
397,_Gray Bed Head|meta|rot2,_Gray Bed Head,meta|rot2
398,_Gray Bed Head|meta|rot3,_Gray Bed Head,meta|rot3
399,_Gray Bed Head|meta|rot4,_Gray Bed Head,meta|rot4
400,Light Gray Bed,Light Gray Bed,
401,Light Gray Bed|meta|rot2,Light Gray Bed,meta|rot2
402,Light Gray Bed|meta|rot3,Light Gray Bed,meta|rot3
403,Light Gray Bed|meta|rot4,Light Gray Bed,meta|rot4
404,_Light Gray Bed Head,_Light Gray Bed Head,
405,_Light Gray Bed Head|meta|rot2,_Light Gray Bed Head,meta|rot2
406,_Light Gray Bed Head|meta|rot3,_Light Gray Bed Head,meta|rot3
407,_Light Gray Bed Head|meta|rot4,_Light Gray Bed Head,meta|rot4
408,Cyan Bed,Cyan Bed,
409,Cyan Bed|meta|rot2,Cyan Bed,meta|rot2
410,Cyan Bed|meta|rot3,Cyan Bed,meta|rot3
411,Cyan Bed|meta|rot4,Cyan Bed,meta|rot4
412,_Cyan Bed Head,_Cyan Bed Head,
413,_Cyan Bed Head|meta|rot2,_Cyan Bed Head,meta|rot2
414,_Cyan Bed Head|meta|rot3,_Cyan Bed Head,meta|rot3
415,_Cyan Bed Head|meta|rot4,_Cyan Bed Head,meta|rot4
416,Purple Bed,Purple Bed,
417,Purple Bed|meta|rot2,Purple Bed,meta|rot2
418,Purple Bed|meta|rot3,Purple Bed,meta|rot3
419,Purple Bed|meta|rot4,Purple Bed,meta|rot4
420,_Purple Bed Head,_Purple Bed Head,
421,_Purple Bed Head|meta|rot2,_Purple Bed Head,meta|rot2
422,_Purple Bed Head|meta|rot3,_Purple Bed Head,meta|rot3
423,_Purple Bed Head|meta|rot4,_Purple Bed Head,meta|rot4
424,Blue Bed,Blue Bed,
425,Blue Bed|meta|rot2,Blue Bed,meta|rot2
426,Blue Bed|meta|rot3,Blue Bed,meta|rot3
427,Blue Bed|meta|rot4,Blue Bed,meta|rot4
428,_Blue Bed Head,_Blue Bed Head,
429,_Blue Bed Head|meta|rot2,_Blue Bed Head,meta|rot2
430,_Blue Bed Head|meta|rot3,_Blue Bed Head,meta|rot3
431,_Blue Bed Head|meta|rot4,_Blue Bed Head,meta|rot4
432,Brown Bed,Brown Bed,
433,Brown Bed|meta|rot2,Brown Bed,meta|rot2
434,Brown Bed|meta|rot3,Brown Bed,meta|rot3
435,Brown Bed|meta|rot4,Brown Bed,meta|rot4
436,_Brown Bed Head,_Brown Bed Head,
437,_Brown Bed Head|meta|rot2,_Brown Bed Head,meta|rot2
438,_Brown Bed Head|meta|rot3,_Brown Bed Head,meta|rot3
439,_Brown Bed Head|meta|rot4,_Brown Bed Head,meta|rot4
440,Green Bed,Green Bed,
441,Green Bed|meta|rot2,Green Bed,meta|rot2
442,Green Bed|meta|rot3,Green Bed,meta|rot3
443,Green Bed|meta|rot4,Green Bed,meta|rot4
444,_Green Bed Head,_Green Bed Head,
445,_Green Bed Head|meta|rot2,_Green Bed Head,meta|rot2
446,_Green Bed Head|meta|rot3,_Green Bed Head,meta|rot3
447,_Green Bed Head|meta|rot4,_Green Bed Head,meta|rot4
448,Red Bed,Red Bed,
449,Red Bed|meta|rot2,Red Bed,meta|rot2
450,Red Bed|meta|rot3,Red Bed,meta|rot3
451,Red Bed|meta|rot4,Red Bed,meta|rot4
452,_Red Bed Head,_Red Bed Head,
453,_Red Bed Head|meta|rot2,_Red Bed Head,meta|rot2
454,_Red Bed Head|meta|rot3,_Red Bed Head,meta|rot3
455,_Red Bed Head|meta|rot4,_Red Bed Head,meta|rot4
456,Black Bed,Black Bed,
457,Black Bed|meta|rot2,Black Bed,meta|rot2
458,Black Bed|meta|rot3,Black Bed,meta|rot3
459,Black Bed|meta|rot4,Black Bed,meta|rot4
460,_Black Bed Head,_Black Bed Head,
461,_Black Bed Head|meta|rot2,_Black Bed Head,meta|rot2
462,_Black Bed Head|meta|rot3,_Black Bed Head,meta|rot3
463,_Black Bed Head|meta|rot4,_Black Bed Head,meta|rot4
464,Apple Block,Apple Block,
465,Moonstone Ore,Moonstone Ore,
466,Moonstone Chest,Moonstone Chest,
467,Moonstone Chest|meta|rot2,Moonstone Chest,meta|rot2
468,Moonstone Chest|meta|rot3,Moonstone Chest,meta|rot3
469,Moonstone Chest|meta|rot4,Moonstone Chest,meta|rot4
470,Block of Moonstone,Block of Moonstone,
471,Magma,Magma,
472,Useless Soil,Useless Soil,
473,Marked Sandstone,Marked Sandstone,
474,Red Sandstone,Red Sandstone,
475,Smooth Red Sandstone,Smooth Red Sandstone,
476,Engraved Red Sandstone,Engraved Red Sandstone,
477,Marked Red Sandstone,Marked Red Sandstone,
478,Green Stone,Green Stone,
479,Green Bricks,Green Bricks,
480,Dark Green Bricks,Dark Green Bricks,
481,Sandstone Bricks,Sandstone Bricks,
482,Engraved Diorite,Engraved Diorite,
483,Diorite Bricks,Diorite Bricks,
484,Engraved Andesite,Engraved Andesite,
485,Andesite Bricks,Andesite Bricks,
486,Engraved Granite,Engraved Granite,
487,Granite Bricks,Granite Bricks,
488,Ice Bricks,Ice Bricks,
489,Placeholder Packed Ice,Placeholder Packed Ice,
490,Placeholder Blue Ice,Placeholder Blue Ice,
491,Plum Leaves,Plum Leaves,
492,Cedar Leaves,Cedar Leaves,
493,Palm Leaves,Palm Leaves,
494,Plum Leaves|TreeCanopy,Plum Leaves,TreeCanopy
495,Cedar Leaves|TreeCanopy,Cedar Leaves,TreeCanopy
496,Palm Leaves|TreeCanopy,Palm Leaves,TreeCanopy
497,Pine Log|TreeBase|Pine,Pine Log,TreeBase|Pine
498,Plum Log|TreeBase|Plum,Plum Log,TreeBase|Plum
499,Cedar Log|TreeBase|Cedar,Cedar Log,TreeBase|Cedar
500,Aspen Log|TreeBase|Aspen,Aspen Log,TreeBase|Aspen
501,Jungle Log|TreeBase|Jungle,Jungle Log,TreeBase|Jungle
502,Palm Log,Palm Log,
503,Palm Log|TreeBase|Palm,Palm Log,TreeBase|Palm
504,Palm Wood Planks,Palm Wood Planks,
505,Palm Sapling,Palm Sapling,
506,Pine Door,Pine Door,
507,Pine Door|meta|rot1|open,Pine Door,meta|rot1|open
508,Pine Door|meta|rot2|closed,Pine Door,meta|rot2|closed
509,Pine Door|meta|rot2|open,Pine Door,meta|rot2|open
510,Pine Door|meta|rot3|closed,Pine Door,meta|rot3|closed
511,Pine Door|meta|rot3|open,Pine Door,meta|rot3|open
512,Pine Door|meta|rot4|closed,Pine Door,meta|rot4|closed
513,Pine Door|meta|rot4|open,Pine Door,meta|rot4|open
514,_Pine Door Top,_Pine Door Top,
515,_Pine Door Top|meta|rot1|open,_Pine Door Top,meta|rot1|open
516,_Pine Door Top|meta|rot2|closed,_Pine Door Top,meta|rot2|closed
517,_Pine Door Top|meta|rot2|open,_Pine Door Top,meta|rot2|open
518,_Pine Door Top|meta|rot3|closed,_Pine Door Top,meta|rot3|closed
519,_Pine Door Top|meta|rot3|open,_Pine Door Top,meta|rot3|open
520,_Pine Door Top|meta|rot4|closed,_Pine Door Top,meta|rot4|closed
521,_Pine Door Top|meta|rot4|open,_Pine Door Top,meta|rot4|open
522,Plum Door,Plum Door,
523,Plum Door|meta|rot1|open,Plum Door,meta|rot1|open
524,Plum Door|meta|rot2|closed,Plum Door,meta|rot2|closed
525,Plum Door|meta|rot2|open,Plum Door,meta|rot2|open
526,Plum Door|meta|rot3|closed,Plum Door,meta|rot3|closed
527,Plum Door|meta|rot3|open,Plum Door,meta|rot3|open
528,Plum Door|meta|rot4|closed,Plum Door,meta|rot4|closed
529,Plum Door|meta|rot4|open,Plum Door,meta|rot4|open
530,_Plum Door Top,_Plum Door Top,
531,_Plum Door Top|meta|rot1|open,_Plum Door Top,meta|rot1|open
532,_Plum Door Top|meta|rot2|closed,_Plum Door Top,meta|rot2|closed
533,_Plum Door Top|meta|rot2|open,_Plum Door Top,meta|rot2|open
534,_Plum Door Top|meta|rot3|closed,_Plum Door Top,meta|rot3|closed
535,_Plum Door Top|meta|rot3|open,_Plum Door Top,meta|rot3|open
536,_Plum Door Top|meta|rot4|closed,_Plum Door Top,meta|rot4|closed
537,_Plum Door Top|meta|rot4|open,_Plum Door Top,meta|rot4|open
538,Cedar Door,Cedar Door,
539,Cedar Door|meta|rot1|open,Cedar Door,meta|rot1|open
540,Cedar Door|meta|rot2|closed,Cedar Door,meta|rot2|closed
541,Cedar Door|meta|rot2|open,Cedar Door,meta|rot2|open
542,Cedar Door|meta|rot3|closed,Cedar Door,meta|rot3|closed
543,Cedar Door|meta|rot3|open,Cedar Door,meta|rot3|open
544,Cedar Door|meta|rot4|closed,Cedar Door,meta|rot4|closed
545,Cedar Door|meta|rot4|open,Cedar Door,meta|rot4|open
546,_Cedar Door Top,_Cedar Door Top,
547,_Cedar Door Top|meta|rot1|open,_Cedar Door Top,meta|rot1|open
548,_Cedar Door Top|meta|rot2|closed,_Cedar Door Top,meta|rot2|closed
549,_Cedar Door Top|meta|rot2|open,_Cedar Door Top,meta|rot2|open
550,_Cedar Door Top|meta|rot3|closed,_Cedar Door Top,meta|rot3|closed
551,_Cedar Door Top|meta|rot3|open,_Cedar Door Top,meta|rot3|open
552,_Cedar Door Top|meta|rot4|closed,_Cedar Door Top,meta|rot4|closed
553,_Cedar Door Top|meta|rot4|open,_Cedar Door Top,meta|rot4|open
554,Aspen Door,Aspen Door,
555,Aspen Door|meta|rot1|open,Aspen Door,meta|rot1|open
556,Aspen Door|meta|rot2|closed,Aspen Door,meta|rot2|closed
557,Aspen Door|meta|rot2|open,Aspen Door,meta|rot2|open
558,Aspen Door|meta|rot3|closed,Aspen Door,meta|rot3|closed
559,Aspen Door|meta|rot3|open,Aspen Door,meta|rot3|open
560,Aspen Door|meta|rot4|closed,Aspen Door,meta|rot4|closed
561,Aspen Door|meta|rot4|open,Aspen Door,meta|rot4|open
562,_Aspen Door Top,_Aspen Door Top,
563,_Aspen Door Top|meta|rot1|open,_Aspen Door Top,meta|rot1|open
564,_Aspen Door Top|meta|rot2|closed,_Aspen Door Top,meta|rot2|closed
565,_Aspen Door Top|meta|rot2|open,_Aspen Door Top,meta|rot2|open
566,_Aspen Door Top|meta|rot3|closed,_Aspen Door Top,meta|rot3|closed
567,_Aspen Door Top|meta|rot3|open,_Aspen Door Top,meta|rot3|open
568,_Aspen Door Top|meta|rot4|closed,_Aspen Door Top,meta|rot4|closed
569,_Aspen Door Top|meta|rot4|open,_Aspen Door Top,meta|rot4|open
570,Jungle Door,Jungle Door,
571,Jungle Door|meta|rot1|open,Jungle Door,meta|rot1|open
572,Jungle Door|meta|rot2|closed,Jungle Door,meta|rot2|closed
573,Jungle Door|meta|rot2|open,Jungle Door,meta|rot2|open
574,Jungle Door|meta|rot3|closed,Jungle Door,meta|rot3|closed
575,Jungle Door|meta|rot3|open,Jungle Door,meta|rot3|open
576,Jungle Door|meta|rot4|closed,Jungle Door,meta|rot4|closed
577,Jungle Door|meta|rot4|open,Jungle Door,meta|rot4|open
578,_Jungle Door Top,_Jungle Door Top,
579,_Jungle Door Top|meta|rot1|open,_Jungle Door Top,meta|rot1|open
580,_Jungle Door Top|meta|rot2|closed,_Jungle Door Top,meta|rot2|closed
581,_Jungle Door Top|meta|rot2|open,_Jungle Door Top,meta|rot2|open
582,_Jungle Door Top|meta|rot3|closed,_Jungle Door Top,meta|rot3|closed
583,_Jungle Door Top|meta|rot3|open,_Jungle Door Top,meta|rot3|open
584,_Jungle Door Top|meta|rot4|closed,_Jungle Door Top,meta|rot4|closed
585,_Jungle Door Top|meta|rot4|open,_Jungle Door Top,meta|rot4|open
586,Palm Door,Palm Door,
587,Palm Door|meta|rot1|open,Palm Door,meta|rot1|open
588,Palm Door|meta|rot2|closed,Palm Door,meta|rot2|closed
589,Palm Door|meta|rot2|open,Palm Door,meta|rot2|open
590,Palm Door|meta|rot3|closed,Palm Door,meta|rot3|closed
591,Palm Door|meta|rot3|open,Palm Door,meta|rot3|open
592,Palm Door|meta|rot4|closed,Palm Door,meta|rot4|closed
593,Palm Door|meta|rot4|open,Palm Door,meta|rot4|open
594,_Palm Door Top,_Palm Door Top,
595,_Palm Door Top|meta|rot1|open,_Palm Door Top,meta|rot1|open
596,_Palm Door Top|meta|rot2|closed,_Palm Door Top,meta|rot2|closed
597,_Palm Door Top|meta|rot2|open,_Palm Door Top,meta|rot2|open
598,_Palm Door Top|meta|rot3|closed,_Palm Door Top,meta|rot3|closed
599,_Palm Door Top|meta|rot3|open,_Palm Door Top,meta|rot3|open
600,_Palm Door Top|meta|rot4|closed,_Palm Door Top,meta|rot4|closed
601,_Palm Door Top|meta|rot4|open,_Palm Door Top,meta|rot4|open
602,Pine Trapdoor,Pine Trapdoor,
603,Pine Trapdoor|meta|rot1|open,Pine Trapdoor,meta|rot1|open
604,Pine Trapdoor|meta|rot2|closed,Pine Trapdoor,meta|rot2|closed
605,Pine Trapdoor|meta|rot2|open,Pine Trapdoor,meta|rot2|open
606,Pine Trapdoor|meta|rot3|closed,Pine Trapdoor,meta|rot3|closed
607,Pine Trapdoor|meta|rot3|open,Pine Trapdoor,meta|rot3|open
608,Pine Trapdoor|meta|rot4|closed,Pine Trapdoor,meta|rot4|closed
609,Pine Trapdoor|meta|rot4|open,Pine Trapdoor,meta|rot4|open
610,Plum Trapdoor,Plum Trapdoor,
611,Plum Trapdoor|meta|rot1|open,Plum Trapdoor,meta|rot1|open
612,Plum Trapdoor|meta|rot2|closed,Plum Trapdoor,meta|rot2|closed
613,Plum Trapdoor|meta|rot2|open,Plum Trapdoor,meta|rot2|open
614,Plum Trapdoor|meta|rot3|closed,Plum Trapdoor,meta|rot3|closed
615,Plum Trapdoor|meta|rot3|open,Plum Trapdoor,meta|rot3|open
616,Plum Trapdoor|meta|rot4|closed,Plum Trapdoor,meta|rot4|closed
617,Plum Trapdoor|meta|rot4|open,Plum Trapdoor,meta|rot4|open
618,Cedar Trapdoor,Cedar Trapdoor,
619,Cedar Trapdoor|meta|rot1|open,Cedar Trapdoor,meta|rot1|open
620,Cedar Trapdoor|meta|rot2|closed,Cedar Trapdoor,meta|rot2|closed
621,Cedar Trapdoor|meta|rot2|open,Cedar Trapdoor,meta|rot2|open
622,Cedar Trapdoor|meta|rot3|closed,Cedar Trapdoor,meta|rot3|closed
623,Cedar Trapdoor|meta|rot3|open,Cedar Trapdoor,meta|rot3|open
624,Cedar Trapdoor|meta|rot4|closed,Cedar Trapdoor,meta|rot4|closed
625,Cedar Trapdoor|meta|rot4|open,Cedar Trapdoor,meta|rot4|open
626,Aspen Trapdoor,Aspen Trapdoor,
627,Aspen Trapdoor|meta|rot1|open,Aspen Trapdoor,meta|rot1|open
628,Aspen Trapdoor|meta|rot2|closed,Aspen Trapdoor,meta|rot2|closed
629,Aspen Trapdoor|meta|rot2|open,Aspen Trapdoor,meta|rot2|open
630,Aspen Trapdoor|meta|rot3|closed,Aspen Trapdoor,meta|rot3|closed
631,Aspen Trapdoor|meta|rot3|open,Aspen Trapdoor,meta|rot3|open
632,Aspen Trapdoor|meta|rot4|closed,Aspen Trapdoor,meta|rot4|closed
633,Aspen Trapdoor|meta|rot4|open,Aspen Trapdoor,meta|rot4|open
634,Jungle Trapdoor,Jungle Trapdoor,
635,Jungle Trapdoor|meta|rot1|open,Jungle Trapdoor,meta|rot1|open
636,Jungle Trapdoor|meta|rot2|closed,Jungle Trapdoor,meta|rot2|closed
637,Jungle Trapdoor|meta|rot2|open,Jungle Trapdoor,meta|rot2|open
638,Jungle Trapdoor|meta|rot3|closed,Jungle Trapdoor,meta|rot3|closed
639,Jungle Trapdoor|meta|rot3|open,Jungle Trapdoor,meta|rot3|open
640,Jungle Trapdoor|meta|rot4|closed,Jungle Trapdoor,meta|rot4|closed
641,Jungle Trapdoor|meta|rot4|open,Jungle Trapdoor,meta|rot4|open
642,Palm Trapdoor,Palm Trapdoor,
643,Palm Trapdoor|meta|rot1|open,Palm Trapdoor,meta|rot1|open
644,Palm Trapdoor|meta|rot2|closed,Palm Trapdoor,meta|rot2|closed
645,Palm Trapdoor|meta|rot2|open,Palm Trapdoor,meta|rot2|open
646,Palm Trapdoor|meta|rot3|closed,Palm Trapdoor,meta|rot3|closed
647,Palm Trapdoor|meta|rot3|open,Palm Trapdoor,meta|rot3|open
648,Palm Trapdoor|meta|rot4|closed,Palm Trapdoor,meta|rot4|closed
649,Palm Trapdoor|meta|rot4|open,Palm Trapdoor,meta|rot4|open
650,Red Sand,Red Sand,
651,Red Sandstone Bricks,Red Sandstone Bricks,
652,Rocky Dirt,Rocky Dirt,
653,Autumn Maple Leaves,Autumn Maple Leaves,
654,Autumn Maple Leaves|TreeCanopy,Autumn Maple Leaves,TreeCanopy
655,Fallen Maple Leaves,Fallen Maple Leaves,
656,Fallen Maple Leaves|meta|rot1|top,Fallen Maple Leaves,meta|rot1|top
657,Fallen Maple Leaves|meta|rot1|side,Fallen Maple Leaves,meta|rot1|side
658,Fallen Maple Leaves|meta|rot2|side,Fallen Maple Leaves,meta|rot2|side
659,Fallen Maple Leaves|meta|rot3|side,Fallen Maple Leaves,meta|rot3|side
660,Fallen Maple Leaves|meta|rot4|side,Fallen Maple Leaves,meta|rot4|side
661,Maple Slab,Maple Slab,
662,Maple Slab|meta|rot1|top,Maple Slab,meta|rot1|top
663,Maple Slab|meta|rot1|side,Maple Slab,meta|rot1|side
664,Maple Slab|meta|rot2|side,Maple Slab,meta|rot2|side
665,Maple Slab|meta|rot3|side,Maple Slab,meta|rot3|side
666,Maple Slab|meta|rot4|side,Maple Slab,meta|rot4|side
667,Pine Slab,Pine Slab,
668,Pine Slab|meta|rot1|top,Pine Slab,meta|rot1|top
669,Pine Slab|meta|rot1|side,Pine Slab,meta|rot1|side
670,Pine Slab|meta|rot2|side,Pine Slab,meta|rot2|side
671,Pine Slab|meta|rot3|side,Pine Slab,meta|rot3|side
672,Pine Slab|meta|rot4|side,Pine Slab,meta|rot4|side
673,Plum Slab,Plum Slab,
674,Plum Slab|meta|rot1|top,Plum Slab,meta|rot1|top
675,Plum Slab|meta|rot1|side,Plum Slab,meta|rot1|side
676,Plum Slab|meta|rot2|side,Plum Slab,meta|rot2|side
677,Plum Slab|meta|rot3|side,Plum Slab,meta|rot3|side
678,Plum Slab|meta|rot4|side,Plum Slab,meta|rot4|side
679,Cedar Slab,Cedar Slab,
680,Cedar Slab|meta|rot1|top,Cedar Slab,meta|rot1|top
681,Cedar Slab|meta|rot1|side,Cedar Slab,meta|rot1|side
682,Cedar Slab|meta|rot2|side,Cedar Slab,meta|rot2|side
683,Cedar Slab|meta|rot3|side,Cedar Slab,meta|rot3|side
684,Cedar Slab|meta|rot4|side,Cedar Slab,meta|rot4|side
685,Aspen Slab,Aspen Slab,
686,Aspen Slab|meta|rot1|top,Aspen Slab,meta|rot1|top
687,Aspen Slab|meta|rot1|side,Aspen Slab,meta|rot1|side
688,Aspen Slab|meta|rot2|side,Aspen Slab,meta|rot2|side
689,Aspen Slab|meta|rot3|side,Aspen Slab,meta|rot3|side
690,Aspen Slab|meta|rot4|side,Aspen Slab,meta|rot4|side
691,Jungle Slab,Jungle Slab,
692,Jungle Slab|meta|rot1|top,Jungle Slab,meta|rot1|top
693,Jungle Slab|meta|rot1|side,Jungle Slab,meta|rot1|side
694,Jungle Slab|meta|rot2|side,Jungle Slab,meta|rot2|side
695,Jungle Slab|meta|rot3|side,Jungle Slab,meta|rot3|side
696,Jungle Slab|meta|rot4|side,Jungle Slab,meta|rot4|side
697,Palm Slab,Palm Slab,
698,Palm Slab|meta|rot1|top,Palm Slab,meta|rot1|top
699,Palm Slab|meta|rot1|side,Palm Slab,meta|rot1|side
700,Palm Slab|meta|rot2|side,Palm Slab,meta|rot2|side
701,Palm Slab|meta|rot3|side,Palm Slab,meta|rot3|side
702,Palm Slab|meta|rot4|side,Palm Slab,meta|rot4|side
703,Dirt Slab,Dirt Slab,
704,Dirt Slab|meta|rot1|top,Dirt Slab,meta|rot1|top
705,Dirt Slab|meta|rot1|side,Dirt Slab,meta|rot1|side
706,Dirt Slab|meta|rot2|side,Dirt Slab,meta|rot2|side
707,Dirt Slab|meta|rot3|side,Dirt Slab,meta|rot3|side
708,Dirt Slab|meta|rot4|side,Dirt Slab,meta|rot4|side
709,Grass Slab,Grass Slab,
710,Grass Slab|meta|rot1|top,Grass Slab,meta|rot1|top
711,Grass Slab|meta|rot1|side,Grass Slab,meta|rot1|side
712,Grass Slab|meta|rot2|side,Grass Slab,meta|rot2|side
713,Grass Slab|meta|rot3|side,Grass Slab,meta|rot3|side
714,Grass Slab|meta|rot4|side,Grass Slab,meta|rot4|side
715,Messy Stone Slab,Messy Stone Slab,
716,Messy Stone Slab|meta|rot1|top,Messy Stone Slab,meta|rot1|top
717,Messy Stone Slab|meta|rot1|side,Messy Stone Slab,meta|rot1|side
718,Messy Stone Slab|meta|rot2|side,Messy Stone Slab,meta|rot2|side
719,Messy Stone Slab|meta|rot3|side,Messy Stone Slab,meta|rot3|side
720,Messy Stone Slab|meta|rot4|side,Messy Stone Slab,meta|rot4|side
721,Stone Slab,Stone Slab,
722,Stone Slab|meta|rot1|top,Stone Slab,meta|rot1|top
723,Stone Slab|meta|rot1|side,Stone Slab,meta|rot1|side
724,Stone Slab|meta|rot2|side,Stone Slab,meta|rot2|side
725,Stone Slab|meta|rot3|side,Stone Slab,meta|rot3|side
726,Stone Slab|meta|rot4|side,Stone Slab,meta|rot4|side
727,Smooth Stone Slab,Smooth Stone Slab,
728,Smooth Stone Slab|meta|rot1|top,Smooth Stone Slab,meta|rot1|top
729,Smooth Stone Slab|meta|rot1|side,Smooth Stone Slab,meta|rot1|side
730,Smooth Stone Slab|meta|rot2|side,Smooth Stone Slab,meta|rot2|side
731,Smooth Stone Slab|meta|rot3|side,Smooth Stone Slab,meta|rot3|side
732,Smooth Stone Slab|meta|rot4|side,Smooth Stone Slab,meta|rot4|side
733,Engraved Stone Slab,Engraved Stone Slab,
734,Engraved Stone Slab|meta|rot1|top,Engraved Stone Slab,meta|rot1|top
735,Engraved Stone Slab|meta|rot1|side,Engraved Stone Slab,meta|rot1|side
736,Engraved Stone Slab|meta|rot2|side,Engraved Stone Slab,meta|rot2|side
737,Engraved Stone Slab|meta|rot3|side,Engraved Stone Slab,meta|rot3|side
738,Engraved Stone Slab|meta|rot4|side,Engraved Stone Slab,meta|rot4|side
739,Stone Bricks Slab,Stone Bricks Slab,
740,Stone Bricks Slab|meta|rot1|top,Stone Bricks Slab,meta|rot1|top
741,Stone Bricks Slab|meta|rot1|side,Stone Bricks Slab,meta|rot1|side
742,Stone Bricks Slab|meta|rot2|side,Stone Bricks Slab,meta|rot2|side
743,Stone Bricks Slab|meta|rot3|side,Stone Bricks Slab,meta|rot3|side
744,Stone Bricks Slab|meta|rot4|side,Stone Bricks Slab,meta|rot4|side
745,Mossy Stone Slab,Mossy Stone Slab,
746,Mossy Stone Slab|meta|rot1|top,Mossy Stone Slab,meta|rot1|top
747,Mossy Stone Slab|meta|rot1|side,Mossy Stone Slab,meta|rot1|side
748,Mossy Stone Slab|meta|rot2|side,Mossy Stone Slab,meta|rot2|side
749,Mossy Stone Slab|meta|rot3|side,Mossy Stone Slab,meta|rot3|side
750,Mossy Stone Slab|meta|rot4|side,Mossy Stone Slab,meta|rot4|side
751,Mossy Stone Bricks Slab,Mossy Stone Bricks Slab,
752,Mossy Stone Bricks Slab|meta|rot1|top,Mossy Stone Bricks Slab,meta|rot1|top
753,Mossy Stone Bricks Slab|meta|rot1|side,Mossy Stone Bricks Slab,meta|rot1|side
754,Mossy Stone Bricks Slab|meta|rot2|side,Mossy Stone Bricks Slab,meta|rot2|side
755,Mossy Stone Bricks Slab|meta|rot3|side,Mossy Stone Bricks Slab,meta|rot3|side
756,Mossy Stone Bricks Slab|meta|rot4|side,Mossy Stone Bricks Slab,meta|rot4|side
757,Andesite Slab,Andesite Slab,
758,Andesite Slab|meta|rot1|top,Andesite Slab,meta|rot1|top
759,Andesite Slab|meta|rot1|side,Andesite Slab,meta|rot1|side
760,Andesite Slab|meta|rot2|side,Andesite Slab,meta|rot2|side
761,Andesite Slab|meta|rot3|side,Andesite Slab,meta|rot3|side
762,Andesite Slab|meta|rot4|side,Andesite Slab,meta|rot4|side
763,Smooth Andesite Slab,Smooth Andesite Slab,
764,Smooth Andesite Slab|meta|rot1|top,Smooth Andesite Slab,meta|rot1|top
765,Smooth Andesite Slab|meta|rot1|side,Smooth Andesite Slab,meta|rot1|side
766,Smooth Andesite Slab|meta|rot2|side,Smooth Andesite Slab,meta|rot2|side
767,Smooth Andesite Slab|meta|rot3|side,Smooth Andesite Slab,meta|rot3|side
768,Smooth Andesite Slab|meta|rot4|side,Smooth Andesite Slab,meta|rot4|side
769,Engraved Andesite Slab,Engraved Andesite Slab,
770,Engraved Andesite Slab|meta|rot1|top,Engraved Andesite Slab,meta|rot1|top
771,Engraved Andesite Slab|meta|rot1|side,Engraved Andesite Slab,meta|rot1|side
772,Engraved Andesite Slab|meta|rot2|side,Engraved Andesite Slab,meta|rot2|side
773,Engraved Andesite Slab|meta|rot3|side,Engraved Andesite Slab,meta|rot3|side
774,Engraved Andesite Slab|meta|rot4|side,Engraved Andesite Slab,meta|rot4|side
775,Andesite Bricks Slab,Andesite Bricks Slab,
776,Andesite Bricks Slab|meta|rot1|top,Andesite Bricks Slab,meta|rot1|top
777,Andesite Bricks Slab|meta|rot1|side,Andesite Bricks Slab,meta|rot1|side
778,Andesite Bricks Slab|meta|rot2|side,Andesite Bricks Slab,meta|rot2|side
779,Andesite Bricks Slab|meta|rot3|side,Andesite Bricks Slab,meta|rot3|side
780,Andesite Bricks Slab|meta|rot4|side,Andesite Bricks Slab,meta|rot4|side
781,Diorite Slab,Diorite Slab,
782,Diorite Slab|meta|rot1|top,Diorite Slab,meta|rot1|top
783,Diorite Slab|meta|rot1|side,Diorite Slab,meta|rot1|side
784,Diorite Slab|meta|rot2|side,Diorite Slab,meta|rot2|side
785,Diorite Slab|meta|rot3|side,Diorite Slab,meta|rot3|side
786,Diorite Slab|meta|rot4|side,Diorite Slab,meta|rot4|side
787,Smooth Diorite Slab,Smooth Diorite Slab,
788,Smooth Diorite Slab|meta|rot1|top,Smooth Diorite Slab,meta|rot1|top
789,Smooth Diorite Slab|meta|rot1|side,Smooth Diorite Slab,meta|rot1|side
790,Smooth Diorite Slab|meta|rot2|side,Smooth Diorite Slab,meta|rot2|side
791,Smooth Diorite Slab|meta|rot3|side,Smooth Diorite Slab,meta|rot3|side
792,Smooth Diorite Slab|meta|rot4|side,Smooth Diorite Slab,meta|rot4|side
793,Engraved Diorite Slab,Engraved Diorite Slab,
794,Engraved Diorite Slab|meta|rot1|top,Engraved Diorite Slab,meta|rot1|top
795,Engraved Diorite Slab|meta|rot1|side,Engraved Diorite Slab,meta|rot1|side
796,Engraved Diorite Slab|meta|rot2|side,Engraved Diorite Slab,meta|rot2|side
797,Engraved Diorite Slab|meta|rot3|side,Engraved Diorite Slab,meta|rot3|side
798,Engraved Diorite Slab|meta|rot4|side,Engraved Diorite Slab,meta|rot4|side
799,Diorite Bricks Slab,Diorite Bricks Slab,
800,Diorite Bricks Slab|meta|rot1|top,Diorite Bricks Slab,meta|rot1|top
801,Diorite Bricks Slab|meta|rot1|side,Diorite Bricks Slab,meta|rot1|side
802,Diorite Bricks Slab|meta|rot2|side,Diorite Bricks Slab,meta|rot2|side
803,Diorite Bricks Slab|meta|rot3|side,Diorite Bricks Slab,meta|rot3|side
804,Diorite Bricks Slab|meta|rot4|side,Diorite Bricks Slab,meta|rot4|side
805,Granite Slab,Granite Slab,
806,Granite Slab|meta|rot1|top,Granite Slab,meta|rot1|top
807,Granite Slab|meta|rot1|side,Granite Slab,meta|rot1|side
808,Granite Slab|meta|rot2|side,Granite Slab,meta|rot2|side
809,Granite Slab|meta|rot3|side,Granite Slab,meta|rot3|side
810,Granite Slab|meta|rot4|side,Granite Slab,meta|rot4|side
811,Smooth Granite Slab,Smooth Granite Slab,
812,Smooth Granite Slab|meta|rot1|top,Smooth Granite Slab,meta|rot1|top
813,Smooth Granite Slab|meta|rot1|side,Smooth Granite Slab,meta|rot1|side
814,Smooth Granite Slab|meta|rot2|side,Smooth Granite Slab,meta|rot2|side
815,Smooth Granite Slab|meta|rot3|side,Smooth Granite Slab,meta|rot3|side
816,Smooth Granite Slab|meta|rot4|side,Smooth Granite Slab,meta|rot4|side
817,Engraved Granite Slab,Engraved Granite Slab,
818,Engraved Granite Slab|meta|rot1|top,Engraved Granite Slab,meta|rot1|top
819,Engraved Granite Slab|meta|rot1|side,Engraved Granite Slab,meta|rot1|side
820,Engraved Granite Slab|meta|rot2|side,Engraved Granite Slab,meta|rot2|side
821,Engraved Granite Slab|meta|rot3|side,Engraved Granite Slab,meta|rot3|side
822,Engraved Granite Slab|meta|rot4|side,Engraved Granite Slab,meta|rot4|side
823,Granite Bricks Slab,Granite Bricks Slab,
824,Granite Bricks Slab|meta|rot1|top,Granite Bricks Slab,meta|rot1|top
825,Granite Bricks Slab|meta|rot1|side,Granite Bricks Slab,meta|rot1|side
826,Granite Bricks Slab|meta|rot2|side,Granite Bricks Slab,meta|rot2|side
827,Granite Bricks Slab|meta|rot3|side,Granite Bricks Slab,meta|rot3|side
828,Granite Bricks Slab|meta|rot4|side,Granite Bricks Slab,meta|rot4|side
829,Sandstone Slab,Sandstone Slab,
830,Sandstone Slab|meta|rot1|top,Sandstone Slab,meta|rot1|top
831,Sandstone Slab|meta|rot1|side,Sandstone Slab,meta|rot1|side
832,Sandstone Slab|meta|rot2|side,Sandstone Slab,meta|rot2|side
833,Sandstone Slab|meta|rot3|side,Sandstone Slab,meta|rot3|side
834,Sandstone Slab|meta|rot4|side,Sandstone Slab,meta|rot4|side
835,Smooth Sandstone Slab,Smooth Sandstone Slab,
836,Smooth Sandstone Slab|meta|rot1|top,Smooth Sandstone Slab,meta|rot1|top
837,Smooth Sandstone Slab|meta|rot1|side,Smooth Sandstone Slab,meta|rot1|side
838,Smooth Sandstone Slab|meta|rot2|side,Smooth Sandstone Slab,meta|rot2|side
839,Smooth Sandstone Slab|meta|rot3|side,Smooth Sandstone Slab,meta|rot3|side
840,Smooth Sandstone Slab|meta|rot4|side,Smooth Sandstone Slab,meta|rot4|side
841,Engraved Sandstone Slab,Engraved Sandstone Slab,
842,Engraved Sandstone Slab|meta|rot1|top,Engraved Sandstone Slab,meta|rot1|top
843,Engraved Sandstone Slab|meta|rot1|side,Engraved Sandstone Slab,meta|rot1|side
844,Engraved Sandstone Slab|meta|rot2|side,Engraved Sandstone Slab,meta|rot2|side
845,Engraved Sandstone Slab|meta|rot3|side,Engraved Sandstone Slab,meta|rot3|side
846,Engraved Sandstone Slab|meta|rot4|side,Engraved Sandstone Slab,meta|rot4|side
847,Marked Sandstone Slab,Marked Sandstone Slab,
848,Marked Sandstone Slab|meta|rot1|top,Marked Sandstone Slab,meta|rot1|top
849,Marked Sandstone Slab|meta|rot1|side,Marked Sandstone Slab,meta|rot1|side
850,Marked Sandstone Slab|meta|rot2|side,Marked Sandstone Slab,meta|rot2|side
851,Marked Sandstone Slab|meta|rot3|side,Marked Sandstone Slab,meta|rot3|side
852,Marked Sandstone Slab|meta|rot4|side,Marked Sandstone Slab,meta|rot4|side
853,Sandstone Bricks Slab,Sandstone Bricks Slab,
854,Sandstone Bricks Slab|meta|rot1|top,Sandstone Bricks Slab,meta|rot1|top
855,Sandstone Bricks Slab|meta|rot1|side,Sandstone Bricks Slab,meta|rot1|side
856,Sandstone Bricks Slab|meta|rot2|side,Sandstone Bricks Slab,meta|rot2|side
857,Sandstone Bricks Slab|meta|rot3|side,Sandstone Bricks Slab,meta|rot3|side
858,Sandstone Bricks Slab|meta|rot4|side,Sandstone Bricks Slab,meta|rot4|side
859,Red Sandstone Slab,Red Sandstone Slab,
860,Red Sandstone Slab|meta|rot1|top,Red Sandstone Slab,meta|rot1|top
861,Red Sandstone Slab|meta|rot1|side,Red Sandstone Slab,meta|rot1|side
862,Red Sandstone Slab|meta|rot2|side,Red Sandstone Slab,meta|rot2|side
863,Red Sandstone Slab|meta|rot3|side,Red Sandstone Slab,meta|rot3|side
864,Red Sandstone Slab|meta|rot4|side,Red Sandstone Slab,meta|rot4|side
865,Smooth Red Sandstone Slab,Smooth Red Sandstone Slab,
866,Smooth Red Sandstone Slab|meta|rot1|top,Smooth Red Sandstone Slab,meta|rot1|top
867,Smooth Red Sandstone Slab|meta|rot1|side,Smooth Red Sandstone Slab,meta|rot1|side
868,Smooth Red Sandstone Slab|meta|rot2|side,Smooth Red Sandstone Slab,meta|rot2|side
869,Smooth Red Sandstone Slab|meta|rot3|side,Smooth Red Sandstone Slab,meta|rot3|side
870,Smooth Red Sandstone Slab|meta|rot4|side,Smooth Red Sandstone Slab,meta|rot4|side
871,Engraved Red Sandstone Slab,Engraved Red Sandstone Slab,
872,Engraved Red Sandstone Slab|meta|rot1|top,Engraved Red Sandstone Slab,meta|rot1|top
873,Engraved Red Sandstone Slab|meta|rot1|side,Engraved Red Sandstone Slab,meta|rot1|side
874,Engraved Red Sandstone Slab|meta|rot2|side,Engraved Red Sandstone Slab,meta|rot2|side
875,Engraved Red Sandstone Slab|meta|rot3|side,Engraved Red Sandstone Slab,meta|rot3|side
876,Engraved Red Sandstone Slab|meta|rot4|side,Engraved Red Sandstone Slab,meta|rot4|side
877,Marked Red Sandstone Slab,Marked Red Sandstone Slab,
878,Marked Red Sandstone Slab|meta|rot1|top,Marked Red Sandstone Slab,meta|rot1|top
879,Marked Red Sandstone Slab|meta|rot1|side,Marked Red Sandstone Slab,meta|rot1|side
880,Marked Red Sandstone Slab|meta|rot2|side,Marked Red Sandstone Slab,meta|rot2|side
881,Marked Red Sandstone Slab|meta|rot3|side,Marked Red Sandstone Slab,meta|rot3|side
882,Marked Red Sandstone Slab|meta|rot4|side,Marked Red Sandstone Slab,meta|rot4|side
883,Red Sandstone Bricks Slab,Red Sandstone Bricks Slab,
884,Red Sandstone Bricks Slab|meta|rot1|top,Red Sandstone Bricks Slab,meta|rot1|top
885,Red Sandstone Bricks Slab|meta|rot1|side,Red Sandstone Bricks Slab,meta|rot1|side
886,Red Sandstone Bricks Slab|meta|rot2|side,Red Sandstone Bricks Slab,meta|rot2|side
887,Red Sandstone Bricks Slab|meta|rot3|side,Red Sandstone Bricks Slab,meta|rot3|side
888,Red Sandstone Bricks Slab|meta|rot4|side,Red Sandstone Bricks Slab,meta|rot4|side
889,Bricks Slab,Bricks Slab,
890,Bricks Slab|meta|rot1|top,Bricks Slab,meta|rot1|top
891,Bricks Slab|meta|rot1|side,Bricks Slab,meta|rot1|side
892,Bricks Slab|meta|rot2|side,Bricks Slab,meta|rot2|side
893,Bricks Slab|meta|rot3|side,Bricks Slab,meta|rot3|side
894,Bricks Slab|meta|rot4|side,Bricks Slab,meta|rot4|side
895,Ice Bricks Slab,Ice Bricks Slab,
896,Ice Bricks Slab|meta|rot1|top,Ice Bricks Slab,meta|rot1|top
897,Ice Bricks Slab|meta|rot1|side,Ice Bricks Slab,meta|rot1|side
898,Ice Bricks Slab|meta|rot2|side,Ice Bricks Slab,meta|rot2|side
899,Ice Bricks Slab|meta|rot3|side,Ice Bricks Slab,meta|rot3|side
900,Ice Bricks Slab|meta|rot4|side,Ice Bricks Slab,meta|rot4|side
901,Vines|meta|rot1|Growing,Vines,meta|rot1|Growing
902,Vines|meta|rot2|Growing,Vines,meta|rot2|Growing
903,Vines|meta|rot3|Growing,Vines,meta|rot3|Growing
904,Vines|meta|rot4|Growing,Vines,meta|rot4|Growing
905,Cactus|Growing,Cactus,Growing
906,Fat Cactus|Growing,Fat Cactus,Growing
907,Plum Block,Plum Block,
908,Coconut Block,Coconut Block,
909,Pear Log,Pear Log,
910,Pear Wood Planks,Pear Wood Planks,
911,Pear Leaves,Pear Leaves,
912,Pear Door,Pear Door,
913,Pear Door|meta|rot1|open,Pear Door,meta|rot1|open
914,Pear Door|meta|rot2|closed,Pear Door,meta|rot2|closed
915,Pear Door|meta|rot2|open,Pear Door,meta|rot2|open
916,Pear Door|meta|rot3|closed,Pear Door,meta|rot3|closed
917,Pear Door|meta|rot3|open,Pear Door,meta|rot3|open
918,Pear Door|meta|rot4|closed,Pear Door,meta|rot4|closed
919,Pear Door|meta|rot4|open,Pear Door,meta|rot4|open
920,_Pear Door Top,_Pear Door Top,
921,_Pear Door Top|meta|rot1|open,_Pear Door Top,meta|rot1|open
922,_Pear Door Top|meta|rot2|closed,_Pear Door Top,meta|rot2|closed
923,_Pear Door Top|meta|rot2|open,_Pear Door Top,meta|rot2|open
924,_Pear Door Top|meta|rot3|closed,_Pear Door Top,meta|rot3|closed
925,_Pear Door Top|meta|rot3|open,_Pear Door Top,meta|rot3|open
926,_Pear Door Top|meta|rot4|closed,_Pear Door Top,meta|rot4|closed
927,_Pear Door Top|meta|rot4|open,_Pear Door Top,meta|rot4|open
928,Pear Trapdoor,Pear Trapdoor,
929,Pear Trapdoor|meta|rot1|open,Pear Trapdoor,meta|rot1|open
930,Pear Trapdoor|meta|rot2|closed,Pear Trapdoor,meta|rot2|closed
931,Pear Trapdoor|meta|rot2|open,Pear Trapdoor,meta|rot2|open
932,Pear Trapdoor|meta|rot3|closed,Pear Trapdoor,meta|rot3|closed
933,Pear Trapdoor|meta|rot3|open,Pear Trapdoor,meta|rot3|open
934,Pear Trapdoor|meta|rot4|closed,Pear Trapdoor,meta|rot4|closed
935,Pear Trapdoor|meta|rot4|open,Pear Trapdoor,meta|rot4|open
936,Pear Sapling,Pear Sapling,
937,Pear Log|TreeBase|Pear,Pear Log,TreeBase|Pear
938,Pear Leaves|TreeCanopy,Pear Leaves,TreeCanopy
939,Pear Slab,Pear Slab,
940,Pear Slab|meta|rot1|top,Pear Slab,meta|rot1|top
941,Pear Slab|meta|rot1|side,Pear Slab,meta|rot1|side
942,Pear Slab|meta|rot2|side,Pear Slab,meta|rot2|side
943,Pear Slab|meta|rot3|side,Pear Slab,meta|rot3|side
944,Pear Slab|meta|rot4|side,Pear Slab,meta|rot4|side
945,Pear Block,Pear Block,
946,Compressed Messy Stone,Compressed Messy Stone,
947,Extra Compressed Messy Stone,Extra Compressed Messy Stone,
948,Super Compressed Messy Stone,Super Compressed Messy Stone,
949,Hyper Compressed Messy Stone,Hyper Compressed Messy Stone,
950,Ultra Compressed Messy Stone,Ultra Compressed Messy Stone,
951,Mega Compressed Messy Stone,Mega Compressed Messy Stone,
952,Board,Board,
953,Board|meta|rot2,Board,meta|rot2
954,Board|meta|rot3,Board,meta|rot3
955,Board|meta|rot4,Board,meta|rot4
956,Net,Net,
957,Cobweb,Cobweb,
958,Brown Mushroom Block,Brown Mushroom Block,
959,Red Mushroom Block,Red Mushroom Block,
960,Mushroom Stem,Mushroom Stem,
961,Fireball Block,Fireball Block,
962,Iceball Block,Iceball Block,
963,Watermelon Seeds,Watermelon Seeds,
964,Watermelon Seeds|Growing,Watermelon Seeds,Growing
965,Attached Watermelon Stem,Attached Watermelon Stem,
966,Attached Watermelon Stem|meta|rot2,Attached Watermelon Stem,meta|rot2
967,Attached Watermelon Stem|meta|rot3,Attached Watermelon Stem,meta|rot3
968,Attached Watermelon Stem|meta|rot4,Attached Watermelon Stem,meta|rot4
969,Pumpkin Seeds,Pumpkin Seeds,
970,Pumpkin Seeds|Growing,Pumpkin Seeds,Growing
971,Attached Pumpkin Stem,Attached Pumpkin Stem,
972,Attached Pumpkin Stem|meta|rot2,Attached Pumpkin Stem,meta|rot2
973,Attached Pumpkin Stem|meta|rot3,Attached Pumpkin Stem,meta|rot3
974,Attached Pumpkin Stem|meta|rot4,Attached Pumpkin Stem,meta|rot4
975,Pumpkin,Pumpkin,
976,Carved Pumpkin,Carved Pumpkin,
977,Carved Pumpkin|meta|rot2,Carved Pumpkin,meta|rot2
978,Carved Pumpkin|meta|rot3,Carved Pumpkin,meta|rot3
979,Carved Pumpkin|meta|rot4,Carved Pumpkin,meta|rot4
980,Jack o'Lantern,Jack o'Lantern,
981,Jack o'Lantern|meta|rot2,Jack o'Lantern,meta|rot2
982,Jack o'Lantern|meta|rot3,Jack o'Lantern,meta|rot3
983,Jack o'Lantern|meta|rot4,Jack o'Lantern,meta|rot4
984,Melon Seeds,Melon Seeds,
985,Melon Seeds|Growing,Melon Seeds,Growing
986,Attached Melon Stem,Attached Melon Stem,
987,Attached Melon Stem|meta|rot2,Attached Melon Stem,meta|rot2
988,Attached Melon Stem|meta|rot3,Attached Melon Stem,meta|rot3
989,Attached Melon Stem|meta|rot4,Attached Melon Stem,meta|rot4
990,Melon,Melon,
991,Iron Watermelon,Iron Watermelon,
992,Patterned Black Glass,Patterned Black Glass,
993,Patterned Blue Glass,Patterned Blue Glass,
994,Patterned Brown Glass,Patterned Brown Glass,
995,Patterned Cyan Glass,Patterned Cyan Glass,
996,Patterned Gray Glass,Patterned Gray Glass,
997,Patterned Light Gray Glass,Patterned Light Gray Glass,
998,Patterned Green Glass,Patterned Green Glass,
999,Patterned Light Blue Glass,Patterned Light Blue Glass,
1000,Patterned Lime Glass,Patterned Lime Glass,
1001,Patterned Magenta Glass,Patterned Magenta Glass,
1002,Patterned Orange Glass,Patterned Orange Glass,
1003,Patterned Pink Glass,Patterned Pink Glass,
1004,Patterned Purple Glass,Patterned Purple Glass,
1005,Patterned Red Glass,Patterned Red Glass,
1006,Patterned White Glass,Patterned White Glass,
1007,Patterned Yellow Glass,Patterned Yellow Glass,
1008,Potion Table,Potion Table,
1009,Potion Table|meta|rot2,Potion Table,meta|rot2
1010,Potion Table|meta|rot3,Potion Table,meta|rot3
1011,Potion Table|meta|rot4,Potion Table,meta|rot4
1012,Pine Ladder,Pine Ladder,
1013,Pine Ladder|meta|rot2,Pine Ladder,meta|rot2
1014,Pine Ladder|meta|rot3,Pine Ladder,meta|rot3
1015,Pine Ladder|meta|rot4,Pine Ladder,meta|rot4
1016,Plum Ladder,Plum Ladder,
1017,Plum Ladder|meta|rot2,Plum Ladder,meta|rot2
1018,Plum Ladder|meta|rot3,Plum Ladder,meta|rot3
1019,Plum Ladder|meta|rot4,Plum Ladder,meta|rot4
1020,Cedar Ladder,Cedar Ladder,
1021,Cedar Ladder|meta|rot2,Cedar Ladder,meta|rot2
1022,Cedar Ladder|meta|rot3,Cedar Ladder,meta|rot3
1023,Cedar Ladder|meta|rot4,Cedar Ladder,meta|rot4
1024,Aspen Ladder,Aspen Ladder,
1025,Aspen Ladder|meta|rot2,Aspen Ladder,meta|rot2
1026,Aspen Ladder|meta|rot3,Aspen Ladder,meta|rot3
1027,Aspen Ladder|meta|rot4,Aspen Ladder,meta|rot4
1028,Jungle Ladder,Jungle Ladder,
1029,Jungle Ladder|meta|rot2,Jungle Ladder,meta|rot2
1030,Jungle Ladder|meta|rot3,Jungle Ladder,meta|rot3
1031,Jungle Ladder|meta|rot4,Jungle Ladder,meta|rot4
1032,Palm Ladder,Palm Ladder,
1033,Palm Ladder|meta|rot2,Palm Ladder,meta|rot2
1034,Palm Ladder|meta|rot3,Palm Ladder,meta|rot3
1035,Palm Ladder|meta|rot4,Palm Ladder,meta|rot4
1036,Pear Ladder,Pear Ladder,
1037,Pear Ladder|meta|rot2,Pear Ladder,meta|rot2
1038,Pear Ladder|meta|rot3,Pear Ladder,meta|rot3
1039,Pear Ladder|meta|rot4,Pear Ladder,meta|rot4
1040,Black Carpet,Black Carpet,
1041,Blue Carpet,Blue Carpet,
1042,Brown Carpet,Brown Carpet,
1043,Cyan Carpet,Cyan Carpet,
1044,Gray Carpet,Gray Carpet,
1045,Light Gray Carpet,Light Gray Carpet,
1046,Green Carpet,Green Carpet,
1047,Light Blue Carpet,Light Blue Carpet,
1048,Lime Carpet,Lime Carpet,
1049,Magenta Carpet,Magenta Carpet,
1050,Orange Carpet,Orange Carpet,
1051,Pink Carpet,Pink Carpet,
1052,Purple Carpet,Purple Carpet,
1053,Red Carpet,Red Carpet,
1054,White Carpet,White Carpet,
1055,Yellow Carpet,Yellow Carpet,
1056,Bookshelf,Bookshelf,
1057,Bookshelf|meta|rot2|books6,Bookshelf,meta|rot2|books6
1058,Bookshelf|meta|rot3|books6,Bookshelf,meta|rot3|books6
1059,Bookshelf|meta|rot4|books6,Bookshelf,meta|rot4|books6
1060,Empty Bookshelf,Empty Bookshelf,
1061,Empty Bookshelf|meta|rot2|books0,Empty Bookshelf,meta|rot2|books0
1062,Empty Bookshelf|meta|rot3|books0,Empty Bookshelf,meta|rot3|books0
1063,Empty Bookshelf|meta|rot4|books0,Empty Bookshelf,meta|rot4|books0
1064,Bookshelf|meta|rot1|books1,Bookshelf,meta|rot1|books1
1065,Bookshelf|meta|rot2|books1,Bookshelf,meta|rot2|books1
1066,Bookshelf|meta|rot3|books1,Bookshelf,meta|rot3|books1
1067,Bookshelf|meta|rot4|books1,Bookshelf,meta|rot4|books1
1068,Bookshelf|meta|rot1|books2,Bookshelf,meta|rot1|books2
1069,Bookshelf|meta|rot2|books2,Bookshelf,meta|rot2|books2
1070,Bookshelf|meta|rot3|books2,Bookshelf,meta|rot3|books2
1071,Bookshelf|meta|rot4|books2,Bookshelf,meta|rot4|books2
1072,Bookshelf|meta|rot1|books3,Bookshelf,meta|rot1|books3
1073,Bookshelf|meta|rot2|books3,Bookshelf,meta|rot2|books3
1074,Bookshelf|meta|rot3|books3,Bookshelf,meta|rot3|books3
1075,Bookshelf|meta|rot4|books3,Bookshelf,meta|rot4|books3
1076,Bookshelf|meta|rot1|books4,Bookshelf,meta|rot1|books4
1077,Bookshelf|meta|rot2|books4,Bookshelf,meta|rot2|books4
1078,Bookshelf|meta|rot3|books4,Bookshelf,meta|rot3|books4
1079,Bookshelf|meta|rot4|books4,Bookshelf,meta|rot4|books4
1080,Bookshelf|meta|rot1|books5,Bookshelf,meta|rot1|books5
1081,Bookshelf|meta|rot2|books5,Bookshelf,meta|rot2|books5
1082,Bookshelf|meta|rot3|books5,Bookshelf,meta|rot3|books5
1083,Bookshelf|meta|rot4|books5,Bookshelf,meta|rot4|books5
1084,Mailbox,Mailbox,
1085,Mailbox|meta|rot2|empty,Mailbox,meta|rot2|empty
1086,Mailbox|meta|rot3|empty,Mailbox,meta|rot3|empty
1087,Mailbox|meta|rot4|empty,Mailbox,meta|rot4|empty
1088,Mailbox|meta|rot1|full,Mailbox,meta|rot1|full
1089,Mailbox|meta|rot2|full,Mailbox,meta|rot2|full
1090,Mailbox|meta|rot3|full,Mailbox,meta|rot3|full
1091,Mailbox|meta|rot4|full,Mailbox,meta|rot4|full
1092,Rice,Rice,
1093,Rice_stage1,Rice_stage1,
1094,Rice_stage2,Rice_stage2,
1095,Rice_stage3,Rice_stage3,
1096,Rice_stage4,Rice_stage4,
1097,Rice_stage5,Rice_stage5,
1098,Rice|FreshlyGrown,Rice,FreshlyGrown
1099,Cranberries,Cranberries,
1100,Cranberries_stage1,Cranberries_stage1,
1101,Cranberries_stage2,Cranberries_stage2,
1102,Red Mushroom,Red Mushroom,
1103,Brown Mushroom,Brown Mushroom,
1104,Cotton Seeds,Cotton Seeds,
1105,Cotton_stage1,Cotton_stage1,
1106,Cotton_stage2,Cotton_stage2,
1107,Cotton_stage3,Cotton_stage3,
1108,Tribe Protector,Tribe Protector,
1109,Tall Grass,Tall Grass,
1110,Tall Grass|Top,Tall Grass,Top
1111,Faction Protector,Faction Protector,
1112,Barkless Palm Log,Barkless Palm Log,
1113,Barkless Pear Log,Barkless Pear Log,
1114,Barkless Maple Log|TreeBase|Maple,Barkless Maple Log,TreeBase|Maple
1115,Barkless Plum Log|TreeBase|Plum,Barkless Plum Log,TreeBase|Plum
1116,Barkless Cedar Log|TreeBase|Cedar,Barkless Cedar Log,TreeBase|Cedar
1117,Barkless Aspen Log|TreeBase|Aspen,Barkless Aspen Log,TreeBase|Aspen
1118,Barkless Jungle Log|TreeBase|Jungle,Barkless Jungle Log,TreeBase|Jungle
1119,Barkless Pine Log|TreeBase|Pine,Barkless Pine Log,TreeBase|Pine
1120,Barkless Palm Log|TreeBase|Palm,Barkless Palm Log,TreeBase|Palm
1121,Barkless Pear Log|TreeBase|Pear,Barkless Pear Log,TreeBase|Pear
1122,Mystery Block,Mystery Block,
1123,Rocket,Rocket,
1124,Super Rocket,Super Rocket,
1125,Yellow Concrete Slab,Yellow Concrete Slab,
1126,Yellow Concrete Slab|meta|rot1|top,Yellow Concrete Slab,meta|rot1|top
1127,Yellow Concrete Slab|meta|rot1|side,Yellow Concrete Slab,meta|rot1|side
1128,Yellow Concrete Slab|meta|rot2|side,Yellow Concrete Slab,meta|rot2|side
1129,Yellow Concrete Slab|meta|rot3|side,Yellow Concrete Slab,meta|rot3|side
1130,Yellow Concrete Slab|meta|rot4|side,Yellow Concrete Slab,meta|rot4|side
1131,White Concrete Slab,White Concrete Slab,
1132,White Concrete Slab|meta|rot1|top,White Concrete Slab,meta|rot1|top
1133,White Concrete Slab|meta|rot1|side,White Concrete Slab,meta|rot1|side
1134,White Concrete Slab|meta|rot2|side,White Concrete Slab,meta|rot2|side
1135,White Concrete Slab|meta|rot3|side,White Concrete Slab,meta|rot3|side
1136,White Concrete Slab|meta|rot4|side,White Concrete Slab,meta|rot4|side
1137,Red Concrete Slab,Red Concrete Slab,
1138,Red Concrete Slab|meta|rot1|top,Red Concrete Slab,meta|rot1|top
1139,Red Concrete Slab|meta|rot1|side,Red Concrete Slab,meta|rot1|side
1140,Red Concrete Slab|meta|rot2|side,Red Concrete Slab,meta|rot2|side
1141,Red Concrete Slab|meta|rot3|side,Red Concrete Slab,meta|rot3|side
1142,Red Concrete Slab|meta|rot4|side,Red Concrete Slab,meta|rot4|side
1143,Purple Concrete Slab,Purple Concrete Slab,
1144,Purple Concrete Slab|meta|rot1|top,Purple Concrete Slab,meta|rot1|top
1145,Purple Concrete Slab|meta|rot1|side,Purple Concrete Slab,meta|rot1|side
1146,Purple Concrete Slab|meta|rot2|side,Purple Concrete Slab,meta|rot2|side
1147,Purple Concrete Slab|meta|rot3|side,Purple Concrete Slab,meta|rot3|side
1148,Purple Concrete Slab|meta|rot4|side,Purple Concrete Slab,meta|rot4|side
1149,Pink Concrete Slab,Pink Concrete Slab,
1150,Pink Concrete Slab|meta|rot1|top,Pink Concrete Slab,meta|rot1|top
1151,Pink Concrete Slab|meta|rot1|side,Pink Concrete Slab,meta|rot1|side
1152,Pink Concrete Slab|meta|rot2|side,Pink Concrete Slab,meta|rot2|side
1153,Pink Concrete Slab|meta|rot3|side,Pink Concrete Slab,meta|rot3|side
1154,Pink Concrete Slab|meta|rot4|side,Pink Concrete Slab,meta|rot4|side
1155,Orange Concrete Slab,Orange Concrete Slab,
1156,Orange Concrete Slab|meta|rot1|top,Orange Concrete Slab,meta|rot1|top
1157,Orange Concrete Slab|meta|rot1|side,Orange Concrete Slab,meta|rot1|side
1158,Orange Concrete Slab|meta|rot2|side,Orange Concrete Slab,meta|rot2|side
1159,Orange Concrete Slab|meta|rot3|side,Orange Concrete Slab,meta|rot3|side
1160,Orange Concrete Slab|meta|rot4|side,Orange Concrete Slab,meta|rot4|side
1161,Magenta Concrete Slab,Magenta Concrete Slab,
1162,Magenta Concrete Slab|meta|rot1|top,Magenta Concrete Slab,meta|rot1|top
1163,Magenta Concrete Slab|meta|rot1|side,Magenta Concrete Slab,meta|rot1|side
1164,Magenta Concrete Slab|meta|rot2|side,Magenta Concrete Slab,meta|rot2|side
1165,Magenta Concrete Slab|meta|rot3|side,Magenta Concrete Slab,meta|rot3|side
1166,Magenta Concrete Slab|meta|rot4|side,Magenta Concrete Slab,meta|rot4|side
1167,Lime Concrete Slab,Lime Concrete Slab,
1168,Lime Concrete Slab|meta|rot1|top,Lime Concrete Slab,meta|rot1|top
1169,Lime Concrete Slab|meta|rot1|side,Lime Concrete Slab,meta|rot1|side
1170,Lime Concrete Slab|meta|rot2|side,Lime Concrete Slab,meta|rot2|side
1171,Lime Concrete Slab|meta|rot3|side,Lime Concrete Slab,meta|rot3|side
1172,Lime Concrete Slab|meta|rot4|side,Lime Concrete Slab,meta|rot4|side
1173,Light Gray Concrete Slab,Light Gray Concrete Slab,
1174,Light Gray Concrete Slab|meta|rot1|top,Light Gray Concrete Slab,meta|rot1|top
1175,Light Gray Concrete Slab|meta|rot1|side,Light Gray Concrete Slab,meta|rot1|side
1176,Light Gray Concrete Slab|meta|rot2|side,Light Gray Concrete Slab,meta|rot2|side
1177,Light Gray Concrete Slab|meta|rot3|side,Light Gray Concrete Slab,meta|rot3|side
1178,Light Gray Concrete Slab|meta|rot4|side,Light Gray Concrete Slab,meta|rot4|side
1179,Light Blue Concrete Slab,Light Blue Concrete Slab,
1180,Light Blue Concrete Slab|meta|rot1|top,Light Blue Concrete Slab,meta|rot1|top
1181,Light Blue Concrete Slab|meta|rot1|side,Light Blue Concrete Slab,meta|rot1|side
1182,Light Blue Concrete Slab|meta|rot2|side,Light Blue Concrete Slab,meta|rot2|side
1183,Light Blue Concrete Slab|meta|rot3|side,Light Blue Concrete Slab,meta|rot3|side
1184,Light Blue Concrete Slab|meta|rot4|side,Light Blue Concrete Slab,meta|rot4|side
1185,Green Concrete Slab,Green Concrete Slab,
1186,Green Concrete Slab|meta|rot1|top,Green Concrete Slab,meta|rot1|top
1187,Green Concrete Slab|meta|rot1|side,Green Concrete Slab,meta|rot1|side
1188,Green Concrete Slab|meta|rot2|side,Green Concrete Slab,meta|rot2|side
1189,Green Concrete Slab|meta|rot3|side,Green Concrete Slab,meta|rot3|side
1190,Green Concrete Slab|meta|rot4|side,Green Concrete Slab,meta|rot4|side
1191,Gray Concrete Slab,Gray Concrete Slab,
1192,Gray Concrete Slab|meta|rot1|top,Gray Concrete Slab,meta|rot1|top
1193,Gray Concrete Slab|meta|rot1|side,Gray Concrete Slab,meta|rot1|side
1194,Gray Concrete Slab|meta|rot2|side,Gray Concrete Slab,meta|rot2|side
1195,Gray Concrete Slab|meta|rot3|side,Gray Concrete Slab,meta|rot3|side
1196,Gray Concrete Slab|meta|rot4|side,Gray Concrete Slab,meta|rot4|side
1197,Cyan Concrete Slab,Cyan Concrete Slab,
1198,Cyan Concrete Slab|meta|rot1|top,Cyan Concrete Slab,meta|rot1|top
1199,Cyan Concrete Slab|meta|rot1|side,Cyan Concrete Slab,meta|rot1|side
1200,Cyan Concrete Slab|meta|rot2|side,Cyan Concrete Slab,meta|rot2|side
1201,Cyan Concrete Slab|meta|rot3|side,Cyan Concrete Slab,meta|rot3|side
1202,Cyan Concrete Slab|meta|rot4|side,Cyan Concrete Slab,meta|rot4|side
1203,Brown Concrete Slab,Brown Concrete Slab,
1204,Brown Concrete Slab|meta|rot1|top,Brown Concrete Slab,meta|rot1|top
1205,Brown Concrete Slab|meta|rot1|side,Brown Concrete Slab,meta|rot1|side
1206,Brown Concrete Slab|meta|rot2|side,Brown Concrete Slab,meta|rot2|side
1207,Brown Concrete Slab|meta|rot3|side,Brown Concrete Slab,meta|rot3|side
1208,Brown Concrete Slab|meta|rot4|side,Brown Concrete Slab,meta|rot4|side
1209,Blue Concrete Slab,Blue Concrete Slab,
1210,Blue Concrete Slab|meta|rot1|top,Blue Concrete Slab,meta|rot1|top
1211,Blue Concrete Slab|meta|rot1|side,Blue Concrete Slab,meta|rot1|side
1212,Blue Concrete Slab|meta|rot2|side,Blue Concrete Slab,meta|rot2|side
1213,Blue Concrete Slab|meta|rot3|side,Blue Concrete Slab,meta|rot3|side
1214,Blue Concrete Slab|meta|rot4|side,Blue Concrete Slab,meta|rot4|side
1215,Black Concrete Slab,Black Concrete Slab,
1216,Black Concrete Slab|meta|rot1|top,Black Concrete Slab,meta|rot1|top
1217,Black Concrete Slab|meta|rot1|side,Black Concrete Slab,meta|rot1|side
1218,Black Concrete Slab|meta|rot2|side,Black Concrete Slab,meta|rot2|side
1219,Black Concrete Slab|meta|rot3|side,Black Concrete Slab,meta|rot3|side
1220,Black Concrete Slab|meta|rot4|side,Black Concrete Slab,meta|rot4|side
1221,Grenade,Grenade,
1222,Cherry Log,Cherry Log,
1223,Barkless Cherry Log,Barkless Cherry Log,
1224,Barkless Cherry Log|TreeBase|Cherry,Barkless Cherry Log,TreeBase|Cherry
1225,Cherry Wood Planks,Cherry Wood Planks,
1226,Cherry Leaves,Cherry Leaves,
1227,Fallen Cherry Leaves,Fallen Cherry Leaves,
1228,Fallen Cherry Leaves|meta|rot1|top,Fallen Cherry Leaves,meta|rot1|top
1229,Fallen Cherry Leaves|meta|rot1|side,Fallen Cherry Leaves,meta|rot1|side
1230,Fallen Cherry Leaves|meta|rot2|side,Fallen Cherry Leaves,meta|rot2|side
1231,Fallen Cherry Leaves|meta|rot3|side,Fallen Cherry Leaves,meta|rot3|side
1232,Fallen Cherry Leaves|meta|rot4|side,Fallen Cherry Leaves,meta|rot4|side
1233,Cherry Door,Cherry Door,
1234,Cherry Door|meta|rot1|open,Cherry Door,meta|rot1|open
1235,Cherry Door|meta|rot2|closed,Cherry Door,meta|rot2|closed
1236,Cherry Door|meta|rot2|open,Cherry Door,meta|rot2|open
1237,Cherry Door|meta|rot3|closed,Cherry Door,meta|rot3|closed
1238,Cherry Door|meta|rot3|open,Cherry Door,meta|rot3|open
1239,Cherry Door|meta|rot4|closed,Cherry Door,meta|rot4|closed
1240,Cherry Door|meta|rot4|open,Cherry Door,meta|rot4|open
1241,_Cherry Door Top,_Cherry Door Top,
1242,_Cherry Door Top|meta|rot1|open,_Cherry Door Top,meta|rot1|open
1243,_Cherry Door Top|meta|rot2|closed,_Cherry Door Top,meta|rot2|closed
1244,_Cherry Door Top|meta|rot2|open,_Cherry Door Top,meta|rot2|open
1245,_Cherry Door Top|meta|rot3|closed,_Cherry Door Top,meta|rot3|closed
1246,_Cherry Door Top|meta|rot3|open,_Cherry Door Top,meta|rot3|open
1247,_Cherry Door Top|meta|rot4|closed,_Cherry Door Top,meta|rot4|closed
1248,_Cherry Door Top|meta|rot4|open,_Cherry Door Top,meta|rot4|open
1249,Cherry Trapdoor,Cherry Trapdoor,
1250,Cherry Trapdoor|meta|rot1|open,Cherry Trapdoor,meta|rot1|open
1251,Cherry Trapdoor|meta|rot2|closed,Cherry Trapdoor,meta|rot2|closed
1252,Cherry Trapdoor|meta|rot2|open,Cherry Trapdoor,meta|rot2|open
1253,Cherry Trapdoor|meta|rot3|closed,Cherry Trapdoor,meta|rot3|closed
1254,Cherry Trapdoor|meta|rot3|open,Cherry Trapdoor,meta|rot3|open
1255,Cherry Trapdoor|meta|rot4|closed,Cherry Trapdoor,meta|rot4|closed
1256,Cherry Trapdoor|meta|rot4|open,Cherry Trapdoor,meta|rot4|open
1257,Cherry Sapling,Cherry Sapling,
1258,Cherry Log|TreeBase|Cherry,Cherry Log,TreeBase|Cherry
1259,Cherry Leaves|TreeCanopy,Cherry Leaves,TreeCanopy
1260,Cherry Slab,Cherry Slab,
1261,Cherry Slab|meta|rot1|top,Cherry Slab,meta|rot1|top
1262,Cherry Slab|meta|rot1|side,Cherry Slab,meta|rot1|side
1263,Cherry Slab|meta|rot2|side,Cherry Slab,meta|rot2|side
1264,Cherry Slab|meta|rot3|side,Cherry Slab,meta|rot3|side
1265,Cherry Slab|meta|rot4|side,Cherry Slab,meta|rot4|side
1266,Cherry Ladder,Cherry Ladder,
1267,Cherry Ladder|meta|rot2,Cherry Ladder,meta|rot2
1268,Cherry Ladder|meta|rot3,Cherry Ladder,meta|rot3
1269,Cherry Ladder|meta|rot4,Cherry Ladder,meta|rot4
1270,Cherry Block,Cherry Block,
1271,Bouncy Bomb Block,Bouncy Bomb Block,
1272,Obby Rocket,Obby Rocket,
1273,Wood Spikes,Wood Spikes,
1274,Stone Spikes,Stone Spikes,
1275,Iron Spikes,Iron Spikes,
1276,Gold Spikes,Gold Spikes,
1277,Diamond Spikes,Diamond Spikes,
1278,Kill Spikes,Kill Spikes,
1279,Corn Block,Corn Block,
1280,Corn Seeds,Corn Seeds,
1281,Corn Seeds_stage1,Corn Seeds_stage1,
1282,Corn Seeds|FreshlyGrown,Corn Seeds,FreshlyGrown
1283,Corn Seeds|Growing,Corn Seeds,Growing
1284,Corn Plant_stage1,Corn Plant_stage1,
1285,Corn Plant_stage2,Corn Plant_stage2,
1286,Corn Plant_stage3,Corn Plant_stage3,
1287,Corn Plant_stage4,Corn Plant_stage4,
1288,Corn Plant_stage5,Corn Plant_stage5,
1289,Corn Plant,Corn Plant,
1290,Corn Plant|FreshlyGrown,Corn Plant,FreshlyGrown
1291,Loot Chest,Loot Chest,
1292,Loot Chest|meta|rot2,Loot Chest,meta|rot2
1293,Loot Chest|meta|rot3,Loot Chest,meta|rot3
1294,Loot Chest|meta|rot4,Loot Chest,meta|rot4
1295,Melting Ice,Melting Ice,
1296,Melting Ice|Breaking,Melting Ice,Breaking
1297,Yellow Paintball Explosive,Yellow Paintball Explosive,
1298,White Paintball Explosive,White Paintball Explosive,
1299,Red Paintball Explosive,Red Paintball Explosive,
1300,Purple Paintball Explosive,Purple Paintball Explosive,
1301,Pink Paintball Explosive,Pink Paintball Explosive,
1302,Orange Paintball Explosive,Orange Paintball Explosive,
1303,Magenta Paintball Explosive,Magenta Paintball Explosive,
1304,Lime Paintball Explosive,Lime Paintball Explosive,
1305,Light Gray Paintball Explosive,Light Gray Paintball Explosive,
1306,Light Blue Paintball Explosive,Light Blue Paintball Explosive,
1307,Green Paintball Explosive,Green Paintball Explosive,
1308,Gray Paintball Explosive,Gray Paintball Explosive,
1309,Cyan Paintball Explosive,Cyan Paintball Explosive,
1310,Brown Paintball Explosive,Brown Paintball Explosive,
1311,Blue Paintball Explosive,Blue Paintball Explosive,
1312,Black Paintball Explosive,Black Paintball Explosive,
1313,Yellow Quick Paintball Explosive,Yellow Quick Paintball Explosive,
1314,White Quick Paintball Explosive,White Quick Paintball Explosive,
1315,Red Quick Paintball Explosive,Red Quick Paintball Explosive,
1316,Purple Quick Paintball Explosive,Purple Quick Paintball Explosive,
1317,Pink Quick Paintball Explosive,Pink Quick Paintball Explosive,
1318,Orange Quick Paintball Explosive,Orange Quick Paintball Explosive,
1319,Magenta Quick Paintball Explosive,Magenta Quick Paintball Explosive,
1320,Lime Quick Paintball Explosive,Lime Quick Paintball Explosive,
1321,Light Gray Quick Paintball Explosive,Light Gray Quick Paintball Explosive,
1322,Light Blue Quick Paintball Explosive,Light Blue Quick Paintball Explosive,
1323,Green Quick Paintball Explosive,Green Quick Paintball Explosive,
1324,Gray Quick Paintball Explosive,Gray Quick Paintball Explosive,
1325,Cyan Quick Paintball Explosive,Cyan Quick Paintball Explosive,
1326,Brown Quick Paintball Explosive,Brown Quick Paintball Explosive,
1327,Blue Quick Paintball Explosive,Blue Quick Paintball Explosive,
1328,Black Quick Paintball Explosive,Black Quick Paintball Explosive,
1329,Yellow Seeking Paintball Explosive,Yellow Seeking Paintball Explosive,
1330,White Seeking Paintball Explosive,White Seeking Paintball Explosive,
1331,Red Seeking Paintball Explosive,Red Seeking Paintball Explosive,
1332,Purple Seeking Paintball Explosive,Purple Seeking Paintball Explosive,
1333,Pink Seeking Paintball Explosive,Pink Seeking Paintball Explosive,
1334,Orange Seeking Paintball Explosive,Orange Seeking Paintball Explosive,
1335,Magenta Seeking Paintball Explosive,Magenta Seeking Paintball Explosive,
1336,Lime Seeking Paintball Explosive,Lime Seeking Paintball Explosive,
1337,Light Gray Seeking Paintball Explosive,Light Gray Seeking Paintball Explosive,
1338,Light Blue Seeking Paintball Explosive,Light Blue Seeking Paintball Explosive,
1339,Green Seeking Paintball Explosive,Green Seeking Paintball Explosive,
1340,Gray Seeking Paintball Explosive,Gray Seeking Paintball Explosive,
1341,Cyan Seeking Paintball Explosive,Cyan Seeking Paintball Explosive,
1342,Brown Seeking Paintball Explosive,Brown Seeking Paintball Explosive,
1343,Blue Seeking Paintball Explosive,Blue Seeking Paintball Explosive,
1344,Black Seeking Paintball Explosive,Black Seeking Paintball Explosive,
1345,Yellow Sticky Paintball Explosive,Yellow Sticky Paintball Explosive,
1346,White Sticky Paintball Explosive,White Sticky Paintball Explosive,
1347,Red Sticky Paintball Explosive,Red Sticky Paintball Explosive,
1348,Purple Sticky Paintball Explosive,Purple Sticky Paintball Explosive,
1349,Pink Sticky Paintball Explosive,Pink Sticky Paintball Explosive,
1350,Orange Sticky Paintball Explosive,Orange Sticky Paintball Explosive,
1351,Magenta Sticky Paintball Explosive,Magenta Sticky Paintball Explosive,
1352,Lime Sticky Paintball Explosive,Lime Sticky Paintball Explosive,
1353,Light Gray Sticky Paintball Explosive,Light Gray Sticky Paintball Explosive,
1354,Light Blue Sticky Paintball Explosive,Light Blue Sticky Paintball Explosive,
1355,Green Sticky Paintball Explosive,Green Sticky Paintball Explosive,
1356,Gray Sticky Paintball Explosive,Gray Sticky Paintball Explosive,
1357,Cyan Sticky Paintball Explosive,Cyan Sticky Paintball Explosive,
1358,Brown Sticky Paintball Explosive,Brown Sticky Paintball Explosive,
1359,Blue Sticky Paintball Explosive,Blue Sticky Paintball Explosive,
1360,Black Sticky Paintball Explosive,Black Sticky Paintball Explosive,
1361,White Strongbed,White Strongbed,
1362,White Strongbed|meta|rot2,White Strongbed,meta|rot2
1363,White Strongbed|meta|rot3,White Strongbed,meta|rot3
1364,White Strongbed|meta|rot4,White Strongbed,meta|rot4
1365,_White Strongbed Head,_White Strongbed Head,
1366,_White Strongbed Head|meta|rot2,_White Strongbed Head,meta|rot2
1367,_White Strongbed Head|meta|rot3,_White Strongbed Head,meta|rot3
1368,_White Strongbed Head|meta|rot4,_White Strongbed Head,meta|rot4
1369,Orange Strongbed,Orange Strongbed,
1370,Orange Strongbed|meta|rot2,Orange Strongbed,meta|rot2
1371,Orange Strongbed|meta|rot3,Orange Strongbed,meta|rot3
1372,Orange Strongbed|meta|rot4,Orange Strongbed,meta|rot4
1373,_Orange Strongbed Head,_Orange Strongbed Head,
1374,_Orange Strongbed Head|meta|rot2,_Orange Strongbed Head,meta|rot2
1375,_Orange Strongbed Head|meta|rot3,_Orange Strongbed Head,meta|rot3
1376,_Orange Strongbed Head|meta|rot4,_Orange Strongbed Head,meta|rot4
1377,Magenta Strongbed,Magenta Strongbed,
1378,Magenta Strongbed|meta|rot2,Magenta Strongbed,meta|rot2
1379,Magenta Strongbed|meta|rot3,Magenta Strongbed,meta|rot3
1380,Magenta Strongbed|meta|rot4,Magenta Strongbed,meta|rot4
1381,_Magenta Strongbed Head,_Magenta Strongbed Head,
1382,_Magenta Strongbed Head|meta|rot2,_Magenta Strongbed Head,meta|rot2
1383,_Magenta Strongbed Head|meta|rot3,_Magenta Strongbed Head,meta|rot3
1384,_Magenta Strongbed Head|meta|rot4,_Magenta Strongbed Head,meta|rot4
1385,Light Blue Strongbed,Light Blue Strongbed,
1386,Light Blue Strongbed|meta|rot2,Light Blue Strongbed,meta|rot2
1387,Light Blue Strongbed|meta|rot3,Light Blue Strongbed,meta|rot3
1388,Light Blue Strongbed|meta|rot4,Light Blue Strongbed,meta|rot4
1389,_Light Blue Strongbed Head,_Light Blue Strongbed Head,
1390,_Light Blue Strongbed Head|meta|rot2,_Light Blue Strongbed Head,meta|rot2
1391,_Light Blue Strongbed Head|meta|rot3,_Light Blue Strongbed Head,meta|rot3
1392,_Light Blue Strongbed Head|meta|rot4,_Light Blue Strongbed Head,meta|rot4
1393,Yellow Strongbed,Yellow Strongbed,
1394,Yellow Strongbed|meta|rot2,Yellow Strongbed,meta|rot2
1395,Yellow Strongbed|meta|rot3,Yellow Strongbed,meta|rot3
1396,Yellow Strongbed|meta|rot4,Yellow Strongbed,meta|rot4
1397,_Yellow Strongbed Head,_Yellow Strongbed Head,
1398,_Yellow Strongbed Head|meta|rot2,_Yellow Strongbed Head,meta|rot2
1399,_Yellow Strongbed Head|meta|rot3,_Yellow Strongbed Head,meta|rot3
1400,_Yellow Strongbed Head|meta|rot4,_Yellow Strongbed Head,meta|rot4
1401,Lime Strongbed,Lime Strongbed,
1402,Lime Strongbed|meta|rot2,Lime Strongbed,meta|rot2
1403,Lime Strongbed|meta|rot3,Lime Strongbed,meta|rot3
1404,Lime Strongbed|meta|rot4,Lime Strongbed,meta|rot4
1405,_Lime Strongbed Head,_Lime Strongbed Head,
1406,_Lime Strongbed Head|meta|rot2,_Lime Strongbed Head,meta|rot2
1407,_Lime Strongbed Head|meta|rot3,_Lime Strongbed Head,meta|rot3
1408,_Lime Strongbed Head|meta|rot4,_Lime Strongbed Head,meta|rot4
1409,Pink Strongbed,Pink Strongbed,
1410,Pink Strongbed|meta|rot2,Pink Strongbed,meta|rot2
1411,Pink Strongbed|meta|rot3,Pink Strongbed,meta|rot3
1412,Pink Strongbed|meta|rot4,Pink Strongbed,meta|rot4
1413,_Pink Strongbed Head,_Pink Strongbed Head,
1414,_Pink Strongbed Head|meta|rot2,_Pink Strongbed Head,meta|rot2
1415,_Pink Strongbed Head|meta|rot3,_Pink Strongbed Head,meta|rot3
1416,_Pink Strongbed Head|meta|rot4,_Pink Strongbed Head,meta|rot4
1417,Gray Strongbed,Gray Strongbed,
1418,Gray Strongbed|meta|rot2,Gray Strongbed,meta|rot2
1419,Gray Strongbed|meta|rot3,Gray Strongbed,meta|rot3
1420,Gray Strongbed|meta|rot4,Gray Strongbed,meta|rot4
1421,_Gray Strongbed Head,_Gray Strongbed Head,
1422,_Gray Strongbed Head|meta|rot2,_Gray Strongbed Head,meta|rot2
1423,_Gray Strongbed Head|meta|rot3,_Gray Strongbed Head,meta|rot3
1424,_Gray Strongbed Head|meta|rot4,_Gray Strongbed Head,meta|rot4
1425,Light Gray Strongbed,Light Gray Strongbed,
1426,Light Gray Strongbed|meta|rot2,Light Gray Strongbed,meta|rot2
1427,Light Gray Strongbed|meta|rot3,Light Gray Strongbed,meta|rot3
1428,Light Gray Strongbed|meta|rot4,Light Gray Strongbed,meta|rot4
1429,_Light Gray Strongbed Head,_Light Gray Strongbed Head,
1430,_Light Gray Strongbed Head|meta|rot2,_Light Gray Strongbed Head,meta|rot2
1431,_Light Gray Strongbed Head|meta|rot3,_Light Gray Strongbed Head,meta|rot3
1432,_Light Gray Strongbed Head|meta|rot4,_Light Gray Strongbed Head,meta|rot4
1433,Cyan Strongbed,Cyan Strongbed,
1434,Cyan Strongbed|meta|rot2,Cyan Strongbed,meta|rot2
1435,Cyan Strongbed|meta|rot3,Cyan Strongbed,meta|rot3
1436,Cyan Strongbed|meta|rot4,Cyan Strongbed,meta|rot4
1437,_Cyan Strongbed Head,_Cyan Strongbed Head,
1438,_Cyan Strongbed Head|meta|rot2,_Cyan Strongbed Head,meta|rot2
1439,_Cyan Strongbed Head|meta|rot3,_Cyan Strongbed Head,meta|rot3
1440,_Cyan Strongbed Head|meta|rot4,_Cyan Strongbed Head,meta|rot4
1441,Purple Strongbed,Purple Strongbed,
1442,Purple Strongbed|meta|rot2,Purple Strongbed,meta|rot2
1443,Purple Strongbed|meta|rot3,Purple Strongbed,meta|rot3
1444,Purple Strongbed|meta|rot4,Purple Strongbed,meta|rot4
1445,_Purple Strongbed Head,_Purple Strongbed Head,
1446,_Purple Strongbed Head|meta|rot2,_Purple Strongbed Head,meta|rot2
1447,_Purple Strongbed Head|meta|rot3,_Purple Strongbed Head,meta|rot3
1448,_Purple Strongbed Head|meta|rot4,_Purple Strongbed Head,meta|rot4
1449,Blue Strongbed,Blue Strongbed,
1450,Blue Strongbed|meta|rot2,Blue Strongbed,meta|rot2
1451,Blue Strongbed|meta|rot3,Blue Strongbed,meta|rot3
1452,Blue Strongbed|meta|rot4,Blue Strongbed,meta|rot4
1453,_Blue Strongbed Head,_Blue Strongbed Head,
1454,_Blue Strongbed Head|meta|rot2,_Blue Strongbed Head,meta|rot2
1455,_Blue Strongbed Head|meta|rot3,_Blue Strongbed Head,meta|rot3
1456,_Blue Strongbed Head|meta|rot4,_Blue Strongbed Head,meta|rot4
1457,Brown Strongbed,Brown Strongbed,
1458,Brown Strongbed|meta|rot2,Brown Strongbed,meta|rot2
1459,Brown Strongbed|meta|rot3,Brown Strongbed,meta|rot3
1460,Brown Strongbed|meta|rot4,Brown Strongbed,meta|rot4
1461,_Brown Strongbed Head,_Brown Strongbed Head,
1462,_Brown Strongbed Head|meta|rot2,_Brown Strongbed Head,meta|rot2
1463,_Brown Strongbed Head|meta|rot3,_Brown Strongbed Head,meta|rot3
1464,_Brown Strongbed Head|meta|rot4,_Brown Strongbed Head,meta|rot4
1465,Green Strongbed,Green Strongbed,
1466,Green Strongbed|meta|rot2,Green Strongbed,meta|rot2
1467,Green Strongbed|meta|rot3,Green Strongbed,meta|rot3
1468,Green Strongbed|meta|rot4,Green Strongbed,meta|rot4
1469,_Green Strongbed Head,_Green Strongbed Head,
1470,_Green Strongbed Head|meta|rot2,_Green Strongbed Head,meta|rot2
1471,_Green Strongbed Head|meta|rot3,_Green Strongbed Head,meta|rot3
1472,_Green Strongbed Head|meta|rot4,_Green Strongbed Head,meta|rot4
1473,Red Strongbed,Red Strongbed,
1474,Red Strongbed|meta|rot2,Red Strongbed,meta|rot2
1475,Red Strongbed|meta|rot3,Red Strongbed,meta|rot3
1476,Red Strongbed|meta|rot4,Red Strongbed,meta|rot4
1477,_Red Strongbed Head,_Red Strongbed Head,
1478,_Red Strongbed Head|meta|rot2,_Red Strongbed Head,meta|rot2
1479,_Red Strongbed Head|meta|rot3,_Red Strongbed Head,meta|rot3
1480,_Red Strongbed Head|meta|rot4,_Red Strongbed Head,meta|rot4
1481,Black Strongbed,Black Strongbed,
1482,Black Strongbed|meta|rot2,Black Strongbed,meta|rot2
1483,Black Strongbed|meta|rot3,Black Strongbed,meta|rot3
1484,Black Strongbed|meta|rot4,Black Strongbed,meta|rot4
1485,_Black Strongbed Head,_Black Strongbed Head,
1486,_Black Strongbed Head|meta|rot2,_Black Strongbed Head,meta|rot2
1487,_Black Strongbed Head|meta|rot3,_Black Strongbed Head,meta|rot3
1488,_Black Strongbed Head|meta|rot4,_Black Strongbed Head,meta|rot4
1489,Timed Spike Bomb Block,Timed Spike Bomb Block,
1490,Timed Spike Bomb Block|Flashing,Timed Spike Bomb Block,Flashing
1491,Lava,Lava,
1492,Fat Brown Mushroom,Fat Brown Mushroom,
1493,Fat Red Mushroom,Fat Red Mushroom,
1494,Chili Pepper Block,Chili Pepper Block,
1495,Chili Pepper Seeds,Chili Pepper Seeds,
1496,Chili Pepper Plant_stage1,Chili Pepper Plant_stage1,
1497,Chili Pepper Plant_stage2,Chili Pepper Plant_stage2,
1498,Chili Pepper Plant_stage3,Chili Pepper Plant_stage3,
1499,Chili Pepper Plant_stage4,Chili Pepper Plant_stage4,
1500,Chili Pepper Plant,Chili Pepper Plant,
1501,Chili Pepper Plant|FreshlyGrown,Chili Pepper Plant,FreshlyGrown
1502,Chili Pepper Seeds|Lava,Chili Pepper Seeds,Lava
1503,Chili Pepper Plant_stage1|Lava,Chili Pepper Plant_stage1,Lava
1504,Chili Pepper Plant_stage2|Lava,Chili Pepper Plant_stage2,Lava
1505,Chili Pepper Plant_stage3|Lava,Chili Pepper Plant_stage3,Lava
1506,Chili Pepper Plant_stage4|Lava,Chili Pepper Plant_stage4,Lava
1507,Chili Pepper Plant_stage5,Chili Pepper Plant_stage5,
1508,Chili Pepper Plant_stage5|Lava,Chili Pepper Plant_stage5,Lava
1509,Chili Pepper Plant|Lava|FreshlyGrown,Chili Pepper Plant,Lava|FreshlyGrown
1510,Code Block,Code Block,
1511,Toxin Ball Block,Toxin Ball Block,
1512,Spawn Block (Yellow),Spawn Block (Yellow),
1513,Spawn Block (White),Spawn Block (White),
1514,Spawn Block (Red),Spawn Block (Red),
1515,Spawn Block (Purple),Spawn Block (Purple),
1516,Spawn Block (Pink),Spawn Block (Pink),
1517,Spawn Block (Orange),Spawn Block (Orange),
1518,Spawn Block (Magenta),Spawn Block (Magenta),
1519,Spawn Block (Lime),Spawn Block (Lime),
1520,Spawn Block (Light Gray),Spawn Block (Light Gray),
1521,Spawn Block (Light Blue),Spawn Block (Light Blue),
1522,Spawn Block (Green),Spawn Block (Green),
1523,Spawn Block (Gray),Spawn Block (Gray),
1524,Spawn Block (Cyan),Spawn Block (Cyan),
1525,Spawn Block (Brown),Spawn Block (Brown),
1526,Spawn Block (Blue),Spawn Block (Blue),
1527,Spawn Block (Black),Spawn Block (Black),
1528,Spawn Block (Yellow)|meta|rot2,Spawn Block (Yellow),meta|rot2
1529,Spawn Block (White)|meta|rot2,Spawn Block (White),meta|rot2
1530,Spawn Block (Red)|meta|rot2,Spawn Block (Red),meta|rot2
1531,Spawn Block (Purple)|meta|rot2,Spawn Block (Purple),meta|rot2
1532,Spawn Block (Pink)|meta|rot2,Spawn Block (Pink),meta|rot2
1533,Spawn Block (Orange)|meta|rot2,Spawn Block (Orange),meta|rot2
1534,Spawn Block (Magenta)|meta|rot2,Spawn Block (Magenta),meta|rot2
1535,Spawn Block (Lime)|meta|rot2,Spawn Block (Lime),meta|rot2
1536,Spawn Block (Light Gray)|meta|rot2,Spawn Block (Light Gray),meta|rot2
1537,Spawn Block (Light Blue)|meta|rot2,Spawn Block (Light Blue),meta|rot2
1538,Spawn Block (Green)|meta|rot2,Spawn Block (Green),meta|rot2
1539,Spawn Block (Gray)|meta|rot2,Spawn Block (Gray),meta|rot2
1540,Spawn Block (Cyan)|meta|rot2,Spawn Block (Cyan),meta|rot2
1541,Spawn Block (Brown)|meta|rot2,Spawn Block (Brown),meta|rot2
1542,Spawn Block (Blue)|meta|rot2,Spawn Block (Blue),meta|rot2
1543,Spawn Block (Black)|meta|rot2,Spawn Block (Black),meta|rot2
1544,Spawn Block (Yellow)|meta|rot3,Spawn Block (Yellow),meta|rot3
1545,Spawn Block (White)|meta|rot3,Spawn Block (White),meta|rot3
1546,Spawn Block (Red)|meta|rot3,Spawn Block (Red),meta|rot3
1547,Spawn Block (Purple)|meta|rot3,Spawn Block (Purple),meta|rot3
1548,Spawn Block (Pink)|meta|rot3,Spawn Block (Pink),meta|rot3
1549,Spawn Block (Orange)|meta|rot3,Spawn Block (Orange),meta|rot3
1550,Spawn Block (Magenta)|meta|rot3,Spawn Block (Magenta),meta|rot3
1551,Spawn Block (Lime)|meta|rot3,Spawn Block (Lime),meta|rot3
1552,Spawn Block (Light Gray)|meta|rot3,Spawn Block (Light Gray),meta|rot3
1553,Spawn Block (Light Blue)|meta|rot3,Spawn Block (Light Blue),meta|rot3
1554,Spawn Block (Green)|meta|rot3,Spawn Block (Green),meta|rot3
1555,Spawn Block (Gray)|meta|rot3,Spawn Block (Gray),meta|rot3
1556,Spawn Block (Cyan)|meta|rot3,Spawn Block (Cyan),meta|rot3
1557,Spawn Block (Brown)|meta|rot3,Spawn Block (Brown),meta|rot3
1558,Spawn Block (Blue)|meta|rot3,Spawn Block (Blue),meta|rot3
1559,Spawn Block (Black)|meta|rot3,Spawn Block (Black),meta|rot3
1560,Spawn Block (Yellow)|meta|rot4,Spawn Block (Yellow),meta|rot4
1561,Spawn Block (White)|meta|rot4,Spawn Block (White),meta|rot4
1562,Spawn Block (Red)|meta|rot4,Spawn Block (Red),meta|rot4
1563,Spawn Block (Purple)|meta|rot4,Spawn Block (Purple),meta|rot4
1564,Spawn Block (Pink)|meta|rot4,Spawn Block (Pink),meta|rot4
1565,Spawn Block (Orange)|meta|rot4,Spawn Block (Orange),meta|rot4
1566,Spawn Block (Magenta)|meta|rot4,Spawn Block (Magenta),meta|rot4
1567,Spawn Block (Lime)|meta|rot4,Spawn Block (Lime),meta|rot4
1568,Spawn Block (Light Gray)|meta|rot4,Spawn Block (Light Gray),meta|rot4
1569,Spawn Block (Light Blue)|meta|rot4,Spawn Block (Light Blue),meta|rot4
1570,Spawn Block (Green)|meta|rot4,Spawn Block (Green),meta|rot4
1571,Spawn Block (Gray)|meta|rot4,Spawn Block (Gray),meta|rot4
1572,Spawn Block (Cyan)|meta|rot4,Spawn Block (Cyan),meta|rot4
1573,Spawn Block (Brown)|meta|rot4,Spawn Block (Brown),meta|rot4
1574,Spawn Block (Blue)|meta|rot4,Spawn Block (Blue),meta|rot4
1575,Spawn Block (Black)|meta|rot4,Spawn Block (Black),meta|rot4
1576,Checkpoint Block,Checkpoint Block,
1577,Checkpoint Block|meta|rot2,Checkpoint Block,meta|rot2
1578,Checkpoint Block|meta|rot3,Checkpoint Block,meta|rot3
1579,Checkpoint Block|meta|rot4,Checkpoint Block,meta|rot4
1580,Custom Lobby Block,Custom Lobby Block,
1581,Custom Lobby Block|meta|rot2,Custom Lobby Block,meta|rot2
1582,Custom Lobby Block|meta|rot3,Custom Lobby Block,meta|rot3
1583,Custom Lobby Block|meta|rot4,Custom Lobby Block,meta|rot4
1584,Generator Spawn Block (Red),Generator Spawn Block (Red),
1585,Generator Spawn Block (Blue),Generator Spawn Block (Blue),
1586,Generator Spawn Block (Lime),Generator Spawn Block (Lime),
1587,Generator Spawn Block (Yellow),Generator Spawn Block (Yellow),
1588,Generator Spawn Block (Cyan),Generator Spawn Block (Cyan),
1589,Generator Spawn Block (White),Generator Spawn Block (White),
1590,Generator Spawn Block (Pink),Generator Spawn Block (Pink),
1591,Generator Spawn Block (Gray),Generator Spawn Block (Gray),
1592,Trader Shop Spawn Block,Trader Shop Spawn Block,
1593,Trader Shop Spawn Block|meta|rot2,Trader Shop Spawn Block,meta|rot2
1594,Trader Shop Spawn Block|meta|rot3,Trader Shop Spawn Block,meta|rot3
1595,Trader Shop Spawn Block|meta|rot4,Trader Shop Spawn Block,meta|rot4
1596,Wizard Shop Spawn Block,Wizard Shop Spawn Block,
1597,Wizard Shop Spawn Block|meta|rot2,Wizard Shop Spawn Block,meta|rot2
1598,Wizard Shop Spawn Block|meta|rot3,Wizard Shop Spawn Block,meta|rot3
1599,Wizard Shop Spawn Block|meta|rot4,Wizard Shop Spawn Block,meta|rot4
1600,Generator Spawn Block (Diamond),Generator Spawn Block (Diamond),
1601,Generator Spawn Block (Moonstone),Generator Spawn Block (Moonstone),
1602,Generator Spawn Block (Ore),Generator Spawn Block (Ore),
1603,Goal Block (Red),Goal Block (Red),
1604,Goal Block (Blue),Goal Block (Blue),
1605,Finish Block,Finish Block,
1606,Drop Location Block,Drop Location Block,
1607,Obby Death Block,Obby Death Block,
1608,Obby Absorb Block,Obby Absorb Block,
1609,Obby Absorb Death Block,Obby Absorb Death Block,
1610,Bone Block,Bone Block,
1611,Pig Spawner Block,Pig Spawner Block,
1612,Cow Spawner Block,Cow Spawner Block,
1613,Sheep Spawner Block,Sheep Spawner Block,
1614,Cave Golem Spawner Block,Cave Golem Spawner Block,
1615,Draugr Zombie Spawner Block,Draugr Zombie Spawner Block,
1616,Draugr Skeleton Spawner Block,Draugr Skeleton Spawner Block,
1617,Empty Spawner Block,Empty Spawner Block,
1618,Frost Golem Spawner Block,Frost Golem Spawner Block,
1619,Frost Zombie Spawner Block,Frost Zombie Spawner Block,
1620,Frost Skeleton Spawner Block,Frost Skeleton Spawner Block,
1621,Snowy Messy Stone,Snowy Messy Stone,
1622,Snowy Stone Slab,Snowy Stone Slab,
1623,Snowy Stone Slab|meta|rot1|top,Snowy Stone Slab,meta|rot1|top
1624,Snowy Stone Slab|meta|rot1|side,Snowy Stone Slab,meta|rot1|side
1625,Snowy Stone Slab|meta|rot2|side,Snowy Stone Slab,meta|rot2|side
1626,Snowy Stone Slab|meta|rot3|side,Snowy Stone Slab,meta|rot3|side
1627,Snowy Stone Slab|meta|rot4|side,Snowy Stone Slab,meta|rot4|side
1628,Draugr Knight Spawner Block,Draugr Knight Spawner Block,
1629,Packed Snow,Packed Snow,
1630,Carved Messy Stone,Carved Messy Stone,
1631,Spectral Grass,Spectral Grass,
1632,Spectral Log,Spectral Log,
1633,Barkless Spectral Log,Barkless Spectral Log,
1634,Barkless Spectral Log|TreeBase|Spectral,Barkless Spectral Log,TreeBase|Spectral
1635,Spectral Wood Planks,Spectral Wood Planks,
1636,Spectral Leaves,Spectral Leaves,
1637,Spectral Door,Spectral Door,
1638,Spectral Door|meta|rot1|open,Spectral Door,meta|rot1|open
1639,Spectral Door|meta|rot2|closed,Spectral Door,meta|rot2|closed
1640,Spectral Door|meta|rot2|open,Spectral Door,meta|rot2|open
1641,Spectral Door|meta|rot3|closed,Spectral Door,meta|rot3|closed
1642,Spectral Door|meta|rot3|open,Spectral Door,meta|rot3|open
1643,Spectral Door|meta|rot4|closed,Spectral Door,meta|rot4|closed
1644,Spectral Door|meta|rot4|open,Spectral Door,meta|rot4|open
1645,_Spectral Door Top,_Spectral Door Top,
1646,_Spectral Door Top|meta|rot1|open,_Spectral Door Top,meta|rot1|open
1647,_Spectral Door Top|meta|rot2|closed,_Spectral Door Top,meta|rot2|closed
1648,_Spectral Door Top|meta|rot2|open,_Spectral Door Top,meta|rot2|open
1649,_Spectral Door Top|meta|rot3|closed,_Spectral Door Top,meta|rot3|closed
1650,_Spectral Door Top|meta|rot3|open,_Spectral Door Top,meta|rot3|open
1651,_Spectral Door Top|meta|rot4|closed,_Spectral Door Top,meta|rot4|closed
1652,_Spectral Door Top|meta|rot4|open,_Spectral Door Top,meta|rot4|open
1653,Spectral Trapdoor,Spectral Trapdoor,
1654,Spectral Trapdoor|meta|rot1|open,Spectral Trapdoor,meta|rot1|open
1655,Spectral Trapdoor|meta|rot2|closed,Spectral Trapdoor,meta|rot2|closed
1656,Spectral Trapdoor|meta|rot2|open,Spectral Trapdoor,meta|rot2|open
1657,Spectral Trapdoor|meta|rot3|closed,Spectral Trapdoor,meta|rot3|closed
1658,Spectral Trapdoor|meta|rot3|open,Spectral Trapdoor,meta|rot3|open
1659,Spectral Trapdoor|meta|rot4|closed,Spectral Trapdoor,meta|rot4|closed
1660,Spectral Trapdoor|meta|rot4|open,Spectral Trapdoor,meta|rot4|open
1661,Spectral Sapling,Spectral Sapling,
1662,Spectral Log|TreeBase|Spectral,Spectral Log,TreeBase|Spectral
1663,Spectral Leaves|TreeCanopy,Spectral Leaves,TreeCanopy
1664,Spectral Slab,Spectral Slab,
1665,Spectral Slab|meta|rot1|top,Spectral Slab,meta|rot1|top
1666,Spectral Slab|meta|rot1|side,Spectral Slab,meta|rot1|side
1667,Spectral Slab|meta|rot2|side,Spectral Slab,meta|rot2|side
1668,Spectral Slab|meta|rot3|side,Spectral Slab,meta|rot3|side
1669,Spectral Slab|meta|rot4|side,Spectral Slab,meta|rot4|side
1670,Spectral Ladder,Spectral Ladder,
1671,Spectral Ladder|meta|rot2,Spectral Ladder,meta|rot2
1672,Spectral Ladder|meta|rot3,Spectral Ladder,meta|rot3
1673,Spectral Ladder|meta|rot4,Spectral Ladder,meta|rot4
1674,Wood Enchanting Table,Wood Enchanting Table,
1675,Wood Enchanting Table|meta|rot2,Wood Enchanting Table,meta|rot2
1676,Wood Enchanting Table|meta|rot3,Wood Enchanting Table,meta|rot3
1677,Wood Enchanting Table|meta|rot4,Wood Enchanting Table,meta|rot4
1678,Stone Enchanting Table,Stone Enchanting Table,
1679,Stone Enchanting Table|meta|rot2,Stone Enchanting Table,meta|rot2
1680,Stone Enchanting Table|meta|rot3,Stone Enchanting Table,meta|rot3
1681,Stone Enchanting Table|meta|rot4,Stone Enchanting Table,meta|rot4
1682,Iron Enchanting Table,Iron Enchanting Table,
1683,Iron Enchanting Table|meta|rot2,Iron Enchanting Table,meta|rot2
1684,Iron Enchanting Table|meta|rot3,Iron Enchanting Table,meta|rot3
1685,Iron Enchanting Table|meta|rot4,Iron Enchanting Table,meta|rot4
1686,Gold Enchanting Table,Gold Enchanting Table,
1687,Gold Enchanting Table|meta|rot2,Gold Enchanting Table,meta|rot2
1688,Gold Enchanting Table|meta|rot3,Gold Enchanting Table,meta|rot3
1689,Gold Enchanting Table|meta|rot4,Gold Enchanting Table,meta|rot4
1690,Diamond Enchanting Table,Diamond Enchanting Table,
1691,Diamond Enchanting Table|meta|rot2,Diamond Enchanting Table,meta|rot2
1692,Diamond Enchanting Table|meta|rot3,Diamond Enchanting Table,meta|rot3
1693,Diamond Enchanting Table|meta|rot4,Diamond Enchanting Table,meta|rot4
1694,Pine Grass Block,Pine Grass Block,
1695,Pine Grass Slab,Pine Grass Slab,
1696,Pine Grass Slab|meta|rot1|top,Pine Grass Slab,meta|rot1|top
1697,Pine Grass Slab|meta|rot1|side,Pine Grass Slab,meta|rot1|side
1698,Pine Grass Slab|meta|rot2|side,Pine Grass Slab,meta|rot2|side
1699,Pine Grass Slab|meta|rot3|side,Pine Grass Slab,meta|rot3|side
1700,Pine Grass Slab|meta|rot4|side,Pine Grass Slab,meta|rot4|side
1701,Pine Grass,Pine Grass,
1702,Pine Fern,Pine Fern,
1703,Fallen Pine Cone,Fallen Pine Cone,
1704,Pine Cone Block,Pine Cone Block,
1705,Wolf Spawner Block,Wolf Spawner Block,
1706,Bear Spawner Block,Bear Spawner Block,
1707,Deer Spawner Block,Deer Spawner Block,
1708,Stag Spawner Block,Stag Spawner Block,
1709,Bone Antlers,Bone Antlers,
1710,Bone Antlers|meta|rot2,Bone Antlers,meta|rot2
1711,Bone Antlers|meta|rot3,Bone Antlers,meta|rot3
1712,Bone Antlers|meta|rot4,Bone Antlers,meta|rot4
1713,Gold Antlers,Gold Antlers,
1714,Gold Antlers|meta|rot2,Gold Antlers,meta|rot2
1715,Gold Antlers|meta|rot3,Gold Antlers,meta|rot3
1716,Gold Antlers|meta|rot4,Gold Antlers,meta|rot4
1717,Gold Watermelon Stag Spawner Block,Gold Watermelon Stag Spawner Block,
1718,Salvaging Table,Salvaging Table,
1719,Salvaging Table|meta|rot2,Salvaging Table,meta|rot2
1720,Salvaging Table|meta|rot3,Salvaging Table,meta|rot3
1721,Salvaging Table|meta|rot4,Salvaging Table,meta|rot4
1722,Chalk,Chalk,
1723,Yellow Chalk,Yellow Chalk,
1724,White Chalk,White Chalk,
1725,Red Chalk,Red Chalk,
1726,Purple Chalk,Purple Chalk,
1727,Pink Chalk,Pink Chalk,
1728,Orange Chalk,Orange Chalk,
1729,Magenta Chalk,Magenta Chalk,
1730,Lime Chalk,Lime Chalk,
1731,Light Gray Chalk,Light Gray Chalk,
1732,Light Blue Chalk,Light Blue Chalk,
1733,Green Chalk,Green Chalk,
1734,Gray Chalk,Gray Chalk,
1735,Cyan Chalk,Cyan Chalk,
1736,Brown Chalk,Brown Chalk,
1737,Blue Chalk,Blue Chalk,
1738,Black Chalk,Black Chalk,
1739,Yellow Chalk Bricks,Yellow Chalk Bricks,
1740,White Chalk Bricks,White Chalk Bricks,
1741,Red Chalk Bricks,Red Chalk Bricks,
1742,Purple Chalk Bricks,Purple Chalk Bricks,
1743,Pink Chalk Bricks,Pink Chalk Bricks,
1744,Orange Chalk Bricks,Orange Chalk Bricks,
1745,Magenta Chalk Bricks,Magenta Chalk Bricks,
1746,Lime Chalk Bricks,Lime Chalk Bricks,
1747,Light Gray Chalk Bricks,Light Gray Chalk Bricks,
1748,Light Blue Chalk Bricks,Light Blue Chalk Bricks,
1749,Green Chalk Bricks,Green Chalk Bricks,
1750,Gray Chalk Bricks,Gray Chalk Bricks,
1751,Cyan Chalk Bricks,Cyan Chalk Bricks,
1752,Brown Chalk Bricks,Brown Chalk Bricks,
1753,Blue Chalk Bricks,Blue Chalk Bricks,
1754,Black Chalk Bricks,Black Chalk Bricks,
1755,Yellow Chalk Slab,Yellow Chalk Slab,
1756,Yellow Chalk Slab|meta|rot1|top,Yellow Chalk Slab,meta|rot1|top
1757,Yellow Chalk Slab|meta|rot1|side,Yellow Chalk Slab,meta|rot1|side
1758,Yellow Chalk Slab|meta|rot2|side,Yellow Chalk Slab,meta|rot2|side
1759,Yellow Chalk Slab|meta|rot3|side,Yellow Chalk Slab,meta|rot3|side
1760,Yellow Chalk Slab|meta|rot4|side,Yellow Chalk Slab,meta|rot4|side
1761,White Chalk Slab,White Chalk Slab,
1762,White Chalk Slab|meta|rot1|top,White Chalk Slab,meta|rot1|top
1763,White Chalk Slab|meta|rot1|side,White Chalk Slab,meta|rot1|side
1764,White Chalk Slab|meta|rot2|side,White Chalk Slab,meta|rot2|side
1765,White Chalk Slab|meta|rot3|side,White Chalk Slab,meta|rot3|side
1766,White Chalk Slab|meta|rot4|side,White Chalk Slab,meta|rot4|side
1767,Red Chalk Slab,Red Chalk Slab,
1768,Red Chalk Slab|meta|rot1|top,Red Chalk Slab,meta|rot1|top
1769,Red Chalk Slab|meta|rot1|side,Red Chalk Slab,meta|rot1|side
1770,Red Chalk Slab|meta|rot2|side,Red Chalk Slab,meta|rot2|side
1771,Red Chalk Slab|meta|rot3|side,Red Chalk Slab,meta|rot3|side
1772,Red Chalk Slab|meta|rot4|side,Red Chalk Slab,meta|rot4|side
1773,Purple Chalk Slab,Purple Chalk Slab,
1774,Purple Chalk Slab|meta|rot1|top,Purple Chalk Slab,meta|rot1|top
1775,Purple Chalk Slab|meta|rot1|side,Purple Chalk Slab,meta|rot1|side
1776,Purple Chalk Slab|meta|rot2|side,Purple Chalk Slab,meta|rot2|side
1777,Purple Chalk Slab|meta|rot3|side,Purple Chalk Slab,meta|rot3|side
1778,Purple Chalk Slab|meta|rot4|side,Purple Chalk Slab,meta|rot4|side
1779,Pink Chalk Slab,Pink Chalk Slab,
1780,Pink Chalk Slab|meta|rot1|top,Pink Chalk Slab,meta|rot1|top
1781,Pink Chalk Slab|meta|rot1|side,Pink Chalk Slab,meta|rot1|side
1782,Pink Chalk Slab|meta|rot2|side,Pink Chalk Slab,meta|rot2|side
1783,Pink Chalk Slab|meta|rot3|side,Pink Chalk Slab,meta|rot3|side
1784,Pink Chalk Slab|meta|rot4|side,Pink Chalk Slab,meta|rot4|side
1785,Orange Chalk Slab,Orange Chalk Slab,
1786,Orange Chalk Slab|meta|rot1|top,Orange Chalk Slab,meta|rot1|top
1787,Orange Chalk Slab|meta|rot1|side,Orange Chalk Slab,meta|rot1|side
1788,Orange Chalk Slab|meta|rot2|side,Orange Chalk Slab,meta|rot2|side
1789,Orange Chalk Slab|meta|rot3|side,Orange Chalk Slab,meta|rot3|side
1790,Orange Chalk Slab|meta|rot4|side,Orange Chalk Slab,meta|rot4|side
1791,Magenta Chalk Slab,Magenta Chalk Slab,
1792,Magenta Chalk Slab|meta|rot1|top,Magenta Chalk Slab,meta|rot1|top
1793,Magenta Chalk Slab|meta|rot1|side,Magenta Chalk Slab,meta|rot1|side
1794,Magenta Chalk Slab|meta|rot2|side,Magenta Chalk Slab,meta|rot2|side
1795,Magenta Chalk Slab|meta|rot3|side,Magenta Chalk Slab,meta|rot3|side
1796,Magenta Chalk Slab|meta|rot4|side,Magenta Chalk Slab,meta|rot4|side
1797,Lime Chalk Slab,Lime Chalk Slab,
1798,Lime Chalk Slab|meta|rot1|top,Lime Chalk Slab,meta|rot1|top
1799,Lime Chalk Slab|meta|rot1|side,Lime Chalk Slab,meta|rot1|side
1800,Lime Chalk Slab|meta|rot2|side,Lime Chalk Slab,meta|rot2|side
1801,Lime Chalk Slab|meta|rot3|side,Lime Chalk Slab,meta|rot3|side
1802,Lime Chalk Slab|meta|rot4|side,Lime Chalk Slab,meta|rot4|side
1803,Light Gray Chalk Slab,Light Gray Chalk Slab,
1804,Light Gray Chalk Slab|meta|rot1|top,Light Gray Chalk Slab,meta|rot1|top
1805,Light Gray Chalk Slab|meta|rot1|side,Light Gray Chalk Slab,meta|rot1|side
1806,Light Gray Chalk Slab|meta|rot2|side,Light Gray Chalk Slab,meta|rot2|side
1807,Light Gray Chalk Slab|meta|rot3|side,Light Gray Chalk Slab,meta|rot3|side
1808,Light Gray Chalk Slab|meta|rot4|side,Light Gray Chalk Slab,meta|rot4|side
1809,Light Blue Chalk Slab,Light Blue Chalk Slab,
1810,Light Blue Chalk Slab|meta|rot1|top,Light Blue Chalk Slab,meta|rot1|top
1811,Light Blue Chalk Slab|meta|rot1|side,Light Blue Chalk Slab,meta|rot1|side
1812,Light Blue Chalk Slab|meta|rot2|side,Light Blue Chalk Slab,meta|rot2|side
1813,Light Blue Chalk Slab|meta|rot3|side,Light Blue Chalk Slab,meta|rot3|side
1814,Light Blue Chalk Slab|meta|rot4|side,Light Blue Chalk Slab,meta|rot4|side
1815,Green Chalk Slab,Green Chalk Slab,
1816,Green Chalk Slab|meta|rot1|top,Green Chalk Slab,meta|rot1|top
1817,Green Chalk Slab|meta|rot1|side,Green Chalk Slab,meta|rot1|side
1818,Green Chalk Slab|meta|rot2|side,Green Chalk Slab,meta|rot2|side
1819,Green Chalk Slab|meta|rot3|side,Green Chalk Slab,meta|rot3|side
1820,Green Chalk Slab|meta|rot4|side,Green Chalk Slab,meta|rot4|side
1821,Gray Chalk Slab,Gray Chalk Slab,
1822,Gray Chalk Slab|meta|rot1|top,Gray Chalk Slab,meta|rot1|top
1823,Gray Chalk Slab|meta|rot1|side,Gray Chalk Slab,meta|rot1|side
1824,Gray Chalk Slab|meta|rot2|side,Gray Chalk Slab,meta|rot2|side
1825,Gray Chalk Slab|meta|rot3|side,Gray Chalk Slab,meta|rot3|side
1826,Gray Chalk Slab|meta|rot4|side,Gray Chalk Slab,meta|rot4|side
1827,Cyan Chalk Slab,Cyan Chalk Slab,
1828,Cyan Chalk Slab|meta|rot1|top,Cyan Chalk Slab,meta|rot1|top
1829,Cyan Chalk Slab|meta|rot1|side,Cyan Chalk Slab,meta|rot1|side
1830,Cyan Chalk Slab|meta|rot2|side,Cyan Chalk Slab,meta|rot2|side
1831,Cyan Chalk Slab|meta|rot3|side,Cyan Chalk Slab,meta|rot3|side
1832,Cyan Chalk Slab|meta|rot4|side,Cyan Chalk Slab,meta|rot4|side
1833,Brown Chalk Slab,Brown Chalk Slab,
1834,Brown Chalk Slab|meta|rot1|top,Brown Chalk Slab,meta|rot1|top
1835,Brown Chalk Slab|meta|rot1|side,Brown Chalk Slab,meta|rot1|side
1836,Brown Chalk Slab|meta|rot2|side,Brown Chalk Slab,meta|rot2|side
1837,Brown Chalk Slab|meta|rot3|side,Brown Chalk Slab,meta|rot3|side
1838,Brown Chalk Slab|meta|rot4|side,Brown Chalk Slab,meta|rot4|side
1839,Blue Chalk Slab,Blue Chalk Slab,
1840,Blue Chalk Slab|meta|rot1|top,Blue Chalk Slab,meta|rot1|top
1841,Blue Chalk Slab|meta|rot1|side,Blue Chalk Slab,meta|rot1|side
1842,Blue Chalk Slab|meta|rot2|side,Blue Chalk Slab,meta|rot2|side
1843,Blue Chalk Slab|meta|rot3|side,Blue Chalk Slab,meta|rot3|side
1844,Blue Chalk Slab|meta|rot4|side,Blue Chalk Slab,meta|rot4|side
1845,Black Chalk Slab,Black Chalk Slab,
1846,Black Chalk Slab|meta|rot1|top,Black Chalk Slab,meta|rot1|top
1847,Black Chalk Slab|meta|rot1|side,Black Chalk Slab,meta|rot1|side
1848,Black Chalk Slab|meta|rot2|side,Black Chalk Slab,meta|rot2|side
1849,Black Chalk Slab|meta|rot3|side,Black Chalk Slab,meta|rot3|side
1850,Black Chalk Slab|meta|rot4|side,Black Chalk Slab,meta|rot4|side
1851,Yellow Chalk Bricks Slab,Yellow Chalk Bricks Slab,
1852,Yellow Chalk Bricks Slab|meta|rot1|top,Yellow Chalk Bricks Slab,meta|rot1|top
1853,Yellow Chalk Bricks Slab|meta|rot1|side,Yellow Chalk Bricks Slab,meta|rot1|side
1854,Yellow Chalk Bricks Slab|meta|rot2|side,Yellow Chalk Bricks Slab,meta|rot2|side
1855,Yellow Chalk Bricks Slab|meta|rot3|side,Yellow Chalk Bricks Slab,meta|rot3|side
1856,Yellow Chalk Bricks Slab|meta|rot4|side,Yellow Chalk Bricks Slab,meta|rot4|side
1857,White Chalk Bricks Slab,White Chalk Bricks Slab,
1858,White Chalk Bricks Slab|meta|rot1|top,White Chalk Bricks Slab,meta|rot1|top
1859,White Chalk Bricks Slab|meta|rot1|side,White Chalk Bricks Slab,meta|rot1|side
1860,White Chalk Bricks Slab|meta|rot2|side,White Chalk Bricks Slab,meta|rot2|side
1861,White Chalk Bricks Slab|meta|rot3|side,White Chalk Bricks Slab,meta|rot3|side
1862,White Chalk Bricks Slab|meta|rot4|side,White Chalk Bricks Slab,meta|rot4|side
1863,Red Chalk Bricks Slab,Red Chalk Bricks Slab,
1864,Red Chalk Bricks Slab|meta|rot1|top,Red Chalk Bricks Slab,meta|rot1|top
1865,Red Chalk Bricks Slab|meta|rot1|side,Red Chalk Bricks Slab,meta|rot1|side
1866,Red Chalk Bricks Slab|meta|rot2|side,Red Chalk Bricks Slab,meta|rot2|side
1867,Red Chalk Bricks Slab|meta|rot3|side,Red Chalk Bricks Slab,meta|rot3|side
1868,Red Chalk Bricks Slab|meta|rot4|side,Red Chalk Bricks Slab,meta|rot4|side
1869,Purple Chalk Bricks Slab,Purple Chalk Bricks Slab,
1870,Purple Chalk Bricks Slab|meta|rot1|top,Purple Chalk Bricks Slab,meta|rot1|top
1871,Purple Chalk Bricks Slab|meta|rot1|side,Purple Chalk Bricks Slab,meta|rot1|side
1872,Purple Chalk Bricks Slab|meta|rot2|side,Purple Chalk Bricks Slab,meta|rot2|side
1873,Purple Chalk Bricks Slab|meta|rot3|side,Purple Chalk Bricks Slab,meta|rot3|side
1874,Purple Chalk Bricks Slab|meta|rot4|side,Purple Chalk Bricks Slab,meta|rot4|side
1875,Pink Chalk Bricks Slab,Pink Chalk Bricks Slab,
1876,Pink Chalk Bricks Slab|meta|rot1|top,Pink Chalk Bricks Slab,meta|rot1|top
1877,Pink Chalk Bricks Slab|meta|rot1|side,Pink Chalk Bricks Slab,meta|rot1|side
1878,Pink Chalk Bricks Slab|meta|rot2|side,Pink Chalk Bricks Slab,meta|rot2|side
1879,Pink Chalk Bricks Slab|meta|rot3|side,Pink Chalk Bricks Slab,meta|rot3|side
1880,Pink Chalk Bricks Slab|meta|rot4|side,Pink Chalk Bricks Slab,meta|rot4|side
1881,Orange Chalk Bricks Slab,Orange Chalk Bricks Slab,
1882,Orange Chalk Bricks Slab|meta|rot1|top,Orange Chalk Bricks Slab,meta|rot1|top
1883,Orange Chalk Bricks Slab|meta|rot1|side,Orange Chalk Bricks Slab,meta|rot1|side
1884,Orange Chalk Bricks Slab|meta|rot2|side,Orange Chalk Bricks Slab,meta|rot2|side
1885,Orange Chalk Bricks Slab|meta|rot3|side,Orange Chalk Bricks Slab,meta|rot3|side
1886,Orange Chalk Bricks Slab|meta|rot4|side,Orange Chalk Bricks Slab,meta|rot4|side
1887,Magenta Chalk Bricks Slab,Magenta Chalk Bricks Slab,
1888,Magenta Chalk Bricks Slab|meta|rot1|top,Magenta Chalk Bricks Slab,meta|rot1|top
1889,Magenta Chalk Bricks Slab|meta|rot1|side,Magenta Chalk Bricks Slab,meta|rot1|side
1890,Magenta Chalk Bricks Slab|meta|rot2|side,Magenta Chalk Bricks Slab,meta|rot2|side
1891,Magenta Chalk Bricks Slab|meta|rot3|side,Magenta Chalk Bricks Slab,meta|rot3|side
1892,Magenta Chalk Bricks Slab|meta|rot4|side,Magenta Chalk Bricks Slab,meta|rot4|side
1893,Lime Chalk Bricks Slab,Lime Chalk Bricks Slab,
1894,Lime Chalk Bricks Slab|meta|rot1|top,Lime Chalk Bricks Slab,meta|rot1|top
1895,Lime Chalk Bricks Slab|meta|rot1|side,Lime Chalk Bricks Slab,meta|rot1|side
1896,Lime Chalk Bricks Slab|meta|rot2|side,Lime Chalk Bricks Slab,meta|rot2|side
1897,Lime Chalk Bricks Slab|meta|rot3|side,Lime Chalk Bricks Slab,meta|rot3|side
1898,Lime Chalk Bricks Slab|meta|rot4|side,Lime Chalk Bricks Slab,meta|rot4|side
1899,Light Gray Chalk Bricks Slab,Light Gray Chalk Bricks Slab,
1900,Light Gray Chalk Bricks Slab|meta|rot1|top,Light Gray Chalk Bricks Slab,meta|rot1|top
1901,Light Gray Chalk Bricks Slab|meta|rot1|side,Light Gray Chalk Bricks Slab,meta|rot1|side
1902,Light Gray Chalk Bricks Slab|meta|rot2|side,Light Gray Chalk Bricks Slab,meta|rot2|side
1903,Light Gray Chalk Bricks Slab|meta|rot3|side,Light Gray Chalk Bricks Slab,meta|rot3|side
1904,Light Gray Chalk Bricks Slab|meta|rot4|side,Light Gray Chalk Bricks Slab,meta|rot4|side
1905,Light Blue Chalk Bricks Slab,Light Blue Chalk Bricks Slab,
1906,Light Blue Chalk Bricks Slab|meta|rot1|top,Light Blue Chalk Bricks Slab,meta|rot1|top
1907,Light Blue Chalk Bricks Slab|meta|rot1|side,Light Blue Chalk Bricks Slab,meta|rot1|side
1908,Light Blue Chalk Bricks Slab|meta|rot2|side,Light Blue Chalk Bricks Slab,meta|rot2|side
1909,Light Blue Chalk Bricks Slab|meta|rot3|side,Light Blue Chalk Bricks Slab,meta|rot3|side
1910,Light Blue Chalk Bricks Slab|meta|rot4|side,Light Blue Chalk Bricks Slab,meta|rot4|side
1911,Green Chalk Bricks Slab,Green Chalk Bricks Slab,
1912,Green Chalk Bricks Slab|meta|rot1|top,Green Chalk Bricks Slab,meta|rot1|top
1913,Green Chalk Bricks Slab|meta|rot1|side,Green Chalk Bricks Slab,meta|rot1|side
1914,Green Chalk Bricks Slab|meta|rot2|side,Green Chalk Bricks Slab,meta|rot2|side
1915,Green Chalk Bricks Slab|meta|rot3|side,Green Chalk Bricks Slab,meta|rot3|side
1916,Green Chalk Bricks Slab|meta|rot4|side,Green Chalk Bricks Slab,meta|rot4|side
1917,Gray Chalk Bricks Slab,Gray Chalk Bricks Slab,
1918,Gray Chalk Bricks Slab|meta|rot1|top,Gray Chalk Bricks Slab,meta|rot1|top
1919,Gray Chalk Bricks Slab|meta|rot1|side,Gray Chalk Bricks Slab,meta|rot1|side
1920,Gray Chalk Bricks Slab|meta|rot2|side,Gray Chalk Bricks Slab,meta|rot2|side
1921,Gray Chalk Bricks Slab|meta|rot3|side,Gray Chalk Bricks Slab,meta|rot3|side
1922,Gray Chalk Bricks Slab|meta|rot4|side,Gray Chalk Bricks Slab,meta|rot4|side
1923,Cyan Chalk Bricks Slab,Cyan Chalk Bricks Slab,
1924,Cyan Chalk Bricks Slab|meta|rot1|top,Cyan Chalk Bricks Slab,meta|rot1|top
1925,Cyan Chalk Bricks Slab|meta|rot1|side,Cyan Chalk Bricks Slab,meta|rot1|side
1926,Cyan Chalk Bricks Slab|meta|rot2|side,Cyan Chalk Bricks Slab,meta|rot2|side
1927,Cyan Chalk Bricks Slab|meta|rot3|side,Cyan Chalk Bricks Slab,meta|rot3|side
1928,Cyan Chalk Bricks Slab|meta|rot4|side,Cyan Chalk Bricks Slab,meta|rot4|side
1929,Brown Chalk Bricks Slab,Brown Chalk Bricks Slab,
1930,Brown Chalk Bricks Slab|meta|rot1|top,Brown Chalk Bricks Slab,meta|rot1|top
1931,Brown Chalk Bricks Slab|meta|rot1|side,Brown Chalk Bricks Slab,meta|rot1|side
1932,Brown Chalk Bricks Slab|meta|rot2|side,Brown Chalk Bricks Slab,meta|rot2|side
1933,Brown Chalk Bricks Slab|meta|rot3|side,Brown Chalk Bricks Slab,meta|rot3|side
1934,Brown Chalk Bricks Slab|meta|rot4|side,Brown Chalk Bricks Slab,meta|rot4|side
1935,Blue Chalk Bricks Slab,Blue Chalk Bricks Slab,
1936,Blue Chalk Bricks Slab|meta|rot1|top,Blue Chalk Bricks Slab,meta|rot1|top
1937,Blue Chalk Bricks Slab|meta|rot1|side,Blue Chalk Bricks Slab,meta|rot1|side
1938,Blue Chalk Bricks Slab|meta|rot2|side,Blue Chalk Bricks Slab,meta|rot2|side
1939,Blue Chalk Bricks Slab|meta|rot3|side,Blue Chalk Bricks Slab,meta|rot3|side
1940,Blue Chalk Bricks Slab|meta|rot4|side,Blue Chalk Bricks Slab,meta|rot4|side
1941,Black Chalk Bricks Slab,Black Chalk Bricks Slab,
1942,Black Chalk Bricks Slab|meta|rot1|top,Black Chalk Bricks Slab,meta|rot1|top
1943,Black Chalk Bricks Slab|meta|rot1|side,Black Chalk Bricks Slab,meta|rot1|side
1944,Black Chalk Bricks Slab|meta|rot2|side,Black Chalk Bricks Slab,meta|rot2|side
1945,Black Chalk Bricks Slab|meta|rot3|side,Black Chalk Bricks Slab,meta|rot3|side
1946,Black Chalk Bricks Slab|meta|rot4|side,Black Chalk Bricks Slab,meta|rot4|side
1947,Leaf Bed,Leaf Bed,
1948,Leaf Bed|meta|rot2,Leaf Bed,meta|rot2
1949,Leaf Bed|meta|rot3,Leaf Bed,meta|rot3
1950,Leaf Bed|meta|rot4,Leaf Bed,meta|rot4
1951,_Leaf Bed Head,_Leaf Bed Head,
1952,_Leaf Bed Head|meta|rot2,_Leaf Bed Head,meta|rot2
1953,_Leaf Bed Head|meta|rot3,_Leaf Bed Head,meta|rot3
1954,_Leaf Bed Head|meta|rot4,_Leaf Bed Head,meta|rot4
1955,Jungle Grass Block,Jungle Grass Block,
1956,Jungle Grass Slab,Jungle Grass Slab,
1957,Jungle Grass Slab|meta|rot1|top,Jungle Grass Slab,meta|rot1|top
1958,Jungle Grass Slab|meta|rot1|side,Jungle Grass Slab,meta|rot1|side
1959,Jungle Grass Slab|meta|rot2|side,Jungle Grass Slab,meta|rot2|side
1960,Jungle Grass Slab|meta|rot3|side,Jungle Grass Slab,meta|rot3|side
1961,Jungle Grass Slab|meta|rot4|side,Jungle Grass Slab,meta|rot4|side
1962,Jungle Tall Grass,Jungle Tall Grass,
1963,Jungle Tall Grass|Top,Jungle Tall Grass,Top
1964,Catnip,Catnip,
1965,Mango Log,Mango Log,
1966,Barkless Mango Log,Barkless Mango Log,
1967,Barkless Mango Log|TreeBase|Mango,Barkless Mango Log,TreeBase|Mango
1968,Mango Wood Planks,Mango Wood Planks,
1969,Mango Leaves,Mango Leaves,
1970,Mango Door,Mango Door,
1971,Mango Door|meta|rot1|open,Mango Door,meta|rot1|open
1972,Mango Door|meta|rot2|closed,Mango Door,meta|rot2|closed
1973,Mango Door|meta|rot2|open,Mango Door,meta|rot2|open
1974,Mango Door|meta|rot3|closed,Mango Door,meta|rot3|closed
1975,Mango Door|meta|rot3|open,Mango Door,meta|rot3|open
1976,Mango Door|meta|rot4|closed,Mango Door,meta|rot4|closed
1977,Mango Door|meta|rot4|open,Mango Door,meta|rot4|open
1978,_Mango Door Top,_Mango Door Top,
1979,_Mango Door Top|meta|rot1|open,_Mango Door Top,meta|rot1|open
1980,_Mango Door Top|meta|rot2|closed,_Mango Door Top,meta|rot2|closed
1981,_Mango Door Top|meta|rot2|open,_Mango Door Top,meta|rot2|open
1982,_Mango Door Top|meta|rot3|closed,_Mango Door Top,meta|rot3|closed
1983,_Mango Door Top|meta|rot3|open,_Mango Door Top,meta|rot3|open
1984,_Mango Door Top|meta|rot4|closed,_Mango Door Top,meta|rot4|closed
1985,_Mango Door Top|meta|rot4|open,_Mango Door Top,meta|rot4|open
1986,Mango Trapdoor,Mango Trapdoor,
1987,Mango Trapdoor|meta|rot1|open,Mango Trapdoor,meta|rot1|open
1988,Mango Trapdoor|meta|rot2|closed,Mango Trapdoor,meta|rot2|closed
1989,Mango Trapdoor|meta|rot2|open,Mango Trapdoor,meta|rot2|open
1990,Mango Trapdoor|meta|rot3|closed,Mango Trapdoor,meta|rot3|closed
1991,Mango Trapdoor|meta|rot3|open,Mango Trapdoor,meta|rot3|open
1992,Mango Trapdoor|meta|rot4|closed,Mango Trapdoor,meta|rot4|closed
1993,Mango Trapdoor|meta|rot4|open,Mango Trapdoor,meta|rot4|open
1994,Mango Sapling,Mango Sapling,
1995,Mango Log|TreeBase|Mango,Mango Log,TreeBase|Mango
1996,Mango Leaves|TreeCanopy,Mango Leaves,TreeCanopy
1997,Mango Slab,Mango Slab,
1998,Mango Slab|meta|rot1|top,Mango Slab,meta|rot1|top
1999,Mango Slab|meta|rot1|side,Mango Slab,meta|rot1|side
2000,Mango Slab|meta|rot2|side,Mango Slab,meta|rot2|side
2001,Mango Slab|meta|rot3|side,Mango Slab,meta|rot3|side
2002,Mango Slab|meta|rot4|side,Mango Slab,meta|rot4|side
2003,Mango Ladder,Mango Ladder,
2004,Mango Ladder|meta|rot2,Mango Ladder,meta|rot2
2005,Mango Ladder|meta|rot3,Mango Ladder,meta|rot3
2006,Mango Ladder|meta|rot4,Mango Ladder,meta|rot4
2007,Mango Block,Mango Block,
2008,Banana Block,Banana Block,
2009,Banana Seeds,Banana Seeds,
2010,Banana Seeds|Growing,Banana Seeds,Growing
2011,Attached Banana Stem,Attached Banana Stem,
2012,Attached Banana Stem|meta|rot2,Attached Banana Stem,meta|rot2
2013,Attached Banana Stem|meta|rot3,Attached Banana Stem,meta|rot3
2014,Attached Banana Stem|meta|rot4,Attached Banana Stem,meta|rot4
2015,Dangling Rope,Dangling Rope,
2016,Dangling Vine,Dangling Vine,
2017,Gorilla Spawner Block,Gorilla Spawner Block,
2018,Wildcat Spawner Block,Wildcat Spawner Block,
2019,Fruity Maple Leaves,Fruity Maple Leaves,
2020,Pine Cone Leaves,Pine Cone Leaves,
2021,Fruity Plum Leaves,Fruity Plum Leaves,
2022,Fruity Palm Leaves,Fruity Palm Leaves,
2023,Fruity Pear Leaves,Fruity Pear Leaves,
2024,Fruity Cherry Leaves,Fruity Cherry Leaves,
2025,Fruity Mango Leaves,Fruity Mango Leaves,
2026,Draugr Huntress Spawner Block,Draugr Huntress Spawner Block,
2027,Magma Golem Spawner Block,Magma Golem Spawner Block,
2028,Black Portal,Black Portal,
2029,Blue Portal,Blue Portal,
2030,Brown Portal,Brown Portal,
2031,Cyan Portal,Cyan Portal,
2032,Gray Portal,Gray Portal,
2033,Green Portal,Green Portal,
2034,Grey Portal,Grey Portal,
2035,Light Blue Portal,Light Blue Portal,
2036,Light Gray Portal,Light Gray Portal,
2037,Lime Portal,Lime Portal,
2038,Magenta Portal,Magenta Portal,
2039,Orange Portal,Orange Portal,
2040,Pink Portal,Pink Portal,
2041,Purple Portal,Purple Portal,
2042,Red Portal,Red Portal,
2043,White Portal,White Portal,
2044,Yellow Portal,Yellow Portal,
2045,Leather Block,Leather Block,
2046,Horse Spawner Block,Horse Spawner Block,
2047,Tomato Plant,Tomato Plant,
2048,Tomato Plant_stage1,Tomato Plant_stage1,
2049,Tomato Plant|FreshlyGrown,Tomato Plant,FreshlyGrown
2050,Tomato Plant|Top|FreshlyGrown,Tomato Plant,Top|FreshlyGrown
2051,Carrot Plant,Carrot Plant,
2052,Carrot Plant_stage1,Carrot Plant_stage1,
2053,Carrot Plant|FreshlyGrown,Carrot Plant,FreshlyGrown
2054,Potato Plant,Potato Plant,
2055,Potato Plant_stage1,Potato Plant_stage1,
2056,Potato Plant|FreshlyGrown,Potato Plant,FreshlyGrown
2057,Strawberry Bush,Strawberry Bush,
2058,Strawberry Bush_stage1,Strawberry Bush_stage1,
2059,Strawberry Bush_stage2,Strawberry Bush_stage2,
2060,Sugar Cane Plant,Sugar Cane Plant,
2061,Sugar Cane Plant_stage1,Sugar Cane Plant_stage1,
2062,Sugar Cane Plant|FreshlyGrown,Sugar Cane Plant,FreshlyGrown
2063,Sugar Cane Plant|Top|FreshlyGrown,Sugar Cane Plant,Top|FreshlyGrown
2064,Lettuce Plant,Lettuce Plant,
2065,Lettuce Plant_stage1,Lettuce Plant_stage1,
2066,Lettuce Plant|FreshlyGrown,Lettuce Plant,FreshlyGrown
2067,Coffee Plant,Coffee Plant,
2068,Coffee Plant_stage1,Coffee Plant_stage1,
2069,Coffee Plant|FreshlyGrown,Coffee Plant,FreshlyGrown
2070,Cauliflower Plant,Cauliflower Plant,
2071,Cauliflower Plant_stage1,Cauliflower Plant_stage1,
2072,Cauliflower Plant|FreshlyGrown,Cauliflower Plant,FreshlyGrown
2073,Parsnip Plant,Parsnip Plant,
2074,Parsnip Plant_stage1,Parsnip Plant_stage1,
2075,Parsnip Plant|FreshlyGrown,Parsnip Plant,FreshlyGrown
2076,Blueberry Bush,Blueberry Bush,
2077,Blueberry Bush_stage1,Blueberry Bush_stage1,
2078,Blueberry Bush_stage2,Blueberry Bush_stage2,
2079,Red Cabbage Plant,Red Cabbage Plant,
2080,Red Cabbage Plant_stage1,Red Cabbage Plant_stage1,
2081,Red Cabbage Plant|FreshlyGrown,Red Cabbage Plant,FreshlyGrown
2082,Beetroot Plant,Beetroot Plant,
2083,Beetroot Plant_stage1,Beetroot Plant_stage1,
2084,Beetroot Plant|FreshlyGrown,Beetroot Plant,FreshlyGrown
2085,Autumn Aspen Leaves,Autumn Aspen Leaves,
2086,Autumn Aspen Leaves|TreeCanopy,Autumn Aspen Leaves,TreeCanopy
2087,Autumn Fern,Autumn Fern,
2088,Iron Chest,Iron Chest,
2089,Iron Chest|meta|rot2,Iron Chest,meta|rot2
2090,Iron Chest|meta|rot3,Iron Chest,meta|rot3
2091,Iron Chest|meta|rot4,Iron Chest,meta|rot4
2092,Crate,Crate,
2093,Carrot Block,Carrot Block,
2094,Carrot Seeds,Carrot Seeds,
2095,Potato Block,Potato Block,
2096,Potato Seeds,Potato Seeds,
2097,Beetroot Block,Beetroot Block,
2098,Beetroot Seeds,Beetroot Seeds,
2099,White Banner,White Banner,
2100,White Banner|meta|rot2|bot,White Banner,meta|rot2|bot
2101,White Banner|meta|rot3|bot,White Banner,meta|rot3|bot
2102,White Banner|meta|rot4|bot,White Banner,meta|rot4|bot
2103,_White Banner Flag,_White Banner Flag,
2104,_White Banner Flag|meta|rot2|top,_White Banner Flag,meta|rot2|top
2105,_White Banner Flag|meta|rot3|top,_White Banner Flag,meta|rot3|top
2106,_White Banner Flag|meta|rot4|top,_White Banner Flag,meta|rot4|top
2107,_White Banner Flag|meta|rot1|side,_White Banner Flag,meta|rot1|side
2108,_White Banner Flag|meta|rot2|side,_White Banner Flag,meta|rot2|side
2109,_White Banner Flag|meta|rot3|side,_White Banner Flag,meta|rot3|side
2110,_White Banner Flag|meta|rot4|side,_White Banner Flag,meta|rot4|side
2111,_White Banner Flag|meta|rot1|bot,_White Banner Flag,meta|rot1|bot
2112,_White Banner Flag|meta|rot2|bot,_White Banner Flag,meta|rot2|bot
2113,_White Banner Flag|meta|rot3|bot,_White Banner Flag,meta|rot3|bot
2114,_White Banner Flag|meta|rot4|bot,_White Banner Flag,meta|rot4|bot
2115,White Banner|meta|rot1|top,White Banner,meta|rot1|top
2116,White Banner|meta|rot2|top,White Banner,meta|rot2|top
2117,White Banner|meta|rot3|top,White Banner,meta|rot3|top
2118,White Banner|meta|rot4|top,White Banner,meta|rot4|top
2119,White Banner|meta|rot1|side,White Banner,meta|rot1|side
2120,White Banner|meta|rot2|side,White Banner,meta|rot2|side
2121,White Banner|meta|rot3|side,White Banner,meta|rot3|side
2122,White Banner|meta|rot4|side,White Banner,meta|rot4|side
2123,Orange Banner,Orange Banner,
2124,Orange Banner|meta|rot2|bot,Orange Banner,meta|rot2|bot
2125,Orange Banner|meta|rot3|bot,Orange Banner,meta|rot3|bot
2126,Orange Banner|meta|rot4|bot,Orange Banner,meta|rot4|bot
2127,_Orange Banner Flag,_Orange Banner Flag,
2128,_Orange Banner Flag|meta|rot2|top,_Orange Banner Flag,meta|rot2|top
2129,_Orange Banner Flag|meta|rot3|top,_Orange Banner Flag,meta|rot3|top
2130,_Orange Banner Flag|meta|rot4|top,_Orange Banner Flag,meta|rot4|top
2131,_Orange Banner Flag|meta|rot1|side,_Orange Banner Flag,meta|rot1|side
2132,_Orange Banner Flag|meta|rot2|side,_Orange Banner Flag,meta|rot2|side
2133,_Orange Banner Flag|meta|rot3|side,_Orange Banner Flag,meta|rot3|side
2134,_Orange Banner Flag|meta|rot4|side,_Orange Banner Flag,meta|rot4|side
2135,_Orange Banner Flag|meta|rot1|bot,_Orange Banner Flag,meta|rot1|bot
2136,_Orange Banner Flag|meta|rot2|bot,_Orange Banner Flag,meta|rot2|bot
2137,_Orange Banner Flag|meta|rot3|bot,_Orange Banner Flag,meta|rot3|bot
2138,_Orange Banner Flag|meta|rot4|bot,_Orange Banner Flag,meta|rot4|bot
2139,Orange Banner|meta|rot1|top,Orange Banner,meta|rot1|top
2140,Orange Banner|meta|rot2|top,Orange Banner,meta|rot2|top
2141,Orange Banner|meta|rot3|top,Orange Banner,meta|rot3|top
2142,Orange Banner|meta|rot4|top,Orange Banner,meta|rot4|top
2143,Orange Banner|meta|rot1|side,Orange Banner,meta|rot1|side
2144,Orange Banner|meta|rot2|side,Orange Banner,meta|rot2|side
2145,Orange Banner|meta|rot3|side,Orange Banner,meta|rot3|side
2146,Orange Banner|meta|rot4|side,Orange Banner,meta|rot4|side
2147,Magenta Banner,Magenta Banner,
2148,Magenta Banner|meta|rot2|bot,Magenta Banner,meta|rot2|bot
2149,Magenta Banner|meta|rot3|bot,Magenta Banner,meta|rot3|bot
2150,Magenta Banner|meta|rot4|bot,Magenta Banner,meta|rot4|bot
2151,_Magenta Banner Flag,_Magenta Banner Flag,
2152,_Magenta Banner Flag|meta|rot2|top,_Magenta Banner Flag,meta|rot2|top
2153,_Magenta Banner Flag|meta|rot3|top,_Magenta Banner Flag,meta|rot3|top
2154,_Magenta Banner Flag|meta|rot4|top,_Magenta Banner Flag,meta|rot4|top
2155,_Magenta Banner Flag|meta|rot1|side,_Magenta Banner Flag,meta|rot1|side
2156,_Magenta Banner Flag|meta|rot2|side,_Magenta Banner Flag,meta|rot2|side
2157,_Magenta Banner Flag|meta|rot3|side,_Magenta Banner Flag,meta|rot3|side
2158,_Magenta Banner Flag|meta|rot4|side,_Magenta Banner Flag,meta|rot4|side
2159,_Magenta Banner Flag|meta|rot1|bot,_Magenta Banner Flag,meta|rot1|bot
2160,_Magenta Banner Flag|meta|rot2|bot,_Magenta Banner Flag,meta|rot2|bot
2161,_Magenta Banner Flag|meta|rot3|bot,_Magenta Banner Flag,meta|rot3|bot
2162,_Magenta Banner Flag|meta|rot4|bot,_Magenta Banner Flag,meta|rot4|bot
2163,Magenta Banner|meta|rot1|top,Magenta Banner,meta|rot1|top
2164,Magenta Banner|meta|rot2|top,Magenta Banner,meta|rot2|top
2165,Magenta Banner|meta|rot3|top,Magenta Banner,meta|rot3|top
2166,Magenta Banner|meta|rot4|top,Magenta Banner,meta|rot4|top
2167,Magenta Banner|meta|rot1|side,Magenta Banner,meta|rot1|side
2168,Magenta Banner|meta|rot2|side,Magenta Banner,meta|rot2|side
2169,Magenta Banner|meta|rot3|side,Magenta Banner,meta|rot3|side
2170,Magenta Banner|meta|rot4|side,Magenta Banner,meta|rot4|side
2171,Light Blue Banner,Light Blue Banner,
2172,Light Blue Banner|meta|rot2|bot,Light Blue Banner,meta|rot2|bot
2173,Light Blue Banner|meta|rot3|bot,Light Blue Banner,meta|rot3|bot
2174,Light Blue Banner|meta|rot4|bot,Light Blue Banner,meta|rot4|bot
2175,_Light Blue Banner Flag,_Light Blue Banner Flag,
2176,_Light Blue Banner Flag|meta|rot2|top,_Light Blue Banner Flag,meta|rot2|top
2177,_Light Blue Banner Flag|meta|rot3|top,_Light Blue Banner Flag,meta|rot3|top
2178,_Light Blue Banner Flag|meta|rot4|top,_Light Blue Banner Flag,meta|rot4|top
2179,_Light Blue Banner Flag|meta|rot1|side,_Light Blue Banner Flag,meta|rot1|side
2180,_Light Blue Banner Flag|meta|rot2|side,_Light Blue Banner Flag,meta|rot2|side
2181,_Light Blue Banner Flag|meta|rot3|side,_Light Blue Banner Flag,meta|rot3|side
2182,_Light Blue Banner Flag|meta|rot4|side,_Light Blue Banner Flag,meta|rot4|side
2183,_Light Blue Banner Flag|meta|rot1|bot,_Light Blue Banner Flag,meta|rot1|bot
2184,_Light Blue Banner Flag|meta|rot2|bot,_Light Blue Banner Flag,meta|rot2|bot
2185,_Light Blue Banner Flag|meta|rot3|bot,_Light Blue Banner Flag,meta|rot3|bot
2186,_Light Blue Banner Flag|meta|rot4|bot,_Light Blue Banner Flag,meta|rot4|bot
2187,Light Blue Banner|meta|rot1|top,Light Blue Banner,meta|rot1|top
2188,Light Blue Banner|meta|rot2|top,Light Blue Banner,meta|rot2|top
2189,Light Blue Banner|meta|rot3|top,Light Blue Banner,meta|rot3|top
2190,Light Blue Banner|meta|rot4|top,Light Blue Banner,meta|rot4|top
2191,Light Blue Banner|meta|rot1|side,Light Blue Banner,meta|rot1|side
2192,Light Blue Banner|meta|rot2|side,Light Blue Banner,meta|rot2|side
2193,Light Blue Banner|meta|rot3|side,Light Blue Banner,meta|rot3|side
2194,Light Blue Banner|meta|rot4|side,Light Blue Banner,meta|rot4|side
2195,Yellow Banner,Yellow Banner,
2196,Yellow Banner|meta|rot2|bot,Yellow Banner,meta|rot2|bot
2197,Yellow Banner|meta|rot3|bot,Yellow Banner,meta|rot3|bot
2198,Yellow Banner|meta|rot4|bot,Yellow Banner,meta|rot4|bot
2199,_Yellow Banner Flag,_Yellow Banner Flag,
2200,_Yellow Banner Flag|meta|rot2|top,_Yellow Banner Flag,meta|rot2|top
2201,_Yellow Banner Flag|meta|rot3|top,_Yellow Banner Flag,meta|rot3|top
2202,_Yellow Banner Flag|meta|rot4|top,_Yellow Banner Flag,meta|rot4|top
2203,_Yellow Banner Flag|meta|rot1|side,_Yellow Banner Flag,meta|rot1|side
2204,_Yellow Banner Flag|meta|rot2|side,_Yellow Banner Flag,meta|rot2|side
2205,_Yellow Banner Flag|meta|rot3|side,_Yellow Banner Flag,meta|rot3|side
2206,_Yellow Banner Flag|meta|rot4|side,_Yellow Banner Flag,meta|rot4|side
2207,_Yellow Banner Flag|meta|rot1|bot,_Yellow Banner Flag,meta|rot1|bot
2208,_Yellow Banner Flag|meta|rot2|bot,_Yellow Banner Flag,meta|rot2|bot
2209,_Yellow Banner Flag|meta|rot3|bot,_Yellow Banner Flag,meta|rot3|bot
2210,_Yellow Banner Flag|meta|rot4|bot,_Yellow Banner Flag,meta|rot4|bot
2211,Yellow Banner|meta|rot1|top,Yellow Banner,meta|rot1|top
2212,Yellow Banner|meta|rot2|top,Yellow Banner,meta|rot2|top
2213,Yellow Banner|meta|rot3|top,Yellow Banner,meta|rot3|top
2214,Yellow Banner|meta|rot4|top,Yellow Banner,meta|rot4|top
2215,Yellow Banner|meta|rot1|side,Yellow Banner,meta|rot1|side
2216,Yellow Banner|meta|rot2|side,Yellow Banner,meta|rot2|side
2217,Yellow Banner|meta|rot3|side,Yellow Banner,meta|rot3|side
2218,Yellow Banner|meta|rot4|side,Yellow Banner,meta|rot4|side
2219,Lime Banner,Lime Banner,
2220,Lime Banner|meta|rot2|bot,Lime Banner,meta|rot2|bot
2221,Lime Banner|meta|rot3|bot,Lime Banner,meta|rot3|bot
2222,Lime Banner|meta|rot4|bot,Lime Banner,meta|rot4|bot
2223,_Lime Banner Flag,_Lime Banner Flag,
2224,_Lime Banner Flag|meta|rot2|top,_Lime Banner Flag,meta|rot2|top
2225,_Lime Banner Flag|meta|rot3|top,_Lime Banner Flag,meta|rot3|top
2226,_Lime Banner Flag|meta|rot4|top,_Lime Banner Flag,meta|rot4|top
2227,_Lime Banner Flag|meta|rot1|side,_Lime Banner Flag,meta|rot1|side
2228,_Lime Banner Flag|meta|rot2|side,_Lime Banner Flag,meta|rot2|side
2229,_Lime Banner Flag|meta|rot3|side,_Lime Banner Flag,meta|rot3|side
2230,_Lime Banner Flag|meta|rot4|side,_Lime Banner Flag,meta|rot4|side
2231,_Lime Banner Flag|meta|rot1|bot,_Lime Banner Flag,meta|rot1|bot
2232,_Lime Banner Flag|meta|rot2|bot,_Lime Banner Flag,meta|rot2|bot
2233,_Lime Banner Flag|meta|rot3|bot,_Lime Banner Flag,meta|rot3|bot
2234,_Lime Banner Flag|meta|rot4|bot,_Lime Banner Flag,meta|rot4|bot
2235,Lime Banner|meta|rot1|top,Lime Banner,meta|rot1|top
2236,Lime Banner|meta|rot2|top,Lime Banner,meta|rot2|top
2237,Lime Banner|meta|rot3|top,Lime Banner,meta|rot3|top
2238,Lime Banner|meta|rot4|top,Lime Banner,meta|rot4|top
2239,Lime Banner|meta|rot1|side,Lime Banner,meta|rot1|side
2240,Lime Banner|meta|rot2|side,Lime Banner,meta|rot2|side
2241,Lime Banner|meta|rot3|side,Lime Banner,meta|rot3|side
2242,Lime Banner|meta|rot4|side,Lime Banner,meta|rot4|side
2243,Pink Banner,Pink Banner,
2244,Pink Banner|meta|rot2|bot,Pink Banner,meta|rot2|bot
2245,Pink Banner|meta|rot3|bot,Pink Banner,meta|rot3|bot
2246,Pink Banner|meta|rot4|bot,Pink Banner,meta|rot4|bot
2247,_Pink Banner Flag,_Pink Banner Flag,
2248,_Pink Banner Flag|meta|rot2|top,_Pink Banner Flag,meta|rot2|top
2249,_Pink Banner Flag|meta|rot3|top,_Pink Banner Flag,meta|rot3|top
2250,_Pink Banner Flag|meta|rot4|top,_Pink Banner Flag,meta|rot4|top
2251,_Pink Banner Flag|meta|rot1|side,_Pink Banner Flag,meta|rot1|side
2252,_Pink Banner Flag|meta|rot2|side,_Pink Banner Flag,meta|rot2|side
2253,_Pink Banner Flag|meta|rot3|side,_Pink Banner Flag,meta|rot3|side
2254,_Pink Banner Flag|meta|rot4|side,_Pink Banner Flag,meta|rot4|side
2255,_Pink Banner Flag|meta|rot1|bot,_Pink Banner Flag,meta|rot1|bot
2256,_Pink Banner Flag|meta|rot2|bot,_Pink Banner Flag,meta|rot2|bot
2257,_Pink Banner Flag|meta|rot3|bot,_Pink Banner Flag,meta|rot3|bot
2258,_Pink Banner Flag|meta|rot4|bot,_Pink Banner Flag,meta|rot4|bot
2259,Pink Banner|meta|rot1|top,Pink Banner,meta|rot1|top
2260,Pink Banner|meta|rot2|top,Pink Banner,meta|rot2|top
2261,Pink Banner|meta|rot3|top,Pink Banner,meta|rot3|top
2262,Pink Banner|meta|rot4|top,Pink Banner,meta|rot4|top
2263,Pink Banner|meta|rot1|side,Pink Banner,meta|rot1|side
2264,Pink Banner|meta|rot2|side,Pink Banner,meta|rot2|side
2265,Pink Banner|meta|rot3|side,Pink Banner,meta|rot3|side
2266,Pink Banner|meta|rot4|side,Pink Banner,meta|rot4|side
2267,Gray Banner,Gray Banner,
2268,Gray Banner|meta|rot2|bot,Gray Banner,meta|rot2|bot
2269,Gray Banner|meta|rot3|bot,Gray Banner,meta|rot3|bot
2270,Gray Banner|meta|rot4|bot,Gray Banner,meta|rot4|bot
2271,_Gray Banner Flag,_Gray Banner Flag,
2272,_Gray Banner Flag|meta|rot2|top,_Gray Banner Flag,meta|rot2|top
2273,_Gray Banner Flag|meta|rot3|top,_Gray Banner Flag,meta|rot3|top
2274,_Gray Banner Flag|meta|rot4|top,_Gray Banner Flag,meta|rot4|top
2275,_Gray Banner Flag|meta|rot1|side,_Gray Banner Flag,meta|rot1|side
2276,_Gray Banner Flag|meta|rot2|side,_Gray Banner Flag,meta|rot2|side
2277,_Gray Banner Flag|meta|rot3|side,_Gray Banner Flag,meta|rot3|side
2278,_Gray Banner Flag|meta|rot4|side,_Gray Banner Flag,meta|rot4|side
2279,_Gray Banner Flag|meta|rot1|bot,_Gray Banner Flag,meta|rot1|bot
2280,_Gray Banner Flag|meta|rot2|bot,_Gray Banner Flag,meta|rot2|bot
2281,_Gray Banner Flag|meta|rot3|bot,_Gray Banner Flag,meta|rot3|bot
2282,_Gray Banner Flag|meta|rot4|bot,_Gray Banner Flag,meta|rot4|bot
2283,Gray Banner|meta|rot1|top,Gray Banner,meta|rot1|top
2284,Gray Banner|meta|rot2|top,Gray Banner,meta|rot2|top
2285,Gray Banner|meta|rot3|top,Gray Banner,meta|rot3|top
2286,Gray Banner|meta|rot4|top,Gray Banner,meta|rot4|top
2287,Gray Banner|meta|rot1|side,Gray Banner,meta|rot1|side
2288,Gray Banner|meta|rot2|side,Gray Banner,meta|rot2|side
2289,Gray Banner|meta|rot3|side,Gray Banner,meta|rot3|side
2290,Gray Banner|meta|rot4|side,Gray Banner,meta|rot4|side
2291,Light Gray Banner,Light Gray Banner,
2292,Light Gray Banner|meta|rot2|bot,Light Gray Banner,meta|rot2|bot
2293,Light Gray Banner|meta|rot3|bot,Light Gray Banner,meta|rot3|bot
2294,Light Gray Banner|meta|rot4|bot,Light Gray Banner,meta|rot4|bot
2295,_Light Gray Banner Flag,_Light Gray Banner Flag,
2296,_Light Gray Banner Flag|meta|rot2|top,_Light Gray Banner Flag,meta|rot2|top
2297,_Light Gray Banner Flag|meta|rot3|top,_Light Gray Banner Flag,meta|rot3|top
2298,_Light Gray Banner Flag|meta|rot4|top,_Light Gray Banner Flag,meta|rot4|top
2299,_Light Gray Banner Flag|meta|rot1|side,_Light Gray Banner Flag,meta|rot1|side
2300,_Light Gray Banner Flag|meta|rot2|side,_Light Gray Banner Flag,meta|rot2|side
2301,_Light Gray Banner Flag|meta|rot3|side,_Light Gray Banner Flag,meta|rot3|side
2302,_Light Gray Banner Flag|meta|rot4|side,_Light Gray Banner Flag,meta|rot4|side
2303,_Light Gray Banner Flag|meta|rot1|bot,_Light Gray Banner Flag,meta|rot1|bot
2304,_Light Gray Banner Flag|meta|rot2|bot,_Light Gray Banner Flag,meta|rot2|bot
2305,_Light Gray Banner Flag|meta|rot3|bot,_Light Gray Banner Flag,meta|rot3|bot
2306,_Light Gray Banner Flag|meta|rot4|bot,_Light Gray Banner Flag,meta|rot4|bot
2307,Light Gray Banner|meta|rot1|top,Light Gray Banner,meta|rot1|top
2308,Light Gray Banner|meta|rot2|top,Light Gray Banner,meta|rot2|top
2309,Light Gray Banner|meta|rot3|top,Light Gray Banner,meta|rot3|top
2310,Light Gray Banner|meta|rot4|top,Light Gray Banner,meta|rot4|top
2311,Light Gray Banner|meta|rot1|side,Light Gray Banner,meta|rot1|side
2312,Light Gray Banner|meta|rot2|side,Light Gray Banner,meta|rot2|side
2313,Light Gray Banner|meta|rot3|side,Light Gray Banner,meta|rot3|side
2314,Light Gray Banner|meta|rot4|side,Light Gray Banner,meta|rot4|side
2315,Cyan Banner,Cyan Banner,
2316,Cyan Banner|meta|rot2|bot,Cyan Banner,meta|rot2|bot
2317,Cyan Banner|meta|rot3|bot,Cyan Banner,meta|rot3|bot
2318,Cyan Banner|meta|rot4|bot,Cyan Banner,meta|rot4|bot
2319,_Cyan Banner Flag,_Cyan Banner Flag,
2320,_Cyan Banner Flag|meta|rot2|top,_Cyan Banner Flag,meta|rot2|top
2321,_Cyan Banner Flag|meta|rot3|top,_Cyan Banner Flag,meta|rot3|top
2322,_Cyan Banner Flag|meta|rot4|top,_Cyan Banner Flag,meta|rot4|top
2323,_Cyan Banner Flag|meta|rot1|side,_Cyan Banner Flag,meta|rot1|side
2324,_Cyan Banner Flag|meta|rot2|side,_Cyan Banner Flag,meta|rot2|side
2325,_Cyan Banner Flag|meta|rot3|side,_Cyan Banner Flag,meta|rot3|side
2326,_Cyan Banner Flag|meta|rot4|side,_Cyan Banner Flag,meta|rot4|side
2327,_Cyan Banner Flag|meta|rot1|bot,_Cyan Banner Flag,meta|rot1|bot
2328,_Cyan Banner Flag|meta|rot2|bot,_Cyan Banner Flag,meta|rot2|bot
2329,_Cyan Banner Flag|meta|rot3|bot,_Cyan Banner Flag,meta|rot3|bot
2330,_Cyan Banner Flag|meta|rot4|bot,_Cyan Banner Flag,meta|rot4|bot
2331,Cyan Banner|meta|rot1|top,Cyan Banner,meta|rot1|top
2332,Cyan Banner|meta|rot2|top,Cyan Banner,meta|rot2|top
2333,Cyan Banner|meta|rot3|top,Cyan Banner,meta|rot3|top
2334,Cyan Banner|meta|rot4|top,Cyan Banner,meta|rot4|top
2335,Cyan Banner|meta|rot1|side,Cyan Banner,meta|rot1|side
2336,Cyan Banner|meta|rot2|side,Cyan Banner,meta|rot2|side
2337,Cyan Banner|meta|rot3|side,Cyan Banner,meta|rot3|side
2338,Cyan Banner|meta|rot4|side,Cyan Banner,meta|rot4|side
2339,Purple Banner,Purple Banner,
2340,Purple Banner|meta|rot2|bot,Purple Banner,meta|rot2|bot
2341,Purple Banner|meta|rot3|bot,Purple Banner,meta|rot3|bot
2342,Purple Banner|meta|rot4|bot,Purple Banner,meta|rot4|bot
2343,_Purple Banner Flag,_Purple Banner Flag,
2344,_Purple Banner Flag|meta|rot2|top,_Purple Banner Flag,meta|rot2|top
2345,_Purple Banner Flag|meta|rot3|top,_Purple Banner Flag,meta|rot3|top
2346,_Purple Banner Flag|meta|rot4|top,_Purple Banner Flag,meta|rot4|top
2347,_Purple Banner Flag|meta|rot1|side,_Purple Banner Flag,meta|rot1|side
2348,_Purple Banner Flag|meta|rot2|side,_Purple Banner Flag,meta|rot2|side
2349,_Purple Banner Flag|meta|rot3|side,_Purple Banner Flag,meta|rot3|side
2350,_Purple Banner Flag|meta|rot4|side,_Purple Banner Flag,meta|rot4|side
2351,_Purple Banner Flag|meta|rot1|bot,_Purple Banner Flag,meta|rot1|bot
2352,_Purple Banner Flag|meta|rot2|bot,_Purple Banner Flag,meta|rot2|bot
2353,_Purple Banner Flag|meta|rot3|bot,_Purple Banner Flag,meta|rot3|bot
2354,_Purple Banner Flag|meta|rot4|bot,_Purple Banner Flag,meta|rot4|bot
2355,Purple Banner|meta|rot1|top,Purple Banner,meta|rot1|top
2356,Purple Banner|meta|rot2|top,Purple Banner,meta|rot2|top
2357,Purple Banner|meta|rot3|top,Purple Banner,meta|rot3|top
2358,Purple Banner|meta|rot4|top,Purple Banner,meta|rot4|top
2359,Purple Banner|meta|rot1|side,Purple Banner,meta|rot1|side
2360,Purple Banner|meta|rot2|side,Purple Banner,meta|rot2|side
2361,Purple Banner|meta|rot3|side,Purple Banner,meta|rot3|side
2362,Purple Banner|meta|rot4|side,Purple Banner,meta|rot4|side
2363,Blue Banner,Blue Banner,
2364,Blue Banner|meta|rot2|bot,Blue Banner,meta|rot2|bot
2365,Blue Banner|meta|rot3|bot,Blue Banner,meta|rot3|bot
2366,Blue Banner|meta|rot4|bot,Blue Banner,meta|rot4|bot
2367,_Blue Banner Flag,_Blue Banner Flag,
2368,_Blue Banner Flag|meta|rot2|top,_Blue Banner Flag,meta|rot2|top
2369,_Blue Banner Flag|meta|rot3|top,_Blue Banner Flag,meta|rot3|top
2370,_Blue Banner Flag|meta|rot4|top,_Blue Banner Flag,meta|rot4|top
2371,_Blue Banner Flag|meta|rot1|side,_Blue Banner Flag,meta|rot1|side
2372,_Blue Banner Flag|meta|rot2|side,_Blue Banner Flag,meta|rot2|side
2373,_Blue Banner Flag|meta|rot3|side,_Blue Banner Flag,meta|rot3|side
2374,_Blue Banner Flag|meta|rot4|side,_Blue Banner Flag,meta|rot4|side
2375,_Blue Banner Flag|meta|rot1|bot,_Blue Banner Flag,meta|rot1|bot
2376,_Blue Banner Flag|meta|rot2|bot,_Blue Banner Flag,meta|rot2|bot
2377,_Blue Banner Flag|meta|rot3|bot,_Blue Banner Flag,meta|rot3|bot
2378,_Blue Banner Flag|meta|rot4|bot,_Blue Banner Flag,meta|rot4|bot
2379,Blue Banner|meta|rot1|top,Blue Banner,meta|rot1|top
2380,Blue Banner|meta|rot2|top,Blue Banner,meta|rot2|top
2381,Blue Banner|meta|rot3|top,Blue Banner,meta|rot3|top
2382,Blue Banner|meta|rot4|top,Blue Banner,meta|rot4|top
2383,Blue Banner|meta|rot1|side,Blue Banner,meta|rot1|side
2384,Blue Banner|meta|rot2|side,Blue Banner,meta|rot2|side
2385,Blue Banner|meta|rot3|side,Blue Banner,meta|rot3|side
2386,Blue Banner|meta|rot4|side,Blue Banner,meta|rot4|side
2387,Brown Banner,Brown Banner,
2388,Brown Banner|meta|rot2|bot,Brown Banner,meta|rot2|bot
2389,Brown Banner|meta|rot3|bot,Brown Banner,meta|rot3|bot
2390,Brown Banner|meta|rot4|bot,Brown Banner,meta|rot4|bot
2391,_Brown Banner Flag,_Brown Banner Flag,
2392,_Brown Banner Flag|meta|rot2|top,_Brown Banner Flag,meta|rot2|top
2393,_Brown Banner Flag|meta|rot3|top,_Brown Banner Flag,meta|rot3|top
2394,_Brown Banner Flag|meta|rot4|top,_Brown Banner Flag,meta|rot4|top
2395,_Brown Banner Flag|meta|rot1|side,_Brown Banner Flag,meta|rot1|side
2396,_Brown Banner Flag|meta|rot2|side,_Brown Banner Flag,meta|rot2|side
2397,_Brown Banner Flag|meta|rot3|side,_Brown Banner Flag,meta|rot3|side
2398,_Brown Banner Flag|meta|rot4|side,_Brown Banner Flag,meta|rot4|side
2399,_Brown Banner Flag|meta|rot1|bot,_Brown Banner Flag,meta|rot1|bot
2400,_Brown Banner Flag|meta|rot2|bot,_Brown Banner Flag,meta|rot2|bot
2401,_Brown Banner Flag|meta|rot3|bot,_Brown Banner Flag,meta|rot3|bot
2402,_Brown Banner Flag|meta|rot4|bot,_Brown Banner Flag,meta|rot4|bot
2403,Brown Banner|meta|rot1|top,Brown Banner,meta|rot1|top
2404,Brown Banner|meta|rot2|top,Brown Banner,meta|rot2|top
2405,Brown Banner|meta|rot3|top,Brown Banner,meta|rot3|top
2406,Brown Banner|meta|rot4|top,Brown Banner,meta|rot4|top
2407,Brown Banner|meta|rot1|side,Brown Banner,meta|rot1|side
2408,Brown Banner|meta|rot2|side,Brown Banner,meta|rot2|side
2409,Brown Banner|meta|rot3|side,Brown Banner,meta|rot3|side
2410,Brown Banner|meta|rot4|side,Brown Banner,meta|rot4|side
2411,Green Banner,Green Banner,
2412,Green Banner|meta|rot2|bot,Green Banner,meta|rot2|bot
2413,Green Banner|meta|rot3|bot,Green Banner,meta|rot3|bot
2414,Green Banner|meta|rot4|bot,Green Banner,meta|rot4|bot
2415,_Green Banner Flag,_Green Banner Flag,
2416,_Green Banner Flag|meta|rot2|top,_Green Banner Flag,meta|rot2|top
2417,_Green Banner Flag|meta|rot3|top,_Green Banner Flag,meta|rot3|top
2418,_Green Banner Flag|meta|rot4|top,_Green Banner Flag,meta|rot4|top
2419,_Green Banner Flag|meta|rot1|side,_Green Banner Flag,meta|rot1|side
2420,_Green Banner Flag|meta|rot2|side,_Green Banner Flag,meta|rot2|side
2421,_Green Banner Flag|meta|rot3|side,_Green Banner Flag,meta|rot3|side
2422,_Green Banner Flag|meta|rot4|side,_Green Banner Flag,meta|rot4|side
2423,_Green Banner Flag|meta|rot1|bot,_Green Banner Flag,meta|rot1|bot
2424,_Green Banner Flag|meta|rot2|bot,_Green Banner Flag,meta|rot2|bot
2425,_Green Banner Flag|meta|rot3|bot,_Green Banner Flag,meta|rot3|bot
2426,_Green Banner Flag|meta|rot4|bot,_Green Banner Flag,meta|rot4|bot
2427,Green Banner|meta|rot1|top,Green Banner,meta|rot1|top
2428,Green Banner|meta|rot2|top,Green Banner,meta|rot2|top
2429,Green Banner|meta|rot3|top,Green Banner,meta|rot3|top
2430,Green Banner|meta|rot4|top,Green Banner,meta|rot4|top
2431,Green Banner|meta|rot1|side,Green Banner,meta|rot1|side
2432,Green Banner|meta|rot2|side,Green Banner,meta|rot2|side
2433,Green Banner|meta|rot3|side,Green Banner,meta|rot3|side
2434,Green Banner|meta|rot4|side,Green Banner,meta|rot4|side
2435,Red Banner,Red Banner,
2436,Red Banner|meta|rot2|bot,Red Banner,meta|rot2|bot
2437,Red Banner|meta|rot3|bot,Red Banner,meta|rot3|bot
2438,Red Banner|meta|rot4|bot,Red Banner,meta|rot4|bot
2439,_Red Banner Flag,_Red Banner Flag,
2440,_Red Banner Flag|meta|rot2|top,_Red Banner Flag,meta|rot2|top
2441,_Red Banner Flag|meta|rot3|top,_Red Banner Flag,meta|rot3|top
2442,_Red Banner Flag|meta|rot4|top,_Red Banner Flag,meta|rot4|top
2443,_Red Banner Flag|meta|rot1|side,_Red Banner Flag,meta|rot1|side
2444,_Red Banner Flag|meta|rot2|side,_Red Banner Flag,meta|rot2|side
2445,_Red Banner Flag|meta|rot3|side,_Red Banner Flag,meta|rot3|side
2446,_Red Banner Flag|meta|rot4|side,_Red Banner Flag,meta|rot4|side
2447,_Red Banner Flag|meta|rot1|bot,_Red Banner Flag,meta|rot1|bot
2448,_Red Banner Flag|meta|rot2|bot,_Red Banner Flag,meta|rot2|bot
2449,_Red Banner Flag|meta|rot3|bot,_Red Banner Flag,meta|rot3|bot
2450,_Red Banner Flag|meta|rot4|bot,_Red Banner Flag,meta|rot4|bot
2451,Red Banner|meta|rot1|top,Red Banner,meta|rot1|top
2452,Red Banner|meta|rot2|top,Red Banner,meta|rot2|top
2453,Red Banner|meta|rot3|top,Red Banner,meta|rot3|top
2454,Red Banner|meta|rot4|top,Red Banner,meta|rot4|top
2455,Red Banner|meta|rot1|side,Red Banner,meta|rot1|side
2456,Red Banner|meta|rot2|side,Red Banner,meta|rot2|side
2457,Red Banner|meta|rot3|side,Red Banner,meta|rot3|side
2458,Red Banner|meta|rot4|side,Red Banner,meta|rot4|side
2459,Black Banner,Black Banner,
2460,Black Banner|meta|rot2|bot,Black Banner,meta|rot2|bot
2461,Black Banner|meta|rot3|bot,Black Banner,meta|rot3|bot
2462,Black Banner|meta|rot4|bot,Black Banner,meta|rot4|bot
2463,_Black Banner Flag,_Black Banner Flag,
2464,_Black Banner Flag|meta|rot2|top,_Black Banner Flag,meta|rot2|top
2465,_Black Banner Flag|meta|rot3|top,_Black Banner Flag,meta|rot3|top
2466,_Black Banner Flag|meta|rot4|top,_Black Banner Flag,meta|rot4|top
2467,_Black Banner Flag|meta|rot1|side,_Black Banner Flag,meta|rot1|side
2468,_Black Banner Flag|meta|rot2|side,_Black Banner Flag,meta|rot2|side
2469,_Black Banner Flag|meta|rot3|side,_Black Banner Flag,meta|rot3|side
2470,_Black Banner Flag|meta|rot4|side,_Black Banner Flag,meta|rot4|side
2471,_Black Banner Flag|meta|rot1|bot,_Black Banner Flag,meta|rot1|bot
2472,_Black Banner Flag|meta|rot2|bot,_Black Banner Flag,meta|rot2|bot
2473,_Black Banner Flag|meta|rot3|bot,_Black Banner Flag,meta|rot3|bot
2474,_Black Banner Flag|meta|rot4|bot,_Black Banner Flag,meta|rot4|bot
2475,Black Banner|meta|rot1|top,Black Banner,meta|rot1|top
2476,Black Banner|meta|rot2|top,Black Banner,meta|rot2|top
2477,Black Banner|meta|rot3|top,Black Banner,meta|rot3|top
2478,Black Banner|meta|rot4|top,Black Banner,meta|rot4|top
2479,Black Banner|meta|rot1|side,Black Banner,meta|rot1|side
2480,Black Banner|meta|rot2|side,Black Banner,meta|rot2|side
2481,Black Banner|meta|rot3|side,Black Banner,meta|rot3|side
2482,Black Banner|meta|rot4|side,Black Banner,meta|rot4|side
2483,Draugr Banner,Draugr Banner,
2484,Draugr Banner|meta|rot2|bot,Draugr Banner,meta|rot2|bot
2485,Draugr Banner|meta|rot3|bot,Draugr Banner,meta|rot3|bot
2486,Draugr Banner|meta|rot4|bot,Draugr Banner,meta|rot4|bot
2487,_Draugr Banner Flag,_Draugr Banner Flag,
2488,_Draugr Banner Flag|meta|rot2|top,_Draugr Banner Flag,meta|rot2|top
2489,_Draugr Banner Flag|meta|rot3|top,_Draugr Banner Flag,meta|rot3|top
2490,_Draugr Banner Flag|meta|rot4|top,_Draugr Banner Flag,meta|rot4|top
2491,_Draugr Banner Flag|meta|rot1|side,_Draugr Banner Flag,meta|rot1|side
2492,_Draugr Banner Flag|meta|rot2|side,_Draugr Banner Flag,meta|rot2|side
2493,_Draugr Banner Flag|meta|rot3|side,_Draugr Banner Flag,meta|rot3|side
2494,_Draugr Banner Flag|meta|rot4|side,_Draugr Banner Flag,meta|rot4|side
2495,_Draugr Banner Flag|meta|rot1|bot,_Draugr Banner Flag,meta|rot1|bot
2496,_Draugr Banner Flag|meta|rot2|bot,_Draugr Banner Flag,meta|rot2|bot
2497,_Draugr Banner Flag|meta|rot3|bot,_Draugr Banner Flag,meta|rot3|bot
2498,_Draugr Banner Flag|meta|rot4|bot,_Draugr Banner Flag,meta|rot4|bot
2499,Draugr Banner|meta|rot1|top,Draugr Banner,meta|rot1|top
2500,Draugr Banner|meta|rot2|top,Draugr Banner,meta|rot2|top
2501,Draugr Banner|meta|rot3|top,Draugr Banner,meta|rot3|top
2502,Draugr Banner|meta|rot4|top,Draugr Banner,meta|rot4|top
2503,Draugr Banner|meta|rot1|side,Draugr Banner,meta|rot1|side
2504,Draugr Banner|meta|rot2|side,Draugr Banner,meta|rot2|side
2505,Draugr Banner|meta|rot3|side,Draugr Banner,meta|rot3|side
2506,Draugr Banner|meta|rot4|side,Draugr Banner,meta|rot4|side
2507,Spirit Golem Spawner Block,Spirit Golem Spawner Block,
2508,Spirit Wolf Spawner Block,Spirit Wolf Spawner Block,
2509,Spirit Bear Spawner Block,Spirit Bear Spawner Block,
2510,Spirit Stag Spawner Block,Spirit Stag Spawner Block,
2511,Spirit Gorilla Spawner Block,Spirit Gorilla Spawner Block,
2512,Fertilised Soil,Fertilised Soil,
2513,_Grant Wool Top Left,_Grant Wool Top Left,
2514,_Grant Wool Top Left|meta|rot2,_Grant Wool Top Left,meta|rot2
2515,_Grant Wool Top Left|meta|rot3,_Grant Wool Top Left,meta|rot3
2516,_Grant Wool Top Left|meta|rot4,_Grant Wool Top Left,meta|rot4
2517,_Grant Wool Top Right,_Grant Wool Top Right,
2518,_Grant Wool Top Right|meta|rot2,_Grant Wool Top Right,meta|rot2
2519,_Grant Wool Top Right|meta|rot3,_Grant Wool Top Right,meta|rot3
2520,_Grant Wool Top Right|meta|rot4,_Grant Wool Top Right,meta|rot4
2521,Grant Wool,Grant Wool,
2522,Grant Wool|meta|rot2,Grant Wool,meta|rot2
2523,Grant Wool|meta|rot3,Grant Wool,meta|rot3
2524,Grant Wool|meta|rot4,Grant Wool,meta|rot4
2525,_Grant Wool Bottom Right,_Grant Wool Bottom Right,
2526,_Grant Wool Bottom Right|meta|rot2,_Grant Wool Bottom Right,meta|rot2
2527,_Grant Wool Bottom Right|meta|rot3,_Grant Wool Bottom Right,meta|rot3
2528,_Grant Wool Bottom Right|meta|rot4,_Grant Wool Bottom Right,meta|rot4
2529,_Stampede Top Left,_Stampede Top Left,
2530,_Stampede Top Left|meta|rot2,_Stampede Top Left,meta|rot2
2531,_Stampede Top Left|meta|rot3,_Stampede Top Left,meta|rot3
2532,_Stampede Top Left|meta|rot4,_Stampede Top Left,meta|rot4
2533,_Stampede Top Right,_Stampede Top Right,
2534,_Stampede Top Right|meta|rot2,_Stampede Top Right,meta|rot2
2535,_Stampede Top Right|meta|rot3,_Stampede Top Right,meta|rot3
2536,_Stampede Top Right|meta|rot4,_Stampede Top Right,meta|rot4
2537,Stampede,Stampede,
2538,Stampede|meta|rot2,Stampede,meta|rot2
2539,Stampede|meta|rot3,Stampede,meta|rot3
2540,Stampede|meta|rot4,Stampede,meta|rot4
2541,_Stampede Bottom Right,_Stampede Bottom Right,
2542,_Stampede Bottom Right|meta|rot2,_Stampede Bottom Right,meta|rot2
2543,_Stampede Bottom Right|meta|rot3,_Stampede Bottom Right,meta|rot3
2544,_Stampede Bottom Right|meta|rot4,_Stampede Bottom Right,meta|rot4
2545,_Unforgotten Pig Top Left,_Unforgotten Pig Top Left,
2546,_Unforgotten Pig Top Left|meta|rot2,_Unforgotten Pig Top Left,meta|rot2
2547,_Unforgotten Pig Top Left|meta|rot3,_Unforgotten Pig Top Left,meta|rot3
2548,_Unforgotten Pig Top Left|meta|rot4,_Unforgotten Pig Top Left,meta|rot4
2549,_Unforgotten Pig Top Right,_Unforgotten Pig Top Right,
2550,_Unforgotten Pig Top Right|meta|rot2,_Unforgotten Pig Top Right,meta|rot2
2551,_Unforgotten Pig Top Right|meta|rot3,_Unforgotten Pig Top Right,meta|rot3
2552,_Unforgotten Pig Top Right|meta|rot4,_Unforgotten Pig Top Right,meta|rot4
2553,Unforgotten Pig,Unforgotten Pig,
2554,Unforgotten Pig|meta|rot2,Unforgotten Pig,meta|rot2
2555,Unforgotten Pig|meta|rot3,Unforgotten Pig,meta|rot3
2556,Unforgotten Pig|meta|rot4,Unforgotten Pig,meta|rot4
2557,_Unforgotten Pig Bottom Right,_Unforgotten Pig Bottom Right,
2558,_Unforgotten Pig Bottom Right|meta|rot2,_Unforgotten Pig Bottom Right,meta|rot2
2559,_Unforgotten Pig Bottom Right|meta|rot3,_Unforgotten Pig Bottom Right,meta|rot3
2560,_Unforgotten Pig Bottom Right|meta|rot4,_Unforgotten Pig Bottom Right,meta|rot4
2561,_Sunbathed Gallope Top Left,_Sunbathed Gallope Top Left,
2562,_Sunbathed Gallope Top Left|meta|rot2,_Sunbathed Gallope Top Left,meta|rot2
2563,_Sunbathed Gallope Top Left|meta|rot3,_Sunbathed Gallope Top Left,meta|rot3
2564,_Sunbathed Gallope Top Left|meta|rot4,_Sunbathed Gallope Top Left,meta|rot4
2565,_Sunbathed Gallope Top Right,_Sunbathed Gallope Top Right,
2566,_Sunbathed Gallope Top Right|meta|rot2,_Sunbathed Gallope Top Right,meta|rot2
2567,_Sunbathed Gallope Top Right|meta|rot3,_Sunbathed Gallope Top Right,meta|rot3
2568,_Sunbathed Gallope Top Right|meta|rot4,_Sunbathed Gallope Top Right,meta|rot4
2569,Sunbathed Gallope,Sunbathed Gallope,
2570,Sunbathed Gallope|meta|rot2,Sunbathed Gallope,meta|rot2
2571,Sunbathed Gallope|meta|rot3,Sunbathed Gallope,meta|rot3
2572,Sunbathed Gallope|meta|rot4,Sunbathed Gallope,meta|rot4
2573,_Sunbathed Gallope Bottom Right,_Sunbathed Gallope Bottom Right,
2574,_Sunbathed Gallope Bottom Right|meta|rot2,_Sunbathed Gallope Bottom Right,meta|rot2
2575,_Sunbathed Gallope Bottom Right|meta|rot3,_Sunbathed Gallope Bottom Right,meta|rot3
2576,_Sunbathed Gallope Bottom Right|meta|rot4,_Sunbathed Gallope Bottom Right,meta|rot4
2577,_Dreaming Canine Top Left,_Dreaming Canine Top Left,
2578,_Dreaming Canine Top Left|meta|rot2,_Dreaming Canine Top Left,meta|rot2
2579,_Dreaming Canine Top Left|meta|rot3,_Dreaming Canine Top Left,meta|rot3
2580,_Dreaming Canine Top Left|meta|rot4,_Dreaming Canine Top Left,meta|rot4
2581,_Dreaming Canine Top Right,_Dreaming Canine Top Right,
2582,_Dreaming Canine Top Right|meta|rot2,_Dreaming Canine Top Right,meta|rot2
2583,_Dreaming Canine Top Right|meta|rot3,_Dreaming Canine Top Right,meta|rot3
2584,_Dreaming Canine Top Right|meta|rot4,_Dreaming Canine Top Right,meta|rot4
2585,Dreaming Canine,Dreaming Canine,
2586,Dreaming Canine|meta|rot2,Dreaming Canine,meta|rot2
2587,Dreaming Canine|meta|rot3,Dreaming Canine,meta|rot3
2588,Dreaming Canine|meta|rot4,Dreaming Canine,meta|rot4
2589,_Dreaming Canine Bottom Right,_Dreaming Canine Bottom Right,
2590,_Dreaming Canine Bottom Right|meta|rot2,_Dreaming Canine Bottom Right,meta|rot2
2591,_Dreaming Canine Bottom Right|meta|rot3,_Dreaming Canine Bottom Right,meta|rot3
2592,_Dreaming Canine Bottom Right|meta|rot4,_Dreaming Canine Bottom Right,meta|rot4
2593,_A Doe Through The Green Top Left,_A Doe Through The Green Top Left,
2594,_A Doe Through The Green Top Left|meta|rot2,_A Doe Through The Green Top Left,meta|rot2
2595,_A Doe Through The Green Top Left|meta|rot3,_A Doe Through The Green Top Left,meta|rot3
2596,_A Doe Through The Green Top Left|meta|rot4,_A Doe Through The Green Top Left,meta|rot4
2597,_A Doe Through The Green Top Right,_A Doe Through The Green Top Right,
2598,_A Doe Through The Green Top Right|meta|rot2,_A Doe Through The Green Top Right,meta|rot2
2599,_A Doe Through The Green Top Right|meta|rot3,_A Doe Through The Green Top Right,meta|rot3
2600,_A Doe Through The Green Top Right|meta|rot4,_A Doe Through The Green Top Right,meta|rot4
2601,A Doe Through The Green,A Doe Through The Green,
2602,A Doe Through The Green|meta|rot2,A Doe Through The Green,meta|rot2
2603,A Doe Through The Green|meta|rot3,A Doe Through The Green,meta|rot3
2604,A Doe Through The Green|meta|rot4,A Doe Through The Green,meta|rot4
2605,_A Doe Through The Green Bottom Right,_A Doe Through The Green Bottom Right,
2606,_A Doe Through The Green Bottom Right|meta|rot2,_A Doe Through The Green Bottom Right,meta|rot2
2607,_A Doe Through The Green Bottom Right|meta|rot3,_A Doe Through The Green Bottom Right,meta|rot3
2608,_A Doe Through The Green Bottom Right|meta|rot4,_A Doe Through The Green Bottom Right,meta|rot4
2609,_Whiskers Top Left,_Whiskers Top Left,
2610,_Whiskers Top Left|meta|rot2,_Whiskers Top Left,meta|rot2
2611,_Whiskers Top Left|meta|rot3,_Whiskers Top Left,meta|rot3
2612,_Whiskers Top Left|meta|rot4,_Whiskers Top Left,meta|rot4
2613,_Whiskers Top Right,_Whiskers Top Right,
2614,_Whiskers Top Right|meta|rot2,_Whiskers Top Right,meta|rot2
2615,_Whiskers Top Right|meta|rot3,_Whiskers Top Right,meta|rot3
2616,_Whiskers Top Right|meta|rot4,_Whiskers Top Right,meta|rot4
2617,Whiskers,Whiskers,
2618,Whiskers|meta|rot2,Whiskers,meta|rot2
2619,Whiskers|meta|rot3,Whiskers,meta|rot3
2620,Whiskers|meta|rot4,Whiskers,meta|rot4
2621,_Whiskers Bottom Right,_Whiskers Bottom Right,
2622,_Whiskers Bottom Right|meta|rot2,_Whiskers Bottom Right,meta|rot2
2623,_Whiskers Bottom Right|meta|rot3,_Whiskers Bottom Right,meta|rot3
2624,_Whiskers Bottom Right|meta|rot4,_Whiskers Bottom Right,meta|rot4
2625,Hollow Crate,Hollow Crate,
2626,Draugr Warper Spawner Block,Draugr Warper Spawner Block,
2627,Radar,Radar,
2628,Radar|meta|rot2,Radar,meta|rot2
2629,Radar|meta|rot3,Radar,meta|rot3
2630,Radar|meta|rot4,Radar,meta|rot4
2631,_Radar Back,_Radar Back,
2632,_Radar Back|meta|rot2,_Radar Back,meta|rot2
2633,_Radar Back|meta|rot3,_Radar Back,meta|rot3
2634,_Radar Back|meta|rot4,_Radar Back,meta|rot4
2635,_Radar Dish,_Radar Dish,
2636,_Radar Dish|meta|rot2,_Radar Dish,meta|rot2
2637,_Radar Dish|meta|rot3,_Radar Dish,meta|rot3
2638,_Radar Dish|meta|rot4,_Radar Dish,meta|rot4
2639,Inactive Radar,Inactive Radar,
2640,Inactive Radar|meta|rot2,Inactive Radar,meta|rot2
2641,Inactive Radar|meta|rot3,Inactive Radar,meta|rot3
2642,Inactive Radar|meta|rot4,Inactive Radar,meta|rot4
2643,_Inactive Radar Back,_Inactive Radar Back,
2644,_Inactive Radar Back|meta|rot2,_Inactive Radar Back,meta|rot2
2645,_Inactive Radar Back|meta|rot3,_Inactive Radar Back,meta|rot3
2646,_Inactive Radar Back|meta|rot4,_Inactive Radar Back,meta|rot4
2647,_Inactive Radar Dish,_Inactive Radar Dish,
2648,_Inactive Radar Dish|meta|rot2,_Inactive Radar Dish,meta|rot2
2649,_Inactive Radar Dish|meta|rot3,_Inactive Radar Dish,meta|rot3
2650,_Inactive Radar Dish|meta|rot4,_Inactive Radar Dish,meta|rot4
2651,Active Radar,Active Radar,
2652,Active Radar|meta|rot2,Active Radar,meta|rot2
2653,Active Radar|meta|rot3,Active Radar,meta|rot3
2654,Active Radar|meta|rot4,Active Radar,meta|rot4
2655,_Active Radar Back,_Active Radar Back,
2656,_Active Radar Back|meta|rot2,_Active Radar Back,meta|rot2
2657,_Active Radar Back|meta|rot3,_Active Radar Back,meta|rot3
2658,_Active Radar Back|meta|rot4,_Active Radar Back,meta|rot4
2659,_Active Radar Dish,_Active Radar Dish,
2660,_Active Radar Dish|meta|rot2,_Active Radar Dish,meta|rot2
2661,_Active Radar Dish|meta|rot3,_Active Radar Dish,meta|rot3
2662,_Active Radar Dish|meta|rot4,_Active Radar Dish,meta|rot4
2663,Lucky Block,Lucky Block,
2664,Ultra Lucky Block,Ultra Lucky Block,
2665,Gold Trophy,Gold Trophy,
2666,Gold Trophy|meta|rot2,Gold Trophy,meta|rot2
2667,Gold Trophy|meta|rot3,Gold Trophy,meta|rot3
2668,Gold Trophy|meta|rot4,Gold Trophy,meta|rot4
2669,Small Magenta Pod,Small Magenta Pod,
2670,_Small Magenta Pod Mid,_Small Magenta Pod Mid,
2671,_Small Magenta Pod Top,_Small Magenta Pod Top,
2672,Small Light Gray Pod,Small Light Gray Pod,
2673,_Small Light Gray Pod Mid,_Small Light Gray Pod Mid,
2674,_Small Light Gray Pod Top,_Small Light Gray Pod Top,
2675,Small Red Pod,Small Red Pod,
2676,_Small Red Pod Mid,_Small Red Pod Mid,
2677,_Small Red Pod Top,_Small Red Pod Top,
2678,INTERNAL_MESH_Gold Trophy,INTERNAL_MESH_Gold Trophy,
2679,Frost Wraith Spawner Block,Frost Wraith Spawner Block,
2680,Draugr Reaver Spawner Block,Draugr Reaver Spawner Block,
2681,Small White Pod,Small White Pod,
2682,_Small White Pod Mid,_Small White Pod Mid,
2683,_Small White Pod Top,_Small White Pod Top,
2684,Small Orange Pod,Small Orange Pod,
2685,_Small Orange Pod Mid,_Small Orange Pod Mid,
2686,_Small Orange Pod Top,_Small Orange Pod Top,
2687,Small Light Blue Pod,Small Light Blue Pod,
2688,_Small Light Blue Pod Mid,_Small Light Blue Pod Mid,
2689,_Small Light Blue Pod Top,_Small Light Blue Pod Top,
2690,Small Yellow Pod,Small Yellow Pod,
2691,_Small Yellow Pod Mid,_Small Yellow Pod Mid,
2692,_Small Yellow Pod Top,_Small Yellow Pod Top,
2693,Small Lime Pod,Small Lime Pod,
2694,_Small Lime Pod Mid,_Small Lime Pod Mid,
2695,_Small Lime Pod Top,_Small Lime Pod Top,
2696,Small Pink Pod,Small Pink Pod,
2697,_Small Pink Pod Mid,_Small Pink Pod Mid,
2698,_Small Pink Pod Top,_Small Pink Pod Top,
2699,Small Gray Pod,Small Gray Pod,
2700,_Small Gray Pod Mid,_Small Gray Pod Mid,
2701,_Small Gray Pod Top,_Small Gray Pod Top,
2702,Small Cyan Pod,Small Cyan Pod,
2703,_Small Cyan Pod Mid,_Small Cyan Pod Mid,
2704,_Small Cyan Pod Top,_Small Cyan Pod Top,
2705,Small Purple Pod,Small Purple Pod,
2706,_Small Purple Pod Mid,_Small Purple Pod Mid,
2707,_Small Purple Pod Top,_Small Purple Pod Top,
2708,Small Blue Pod,Small Blue Pod,
2709,_Small Blue Pod Mid,_Small Blue Pod Mid,
2710,_Small Blue Pod Top,_Small Blue Pod Top,
2711,Small Brown Pod,Small Brown Pod,
2712,_Small Brown Pod Mid,_Small Brown Pod Mid,
2713,_Small Brown Pod Top,_Small Brown Pod Top,
2714,Small Green Pod,Small Green Pod,
2715,_Small Green Pod Mid,_Small Green Pod Mid,
2716,_Small Green Pod Top,_Small Green Pod Top,
2717,Small Black Pod,Small Black Pod,
2718,_Small Black Pod Mid,_Small Black Pod Mid,
2719,_Small Black Pod Top,_Small Black Pod Top,
2720,Skull Banner,Skull Banner,
2721,Skull Banner|meta|rot2|bot,Skull Banner,meta|rot2|bot
2722,Skull Banner|meta|rot3|bot,Skull Banner,meta|rot3|bot
2723,Skull Banner|meta|rot4|bot,Skull Banner,meta|rot4|bot
2724,_Skull Banner Flag,_Skull Banner Flag,
2725,_Skull Banner Flag|meta|rot2|top,_Skull Banner Flag,meta|rot2|top
2726,_Skull Banner Flag|meta|rot3|top,_Skull Banner Flag,meta|rot3|top
2727,_Skull Banner Flag|meta|rot4|top,_Skull Banner Flag,meta|rot4|top
2728,_Skull Banner Flag|meta|rot1|side,_Skull Banner Flag,meta|rot1|side
2729,_Skull Banner Flag|meta|rot2|side,_Skull Banner Flag,meta|rot2|side
2730,_Skull Banner Flag|meta|rot3|side,_Skull Banner Flag,meta|rot3|side
2731,_Skull Banner Flag|meta|rot4|side,_Skull Banner Flag,meta|rot4|side
2732,_Skull Banner Flag|meta|rot1|bot,_Skull Banner Flag,meta|rot1|bot
2733,_Skull Banner Flag|meta|rot2|bot,_Skull Banner Flag,meta|rot2|bot
2734,_Skull Banner Flag|meta|rot3|bot,_Skull Banner Flag,meta|rot3|bot
2735,_Skull Banner Flag|meta|rot4|bot,_Skull Banner Flag,meta|rot4|bot
2736,Skull Banner|meta|rot1|top,Skull Banner,meta|rot1|top
2737,Skull Banner|meta|rot2|top,Skull Banner,meta|rot2|top
2738,Skull Banner|meta|rot3|top,Skull Banner,meta|rot3|top
2739,Skull Banner|meta|rot4|top,Skull Banner,meta|rot4|top
2740,Skull Banner|meta|rot1|side,Skull Banner,meta|rot1|side
2741,Skull Banner|meta|rot2|side,Skull Banner,meta|rot2|side
2742,Skull Banner|meta|rot3|side,Skull Banner,meta|rot3|side
2743,Skull Banner|meta|rot4|side,Skull Banner,meta|rot4|side
2744,Rainbow Banner,Rainbow Banner,
2745,Rainbow Banner|meta|rot2|bot,Rainbow Banner,meta|rot2|bot
2746,Rainbow Banner|meta|rot3|bot,Rainbow Banner,meta|rot3|bot
2747,Rainbow Banner|meta|rot4|bot,Rainbow Banner,meta|rot4|bot
2748,_Rainbow Banner Flag,_Rainbow Banner Flag,
2749,_Rainbow Banner Flag|meta|rot2|top,_Rainbow Banner Flag,meta|rot2|top
2750,_Rainbow Banner Flag|meta|rot3|top,_Rainbow Banner Flag,meta|rot3|top
2751,_Rainbow Banner Flag|meta|rot4|top,_Rainbow Banner Flag,meta|rot4|top
2752,_Rainbow Banner Flag|meta|rot1|side,_Rainbow Banner Flag,meta|rot1|side
2753,_Rainbow Banner Flag|meta|rot2|side,_Rainbow Banner Flag,meta|rot2|side
2754,_Rainbow Banner Flag|meta|rot3|side,_Rainbow Banner Flag,meta|rot3|side
2755,_Rainbow Banner Flag|meta|rot4|side,_Rainbow Banner Flag,meta|rot4|side
2756,_Rainbow Banner Flag|meta|rot1|bot,_Rainbow Banner Flag,meta|rot1|bot
2757,_Rainbow Banner Flag|meta|rot2|bot,_Rainbow Banner Flag,meta|rot2|bot
2758,_Rainbow Banner Flag|meta|rot3|bot,_Rainbow Banner Flag,meta|rot3|bot
2759,_Rainbow Banner Flag|meta|rot4|bot,_Rainbow Banner Flag,meta|rot4|bot
2760,Rainbow Banner|meta|rot1|top,Rainbow Banner,meta|rot1|top
2761,Rainbow Banner|meta|rot2|top,Rainbow Banner,meta|rot2|top
2762,Rainbow Banner|meta|rot3|top,Rainbow Banner,meta|rot3|top
2763,Rainbow Banner|meta|rot4|top,Rainbow Banner,meta|rot4|top
2764,Rainbow Banner|meta|rot1|side,Rainbow Banner,meta|rot1|side
2765,Rainbow Banner|meta|rot2|side,Rainbow Banner,meta|rot2|side
2766,Rainbow Banner|meta|rot3|side,Rainbow Banner,meta|rot3|side
2767,Rainbow Banner|meta|rot4|side,Rainbow Banner,meta|rot4|side
2768,Duo Blocchino Statue,Duo Blocchino Statue,
2769,Bebek Bebek Bebek Statue,Bebek Bebek Bebek Statue,
2770,Bobino Musculino Statue,Bobino Musculino Statue,
2771,Bobzilla Statue,Bobzilla Statue,
2772,Brra Brra Pachim Statue,Brra Brra Pachim Statue,
2773,Capitano Explovissimo Statue,Capitano Explovissimo Statue,
2774,Cappuccino Ninjino Statue,Cappuccino Ninjino Statue,
2775,Chimpanzano Bananano Statue,Chimpanzano Bananano Statue,
2776,Il Wizardini Del Porko Statue,Il Wizardini Del Porko Statue,
2777,Lucchia Blocchi Statue,Lucchia Blocchi Statue,
2778,Monsieur Bedwar Statue,Monsieur Bedwar Statue,
2779,Twirlina Cappucina Statue,Twirlina Cappucina Statue,
2780,Weapon Lucky Block,Weapon Lucky Block,
2781,Boiling Pot,Boiling Pot,
2782,Chopping Board,Chopping Board,
2783,Frying Pan,Frying Pan,
2784,Hob Boiling,Hob Boiling,
2785,Hob Frying,Hob Frying,
2786,Kitchen Worktop,Kitchen Worktop,
2787,Slicing Board,Slicing Board,
2788,Wood Trophy,Wood Trophy,
2789,Wood Trophy|meta|rot2,Wood Trophy,meta|rot2
2790,Wood Trophy|meta|rot3,Wood Trophy,meta|rot3
2791,Wood Trophy|meta|rot4,Wood Trophy,meta|rot4
2792,INTERNAL_MESH_Wood Trophy,INTERNAL_MESH_Wood Trophy,
2793,Stone Trophy,Stone Trophy,
2794,Stone Trophy|meta|rot2,Stone Trophy,meta|rot2
2795,Stone Trophy|meta|rot3,Stone Trophy,meta|rot3
2796,Stone Trophy|meta|rot4,Stone Trophy,meta|rot4
2797,INTERNAL_MESH_Stone Trophy,INTERNAL_MESH_Stone Trophy,
2798,Iron Trophy,Iron Trophy,
2799,Iron Trophy|meta|rot2,Iron Trophy,meta|rot2
2800,Iron Trophy|meta|rot3,Iron Trophy,meta|rot3
2801,Iron Trophy|meta|rot4,Iron Trophy,meta|rot4
2802,INTERNAL_MESH_Iron Trophy,INTERNAL_MESH_Iron Trophy,
2803,Diamond Trophy,Diamond Trophy,
2804,Diamond Trophy|meta|rot2,Diamond Trophy,meta|rot2
2805,Diamond Trophy|meta|rot3,Diamond Trophy,meta|rot3
2806,Diamond Trophy|meta|rot4,Diamond Trophy,meta|rot4
2807,INTERNAL_MESH_Diamond Trophy,INTERNAL_MESH_Diamond Trophy,
2808,Moonstone Trophy,Moonstone Trophy,
2809,Moonstone Trophy|meta|rot2,Moonstone Trophy,meta|rot2
2810,Moonstone Trophy|meta|rot3,Moonstone Trophy,meta|rot3
2811,Moonstone Trophy|meta|rot4,Moonstone Trophy,meta|rot4
2812,INTERNAL_MESH_Moonstone Trophy,INTERNAL_MESH_Moonstone Trophy,
2813,Black Wave,Black Wave,
2814,Blue Wave,Blue Wave,
2815,Brown Wave,Brown Wave,
2816,Cyan Wave,Cyan Wave,
2817,Green Wave,Green Wave,
2818,Grey Wave,Grey Wave,
2819,Light Blue Wave,Light Blue Wave,
2820,Light Grey Wave,Light Grey Wave,
2821,Lime Wave,Lime Wave,
2822,Magenta Wave,Magenta Wave,
2823,Orange Wave,Orange Wave,
2824,Pink Wave,Pink Wave,
2825,Purple Wave,Purple Wave,
2826,Red Wave,Red Wave,
2827,White Wave,White Wave,
2828,Yellow Wave,Yellow Wave,
2829,White Directional Arrow,White Directional Arrow,
2830,White Directional Arrow|meta|rot2,White Directional Arrow,meta|rot2
2831,White Directional Arrow|meta|rot3,White Directional Arrow,meta|rot3
2832,White Directional Arrow|meta|rot4,White Directional Arrow,meta|rot4
2833,Orange Directional Arrow,Orange Directional Arrow,
2834,Orange Directional Arrow|meta|rot2,Orange Directional Arrow,meta|rot2
2835,Orange Directional Arrow|meta|rot3,Orange Directional Arrow,meta|rot3
2836,Orange Directional Arrow|meta|rot4,Orange Directional Arrow,meta|rot4
2837,Magenta Directional Arrow,Magenta Directional Arrow,
2838,Magenta Directional Arrow|meta|rot2,Magenta Directional Arrow,meta|rot2
2839,Magenta Directional Arrow|meta|rot3,Magenta Directional Arrow,meta|rot3
2840,Magenta Directional Arrow|meta|rot4,Magenta Directional Arrow,meta|rot4
2841,Light Blue Directional Arrow,Light Blue Directional Arrow,
2842,Light Blue Directional Arrow|meta|rot2,Light Blue Directional Arrow,meta|rot2
2843,Light Blue Directional Arrow|meta|rot3,Light Blue Directional Arrow,meta|rot3
2844,Light Blue Directional Arrow|meta|rot4,Light Blue Directional Arrow,meta|rot4
2845,Yellow Directional Arrow,Yellow Directional Arrow,
2846,Yellow Directional Arrow|meta|rot2,Yellow Directional Arrow,meta|rot2
2847,Yellow Directional Arrow|meta|rot3,Yellow Directional Arrow,meta|rot3
2848,Yellow Directional Arrow|meta|rot4,Yellow Directional Arrow,meta|rot4
2849,Lime Directional Arrow,Lime Directional Arrow,
2850,Lime Directional Arrow|meta|rot2,Lime Directional Arrow,meta|rot2
2851,Lime Directional Arrow|meta|rot3,Lime Directional Arrow,meta|rot3
2852,Lime Directional Arrow|meta|rot4,Lime Directional Arrow,meta|rot4
2853,Pink Directional Arrow,Pink Directional Arrow,
2854,Pink Directional Arrow|meta|rot2,Pink Directional Arrow,meta|rot2
2855,Pink Directional Arrow|meta|rot3,Pink Directional Arrow,meta|rot3
2856,Pink Directional Arrow|meta|rot4,Pink Directional Arrow,meta|rot4
2857,Grey Directional Arrow,Grey Directional Arrow,
2858,Grey Directional Arrow|meta|rot2,Grey Directional Arrow,meta|rot2
2859,Grey Directional Arrow|meta|rot3,Grey Directional Arrow,meta|rot3
2860,Grey Directional Arrow|meta|rot4,Grey Directional Arrow,meta|rot4
2861,Light Grey Directional Arrow,Light Grey Directional Arrow,
2862,Light Grey Directional Arrow|meta|rot2,Light Grey Directional Arrow,meta|rot2
2863,Light Grey Directional Arrow|meta|rot3,Light Grey Directional Arrow,meta|rot3
2864,Light Grey Directional Arrow|meta|rot4,Light Grey Directional Arrow,meta|rot4
2865,Cyan Directional Arrow,Cyan Directional Arrow,
2866,Cyan Directional Arrow|meta|rot2,Cyan Directional Arrow,meta|rot2
2867,Cyan Directional Arrow|meta|rot3,Cyan Directional Arrow,meta|rot3
2868,Cyan Directional Arrow|meta|rot4,Cyan Directional Arrow,meta|rot4
2869,Purple Directional Arrow,Purple Directional Arrow,
2870,Purple Directional Arrow|meta|rot2,Purple Directional Arrow,meta|rot2
2871,Purple Directional Arrow|meta|rot3,Purple Directional Arrow,meta|rot3
2872,Purple Directional Arrow|meta|rot4,Purple Directional Arrow,meta|rot4
2873,Blue Directional Arrow,Blue Directional Arrow,
2874,Blue Directional Arrow|meta|rot2,Blue Directional Arrow,meta|rot2
2875,Blue Directional Arrow|meta|rot3,Blue Directional Arrow,meta|rot3
2876,Blue Directional Arrow|meta|rot4,Blue Directional Arrow,meta|rot4
2877,Brown Directional Arrow,Brown Directional Arrow,
2878,Brown Directional Arrow|meta|rot2,Brown Directional Arrow,meta|rot2
2879,Brown Directional Arrow|meta|rot3,Brown Directional Arrow,meta|rot3
2880,Brown Directional Arrow|meta|rot4,Brown Directional Arrow,meta|rot4
2881,Green Directional Arrow,Green Directional Arrow,
2882,Green Directional Arrow|meta|rot2,Green Directional Arrow,meta|rot2
2883,Green Directional Arrow|meta|rot3,Green Directional Arrow,meta|rot3
2884,Green Directional Arrow|meta|rot4,Green Directional Arrow,meta|rot4
2885,Red Directional Arrow,Red Directional Arrow,
2886,Red Directional Arrow|meta|rot2,Red Directional Arrow,meta|rot2
2887,Red Directional Arrow|meta|rot3,Red Directional Arrow,meta|rot3
2888,Red Directional Arrow|meta|rot4,Red Directional Arrow,meta|rot4
2889,Black Directional Arrow,Black Directional Arrow,
2890,Black Directional Arrow|meta|rot2,Black Directional Arrow,meta|rot2
2891,Black Directional Arrow|meta|rot3,Black Directional Arrow,meta|rot3
2892,Black Directional Arrow|meta|rot4,Black Directional Arrow,meta|rot4
2893,Bin,Bin,
2894,Vending Machine,Vending Machine,
2895,Vending Machine|meta|rot2,Vending Machine,meta|rot2
2896,Vending Machine|meta|rot3,Vending Machine,meta|rot3
2897,Vending Machine|meta|rot4,Vending Machine,meta|rot4
2898,_Vending Machine Top,_Vending Machine Top,
2899,_Vending Machine Top|meta|rot2,_Vending Machine Top,meta|rot2
2900,_Vending Machine Top|meta|rot3,_Vending Machine Top,meta|rot3
2901,_Vending Machine Top|meta|rot4,_Vending Machine Top,meta|rot4
2902,Job Application Statue,Job Application Statue,
2903,John Beef Statue,John Beef Statue,
2904,67 Statue,67 Statue,
2905,Coloured Wheel,Coloured Wheel,
2906,UFO,UFO,
2907,Torch,Torch,
2908,Torch|meta|rot1|top,Torch,meta|rot1|top
2909,Torch|meta|rot1|side,Torch,meta|rot1|side
2910,Torch|meta|rot2|side,Torch,meta|rot2|side
2911,Torch|meta|rot3|side,Torch,meta|rot3|side
2912,Torch|meta|rot4|side,Torch,meta|rot4|side
2913,Yellow Torch,Yellow Torch,
2914,Yellow Torch|meta|rot1|top,Yellow Torch,meta|rot1|top
2915,Yellow Torch|meta|rot1|side,Yellow Torch,meta|rot1|side
2916,Yellow Torch|meta|rot2|side,Yellow Torch,meta|rot2|side
2917,Yellow Torch|meta|rot3|side,Yellow Torch,meta|rot3|side
2918,Yellow Torch|meta|rot4|side,Yellow Torch,meta|rot4|side
2919,White Torch,White Torch,
2920,White Torch|meta|rot1|top,White Torch,meta|rot1|top
2921,White Torch|meta|rot1|side,White Torch,meta|rot1|side
2922,White Torch|meta|rot2|side,White Torch,meta|rot2|side
2923,White Torch|meta|rot3|side,White Torch,meta|rot3|side
2924,White Torch|meta|rot4|side,White Torch,meta|rot4|side
2925,Red Torch,Red Torch,
2926,Red Torch|meta|rot1|top,Red Torch,meta|rot1|top
2927,Red Torch|meta|rot1|side,Red Torch,meta|rot1|side
2928,Red Torch|meta|rot2|side,Red Torch,meta|rot2|side
2929,Red Torch|meta|rot3|side,Red Torch,meta|rot3|side
2930,Red Torch|meta|rot4|side,Red Torch,meta|rot4|side
2931,Purple Torch,Purple Torch,
2932,Purple Torch|meta|rot1|top,Purple Torch,meta|rot1|top
2933,Purple Torch|meta|rot1|side,Purple Torch,meta|rot1|side
2934,Purple Torch|meta|rot2|side,Purple Torch,meta|rot2|side
2935,Purple Torch|meta|rot3|side,Purple Torch,meta|rot3|side
2936,Purple Torch|meta|rot4|side,Purple Torch,meta|rot4|side
2937,Pink Torch,Pink Torch,
2938,Pink Torch|meta|rot1|top,Pink Torch,meta|rot1|top
2939,Pink Torch|meta|rot1|side,Pink Torch,meta|rot1|side
2940,Pink Torch|meta|rot2|side,Pink Torch,meta|rot2|side
2941,Pink Torch|meta|rot3|side,Pink Torch,meta|rot3|side
2942,Pink Torch|meta|rot4|side,Pink Torch,meta|rot4|side
2943,Orange Torch,Orange Torch,
2944,Orange Torch|meta|rot1|top,Orange Torch,meta|rot1|top
2945,Orange Torch|meta|rot1|side,Orange Torch,meta|rot1|side
2946,Orange Torch|meta|rot2|side,Orange Torch,meta|rot2|side
2947,Orange Torch|meta|rot3|side,Orange Torch,meta|rot3|side
2948,Orange Torch|meta|rot4|side,Orange Torch,meta|rot4|side
2949,Magenta Torch,Magenta Torch,
2950,Magenta Torch|meta|rot1|top,Magenta Torch,meta|rot1|top
2951,Magenta Torch|meta|rot1|side,Magenta Torch,meta|rot1|side
2952,Magenta Torch|meta|rot2|side,Magenta Torch,meta|rot2|side
2953,Magenta Torch|meta|rot3|side,Magenta Torch,meta|rot3|side
2954,Magenta Torch|meta|rot4|side,Magenta Torch,meta|rot4|side
2955,Lime Torch,Lime Torch,
2956,Lime Torch|meta|rot1|top,Lime Torch,meta|rot1|top
2957,Lime Torch|meta|rot1|side,Lime Torch,meta|rot1|side
2958,Lime Torch|meta|rot2|side,Lime Torch,meta|rot2|side
2959,Lime Torch|meta|rot3|side,Lime Torch,meta|rot3|side
2960,Lime Torch|meta|rot4|side,Lime Torch,meta|rot4|side
2961,Light Gray Torch,Light Gray Torch,
2962,Light Gray Torch|meta|rot1|top,Light Gray Torch,meta|rot1|top
2963,Light Gray Torch|meta|rot1|side,Light Gray Torch,meta|rot1|side
2964,Light Gray Torch|meta|rot2|side,Light Gray Torch,meta|rot2|side
2965,Light Gray Torch|meta|rot3|side,Light Gray Torch,meta|rot3|side
2966,Light Gray Torch|meta|rot4|side,Light Gray Torch,meta|rot4|side
2967,Light Blue Torch,Light Blue Torch,
2968,Light Blue Torch|meta|rot1|top,Light Blue Torch,meta|rot1|top
2969,Light Blue Torch|meta|rot1|side,Light Blue Torch,meta|rot1|side
2970,Light Blue Torch|meta|rot2|side,Light Blue Torch,meta|rot2|side
2971,Light Blue Torch|meta|rot3|side,Light Blue Torch,meta|rot3|side
2972,Light Blue Torch|meta|rot4|side,Light Blue Torch,meta|rot4|side
2973,Green Torch,Green Torch,
2974,Green Torch|meta|rot1|top,Green Torch,meta|rot1|top
2975,Green Torch|meta|rot1|side,Green Torch,meta|rot1|side
2976,Green Torch|meta|rot2|side,Green Torch,meta|rot2|side
2977,Green Torch|meta|rot3|side,Green Torch,meta|rot3|side
2978,Green Torch|meta|rot4|side,Green Torch,meta|rot4|side
2979,Gray Torch,Gray Torch,
2980,Gray Torch|meta|rot1|top,Gray Torch,meta|rot1|top
2981,Gray Torch|meta|rot1|side,Gray Torch,meta|rot1|side
2982,Gray Torch|meta|rot2|side,Gray Torch,meta|rot2|side
2983,Gray Torch|meta|rot3|side,Gray Torch,meta|rot3|side
2984,Gray Torch|meta|rot4|side,Gray Torch,meta|rot4|side
2985,Cyan Torch,Cyan Torch,
2986,Cyan Torch|meta|rot1|top,Cyan Torch,meta|rot1|top
2987,Cyan Torch|meta|rot1|side,Cyan Torch,meta|rot1|side
2988,Cyan Torch|meta|rot2|side,Cyan Torch,meta|rot2|side
2989,Cyan Torch|meta|rot3|side,Cyan Torch,meta|rot3|side
2990,Cyan Torch|meta|rot4|side,Cyan Torch,meta|rot4|side
2991,Brown Torch,Brown Torch,
2992,Brown Torch|meta|rot1|top,Brown Torch,meta|rot1|top
2993,Brown Torch|meta|rot1|side,Brown Torch,meta|rot1|side
2994,Brown Torch|meta|rot2|side,Brown Torch,meta|rot2|side
2995,Brown Torch|meta|rot3|side,Brown Torch,meta|rot3|side
2996,Brown Torch|meta|rot4|side,Brown Torch,meta|rot4|side
2997,Blue Torch,Blue Torch,
2998,Blue Torch|meta|rot1|top,Blue Torch,meta|rot1|top
2999,Blue Torch|meta|rot1|side,Blue Torch,meta|rot1|side
3000,Blue Torch|meta|rot2|side,Blue Torch,meta|rot2|side
3001,Blue Torch|meta|rot3|side,Blue Torch,meta|rot3|side
3002,Blue Torch|meta|rot4|side,Blue Torch,meta|rot4|side
3003,Black Torch,Black Torch,
3004,Black Torch|meta|rot1|top,Black Torch,meta|rot1|top
3005,Black Torch|meta|rot1|side,Black Torch,meta|rot1|side
3006,Black Torch|meta|rot2|side,Black Torch,meta|rot2|side
3007,Black Torch|meta|rot3|side,Black Torch,meta|rot3|side
3008,Black Torch|meta|rot4|side,Black Torch,meta|rot4|side
3009,Yellow Neon,Yellow Neon,
3010,White Neon,White Neon,
3011,Red Neon,Red Neon,
3012,Purple Neon,Purple Neon,
3013,Pink Neon,Pink Neon,
3014,Orange Neon,Orange Neon,
3015,Magenta Neon,Magenta Neon,
3016,Lime Neon,Lime Neon,
3017,Light Gray Neon,Light Gray Neon,
3018,Light Blue Neon,Light Blue Neon,
3019,Green Neon,Green Neon,
3020,Gray Neon,Gray Neon,
3021,Cyan Neon,Cyan Neon,
3022,Brown Neon,Brown Neon,
3023,Blue Neon,Blue Neon,
3024,Black Neon,Black Neon,
3025,Landing Pad,Landing Pad,
3026,Weak Jump Pad,Weak Jump Pad,
3027,Jump Pad,Jump Pad,
3028,Strong Jump Pad,Strong Jump Pad,
3029,Super Jump Pad,Super Jump Pad,
3030,Invisible Yellow Light,Invisible Yellow Light,
3031,Invisible White Light,Invisible White Light,
3032,Invisible Red Light,Invisible Red Light,
3033,Invisible Purple Light,Invisible Purple Light,
3034,Invisible Pink Light,Invisible Pink Light,
3035,Invisible Orange Light,Invisible Orange Light,
3036,Invisible Magenta Light,Invisible Magenta Light,
3037,Invisible Lime Light,Invisible Lime Light,
3038,Invisible Light Gray Light,Invisible Light Gray Light,
3039,Invisible Light Blue Light,Invisible Light Blue Light,
3040,Invisible Green Light,Invisible Green Light,
3041,Invisible Gray Light,Invisible Gray Light,
3042,Invisible Cyan Light,Invisible Cyan Light,
3043,Invisible Brown Light,Invisible Brown Light,
3044,Invisible Blue Light,Invisible Blue Light,
3045,Invisible Black Light,Invisible Black Light,
3046,Invisible Sky Light,Invisible Sky Light,
3047,Dirt|PineGrassRoots,Dirt,PineGrassRoots
3048,Dirt|JungleGrassRoots,Dirt,JungleGrassRoots
3049,Gun Lucky Block,Gun Lucky Block,
3050,Ghost Chest,Ghost Chest,
3051,Ghost Lucky Block,Ghost Lucky Block,
3052,Ghost Mystery Block,Ghost Mystery Block,
3053,Football,Football,
3054,Pet Lucky Block,Pet Lucky Block,
3055,Glowing Mushroom,Glowing Mushroom,
3056,Glowing Mushroom|meta|rot1|top,Glowing Mushroom,meta|rot1|top
3057,Glowing Mushroom|meta|rot1|side,Glowing Mushroom,meta|rot1|side
3058,Glowing Mushroom|meta|rot2|side,Glowing Mushroom,meta|rot2|side
3059,Glowing Mushroom|meta|rot3|side,Glowing Mushroom,meta|rot3|side
3060,Glowing Mushroom|meta|rot4|side,Glowing Mushroom,meta|rot4|side
3061,Crystal,Crystal,
3062,Crystal|meta|rot1|top,Crystal,meta|rot1|top
3063,Crystal|meta|rot1|side,Crystal,meta|rot1|side
3064,Crystal|meta|rot2|side,Crystal,meta|rot2|side
3065,Crystal|meta|rot3|side,Crystal,meta|rot3|side
3066,Crystal|meta|rot4|side,Crystal,meta|rot4|side
3067,Slime Trail,Slime Trail,
3068,Slime Trail|meta|rot2,Slime Trail,meta|rot2
3069,Slime Trail|meta|rot3,Slime Trail,meta|rot3
3070,Slime Trail|meta|rot4,Slime Trail,meta|rot4
3071,Overgrown Grass Block,Overgrown Grass Block,
3072,Overgrown Pine Grass Block,Overgrown Pine Grass Block,
3073,Overgrown Jungle Grass Block,Overgrown Jungle Grass Block,
3074,Smoke Block,Smoke Block,
3075,Pipe,Pipe,
3076,Pipe|meta|conn|nx,Pipe,meta|conn|nx
3077,Pipe|meta|conn|ny,Pipe,meta|conn|ny
3078,Pipe|meta|conn|nz,Pipe,meta|conn|nz
3079,Pipe|meta|conn|px,Pipe,meta|conn|px
3080,Pipe|meta|conn|py,Pipe,meta|conn|py
3081,Pipe|meta|conn|pz,Pipe,meta|conn|pz
3082,Pipe|meta|conn|nx_ny,Pipe,meta|conn|nx_ny
3083,Pipe|meta|conn|nx_nz,Pipe,meta|conn|nx_nz
3084,Pipe|meta|conn|nx_px,Pipe,meta|conn|nx_px
3085,Pipe|meta|conn|nx_py,Pipe,meta|conn|nx_py
3086,Pipe|meta|conn|nx_pz,Pipe,meta|conn|nx_pz
3087,Pipe|meta|conn|ny_nz,Pipe,meta|conn|ny_nz
3088,Pipe|meta|conn|ny_px,Pipe,meta|conn|ny_px
3089,Pipe|meta|conn|ny_py,Pipe,meta|conn|ny_py
3090,Pipe|meta|conn|ny_pz,Pipe,meta|conn|ny_pz
3091,Pipe|meta|conn|nz_px,Pipe,meta|conn|nz_px
3092,Pipe|meta|conn|nz_py,Pipe,meta|conn|nz_py
3093,Pipe|meta|conn|nz_pz,Pipe,meta|conn|nz_pz
3094,Pipe|meta|conn|px_py,Pipe,meta|conn|px_py
3095,Pipe|meta|conn|px_pz,Pipe,meta|conn|px_pz
3096,Pipe|meta|conn|py_pz,Pipe,meta|conn|py_pz
3097,Auto Miner,Auto Miner,
3098,Auto Miner|meta|rot2,Auto Miner,meta|rot2
3099,Auto Miner|meta|rot3,Auto Miner,meta|rot3
3100,Auto Miner|meta|rot4,Auto Miner,meta|rot4
3101,_Auto Miner Drill Front,_Auto Miner Drill Front,
3102,_Auto Miner Drill Front|meta|rot2,_Auto Miner Drill Front,meta|rot2
3103,_Auto Miner Drill Front|meta|rot3,_Auto Miner Drill Front,meta|rot3
3104,_Auto Miner Drill Front|meta|rot4,_Auto Miner Drill Front,meta|rot4
3105,_Auto Miner Drill Back,_Auto Miner Drill Back,
3106,_Auto Miner Drill Back|meta|rot2,_Auto Miner Drill Back,meta|rot2
3107,_Auto Miner Drill Back|meta|rot3,_Auto Miner Drill Back,meta|rot3
3108,_Auto Miner Drill Back|meta|rot4,_Auto Miner Drill Back,meta|rot4
3109,_Auto Miner Foot Front,_Auto Miner Foot Front,
3110,_Auto Miner Foot Front|meta|rot2,_Auto Miner Foot Front,meta|rot2
3111,_Auto Miner Foot Front|meta|rot3,_Auto Miner Foot Front,meta|rot3
3112,_Auto Miner Foot Front|meta|rot4,_Auto Miner Foot Front,meta|rot4
3113,_Auto Miner Body,_Auto Miner Body,
3114,_Auto Miner Body|meta|rot2,_Auto Miner Body,meta|rot2
3115,_Auto Miner Body|meta|rot3,_Auto Miner Body,meta|rot3
3116,_Auto Miner Body|meta|rot4,_Auto Miner Body,meta|rot4
3117,Auto Crafter,Auto Crafter,
3118,Rocket Ship,Rocket Ship,
3119,_Rocket Ship Southwest L2,_Rocket Ship Southwest L2,
3120,_Rocket Ship Southwest L3,_Rocket Ship Southwest L3,
3121,_Rocket Ship Southwest L4,_Rocket Ship Southwest L4,
3122,_Rocket Ship Southwest L5,_Rocket Ship Southwest L5,
3123,_Rocket Ship Southeast L1,_Rocket Ship Southeast L1,
3124,_Rocket Ship Southeast L2,_Rocket Ship Southeast L2,
3125,_Rocket Ship Southeast L3,_Rocket Ship Southeast L3,
3126,_Rocket Ship Southeast L4,_Rocket Ship Southeast L4,
3127,_Rocket Ship Southeast L5,_Rocket Ship Southeast L5,
3128,_Rocket Ship Northwest L1,_Rocket Ship Northwest L1,
3129,_Rocket Ship Northwest L2,_Rocket Ship Northwest L2,
3130,_Rocket Ship Northwest L3,_Rocket Ship Northwest L3,
3131,_Rocket Ship Northwest L4,_Rocket Ship Northwest L4,
3132,_Rocket Ship Northwest L5,_Rocket Ship Northwest L5,
3133,_Rocket Ship Northeast L1,_Rocket Ship Northeast L1,
3134,_Rocket Ship Northeast L2,_Rocket Ship Northeast L2,
3135,_Rocket Ship Northeast L3,_Rocket Ship Northeast L3,
3136,_Rocket Ship Northeast L4,_Rocket Ship Northeast L4,
3137,_Rocket Ship Northeast L5,_Rocket Ship Northeast L5,
3138,Rocket Ship S2,Rocket Ship S2,
3139,Rocket Ship S3,Rocket Ship S3,
3140,Rocket Ship S4,Rocket Ship S4,
3141,Rocket Ship S5,Rocket Ship S5,
3142,INTERNAL_MESH_Rocket Ship Full,INTERNAL_MESH_Rocket Ship Full,
3143,Extractor Pipe,Extractor Pipe,
3144,Extractor Pipe|meta|conn|nx,Extractor Pipe,meta|conn|nx
3145,Extractor Pipe|meta|conn|ny,Extractor Pipe,meta|conn|ny
3146,Extractor Pipe|meta|conn|nz,Extractor Pipe,meta|conn|nz
3147,Extractor Pipe|meta|conn|px,Extractor Pipe,meta|conn|px
3148,Extractor Pipe|meta|conn|py,Extractor Pipe,meta|conn|py
3149,Extractor Pipe|meta|conn|pz,Extractor Pipe,meta|conn|pz
3150,Extractor Pipe|meta|conn|nx_ny,Extractor Pipe,meta|conn|nx_ny
3151,Extractor Pipe|meta|conn|nx_nz,Extractor Pipe,meta|conn|nx_nz
3152,Extractor Pipe|meta|conn|nx_px,Extractor Pipe,meta|conn|nx_px
3153,Extractor Pipe|meta|conn|nx_py,Extractor Pipe,meta|conn|nx_py
3154,Extractor Pipe|meta|conn|nx_pz,Extractor Pipe,meta|conn|nx_pz
3155,Extractor Pipe|meta|conn|ny_nz,Extractor Pipe,meta|conn|ny_nz
3156,Extractor Pipe|meta|conn|ny_px,Extractor Pipe,meta|conn|ny_px
3157,Extractor Pipe|meta|conn|ny_py,Extractor Pipe,meta|conn|ny_py
3158,Extractor Pipe|meta|conn|ny_pz,Extractor Pipe,meta|conn|ny_pz
3159,Extractor Pipe|meta|conn|nz_px,Extractor Pipe,meta|conn|nz_px
3160,Extractor Pipe|meta|conn|nz_py,Extractor Pipe,meta|conn|nz_py
3161,Extractor Pipe|meta|conn|nz_pz,Extractor Pipe,meta|conn|nz_pz
3162,Extractor Pipe|meta|conn|px_py,Extractor Pipe,meta|conn|px_py
3163,Extractor Pipe|meta|conn|px_pz,Extractor Pipe,meta|conn|px_pz
3164,Extractor Pipe|meta|conn|py_pz,Extractor Pipe,meta|conn|py_pz
3165,Splitter Pipe,Splitter Pipe,
3166,Solar Panel,Solar Panel,
3167,Solar Panel|meta|rot2,Solar Panel,meta|rot2
3168,Solar Panel|meta|rot3,Solar Panel,meta|rot3
3169,Solar Panel|meta|rot4,Solar Panel,meta|rot4
3170,_Solar Panel SE,_Solar Panel SE,
3171,_Solar Panel SE|meta|rot2,_Solar Panel SE,meta|rot2
3172,_Solar Panel SE|meta|rot3,_Solar Panel SE,meta|rot3
3173,_Solar Panel SE|meta|rot4,_Solar Panel SE,meta|rot4
3174,_Solar Panel NW,_Solar Panel NW,
3175,_Solar Panel NW|meta|rot2,_Solar Panel NW,meta|rot2
3176,_Solar Panel NW|meta|rot3,_Solar Panel NW,meta|rot3
3177,_Solar Panel NW|meta|rot4,_Solar Panel NW,meta|rot4
3178,_Solar Panel NE,_Solar Panel NE,
3179,_Solar Panel NE|meta|rot2,_Solar Panel NE,meta|rot2
3180,_Solar Panel NE|meta|rot3,_Solar Panel NE,meta|rot3
3181,_Solar Panel NE|meta|rot4,_Solar Panel NE,meta|rot4
3182,Wire,Wire,
3183,Wire|meta|conn|nx,Wire,meta|conn|nx
3184,Wire|meta|conn|ny,Wire,meta|conn|ny
3185,Wire|meta|conn|nz,Wire,meta|conn|nz
3186,Wire|meta|conn|px,Wire,meta|conn|px
3187,Wire|meta|conn|py,Wire,meta|conn|py
3188,Wire|meta|conn|pz,Wire,meta|conn|pz
3189,Wire|meta|conn|nx_ny,Wire,meta|conn|nx_ny
3190,Wire|meta|conn|nx_nz,Wire,meta|conn|nx_nz
3191,Wire|meta|conn|nx_px,Wire,meta|conn|nx_px
3192,Wire|meta|conn|nx_py,Wire,meta|conn|nx_py
3193,Wire|meta|conn|nx_pz,Wire,meta|conn|nx_pz
3194,Wire|meta|conn|ny_nz,Wire,meta|conn|ny_nz
3195,Wire|meta|conn|ny_px,Wire,meta|conn|ny_px
3196,Wire|meta|conn|ny_py,Wire,meta|conn|ny_py
3197,Wire|meta|conn|ny_pz,Wire,meta|conn|ny_pz
3198,Wire|meta|conn|nz_px,Wire,meta|conn|nz_px
3199,Wire|meta|conn|nz_py,Wire,meta|conn|nz_py
3200,Wire|meta|conn|nz_pz,Wire,meta|conn|nz_pz
3201,Wire|meta|conn|px_py,Wire,meta|conn|px_py
3202,Wire|meta|conn|px_pz,Wire,meta|conn|px_pz
3203,Wire|meta|conn|py_pz,Wire,meta|conn|py_pz
3204,Filter Pipe,Filter Pipe,
3205,Filter Pipe|meta|input|nx,Filter Pipe,meta|input|nx
3206,Filter Pipe|meta|input|ny,Filter Pipe,meta|input|ny
3207,Filter Pipe|meta|input|nz,Filter Pipe,meta|input|nz
3208,Filter Pipe|meta|input|px,Filter Pipe,meta|input|px
3209,Filter Pipe|meta|input|py,Filter Pipe,meta|input|py
3210,Merger Pipe,Merger Pipe,
3211,Merger Pipe|meta|output|nx,Merger Pipe,meta|output|nx
3212,Merger Pipe|meta|output|ny,Merger Pipe,meta|output|ny
3213,Merger Pipe|meta|output|nz,Merger Pipe,meta|output|nz
3214,Merger Pipe|meta|output|px,Merger Pipe,meta|output|px
3215,Merger Pipe|meta|output|py,Merger Pipe,meta|output|py
3216,Auto Harvester,Auto Harvester,
3217,Stalker Spawner Block,Stalker Spawner Block,
3218,Lunite Ore,Lunite Ore,
3219,Block of Lunite,Block of Lunite,
3220,Lunite Auto Miner,Lunite Auto Miner,
3221,Lunite Auto Miner|meta|rot2,Lunite Auto Miner,meta|rot2
3222,Lunite Auto Miner|meta|rot3,Lunite Auto Miner,meta|rot3
3223,Lunite Auto Miner|meta|rot4,Lunite Auto Miner,meta|rot4
3224,_Lunite Auto Miner Drill Front,_Lunite Auto Miner Drill Front,
3225,_Lunite Auto Miner Drill Front|meta|rot2,_Lunite Auto Miner Drill Front,meta|rot2
3226,_Lunite Auto Miner Drill Front|meta|rot3,_Lunite Auto Miner Drill Front,meta|rot3
3227,_Lunite Auto Miner Drill Front|meta|rot4,_Lunite Auto Miner Drill Front,meta|rot4
3228,_Lunite Auto Miner Drill Back,_Lunite Auto Miner Drill Back,
3229,_Lunite Auto Miner Drill Back|meta|rot2,_Lunite Auto Miner Drill Back,meta|rot2
3230,_Lunite Auto Miner Drill Back|meta|rot3,_Lunite Auto Miner Drill Back,meta|rot3
3231,_Lunite Auto Miner Drill Back|meta|rot4,_Lunite Auto Miner Drill Back,meta|rot4
3232,_Lunite Auto Miner Foot Front,_Lunite Auto Miner Foot Front,
3233,_Lunite Auto Miner Foot Front|meta|rot2,_Lunite Auto Miner Foot Front,meta|rot2
3234,_Lunite Auto Miner Foot Front|meta|rot3,_Lunite Auto Miner Foot Front,meta|rot3
3235,_Lunite Auto Miner Foot Front|meta|rot4,_Lunite Auto Miner Foot Front,meta|rot4
3236,_Lunite Auto Miner Body,_Lunite Auto Miner Body,
3237,_Lunite Auto Miner Body|meta|rot2,_Lunite Auto Miner Body,meta|rot2
3238,_Lunite Auto Miner Body|meta|rot3,_Lunite Auto Miner Body,meta|rot3
3239,_Lunite Auto Miner Body|meta|rot4,_Lunite Auto Miner Body,meta|rot4
3240,Lunite Auto Crafter,Lunite Auto Crafter,
3241,Lunite Auto Harvester,Lunite Auto Harvester,
3242,Bowling Alley Floor,Bowling Alley Floor,
3243,Crone Spawner Block,Crone Spawner Block,
3244,Slime Spawner Block,Slime Spawner Block,
3245,Slime Trail|meta|rot1|Decaying,Slime Trail,meta|rot1|Decaying
3246,Slime Trail|meta|rot2|Decaying,Slime Trail,meta|rot2|Decaying
3247,Slime Trail|meta|rot3|Decaying,Slime Trail,meta|rot3|Decaying
3248,Slime Trail|meta|rot4|Decaying,Slime Trail,meta|rot4|Decaying
3249,Iron Guardian Spawner Block,Iron Guardian Spawner Block,
3250,Gold Guardian Spawner Block,Gold Guardian Spawner Block,
3251,Diamond Guardian Spawner Block,Diamond Guardian Spawner Block,
3252,Moonstone Guardian Spawner Block,Moonstone Guardian Spawner Block,
3253,Wood Pickaxe,Wood Pickaxe,
3254,Stone Pickaxe,Stone Pickaxe,
3255,Iron Pickaxe,Iron Pickaxe,
3256,Gold Pickaxe,Gold Pickaxe,
3257,Diamond Pickaxe,Diamond Pickaxe,
3258,Moonstone Pickaxe,Moonstone Pickaxe,
3259,Golem Pickaxe,Golem Pickaxe,
3260,Wood Axe,Wood Axe,
3261,Stone Axe,Stone Axe,
3262,Iron Axe,Iron Axe,
3263,Gold Axe,Gold Axe,
3264,Diamond Axe,Diamond Axe,
3265,Moonstone Axe,Moonstone Axe,
3266,Artisan Axe,Artisan Axe,
3267,Wood Spade,Wood Spade,
3268,Stone Spade,Stone Spade,
3269,Iron Spade,Iron Spade,
3270,Gold Spade,Gold Spade,
3271,Diamond Spade,Diamond Spade,
3272,Wood Sword,Wood Sword,
3273,Stone Sword,Stone Sword,
3274,Iron Sword,Iron Sword,
3275,Gold Sword,Gold Sword,
3276,Diamond Sword,Diamond Sword,
3277,Knight Sword,Knight Sword,
3278,Wood Hoe,Wood Hoe,
3279,Stone Hoe,Stone Hoe,
3280,Iron Hoe,Iron Hoe,
3281,Gold Hoe,Gold Hoe,
3282,Diamond Hoe,Diamond Hoe,
3283,Flashlight,Flashlight,
3284,Mining Helmet,Mining Helmet,
3285,Wood Helmet,Wood Helmet,
3286,Iron Helmet,Iron Helmet,
3287,Gold Helmet,Gold Helmet,
3288,Diamond Helmet,Diamond Helmet,
3289,Wood Chestplate,Wood Chestplate,
3290,Iron Chestplate,Iron Chestplate,
3291,Gold Chestplate,Gold Chestplate,
3292,Diamond Chestplate,Diamond Chestplate,
3293,Fur Chestplate,Fur Chestplate,
3294,Wood Leggings,Wood Leggings,
3295,Iron Leggings,Iron Leggings,
3296,Gold Leggings,Gold Leggings,
3297,Diamond Leggings,Diamond Leggings,
3298,Wood Boots,Wood Boots,
3299,Iron Boots,Iron Boots,
3300,Gold Boots,Gold Boots,
3301,Diamond Boots,Diamond Boots,
3302,Spiked Boots,Spiked Boots,
3303,Wood Gauntlets,Wood Gauntlets,
3304,Iron Gauntlets,Iron Gauntlets,
3305,Gold Gauntlets,Gold Gauntlets,
3306,Diamond Gauntlets,Diamond Gauntlets,
3307,Military Helmet,Military Helmet,
3308,Military Chestplate,Military Chestplate,
3309,Military Gauntlets,Military Gauntlets,
3310,Military Leggings,Military Leggings,
3311,Military Boots,Military Boots,
3312,White Wood Helmet,White Wood Helmet,
3313,White Wood Chestplate,White Wood Chestplate,
3314,White Wood Leggings,White Wood Leggings,
3315,White Wood Boots,White Wood Boots,
3316,White Wood Gauntlets,White Wood Gauntlets,
3317,Orange Wood Helmet,Orange Wood Helmet,
3318,Orange Wood Chestplate,Orange Wood Chestplate,
3319,Orange Wood Leggings,Orange Wood Leggings,
3320,Orange Wood Boots,Orange Wood Boots,
3321,Orange Wood Gauntlets,Orange Wood Gauntlets,
3322,Magenta Wood Helmet,Magenta Wood Helmet,
3323,Magenta Wood Chestplate,Magenta Wood Chestplate,
3324,Magenta Wood Leggings,Magenta Wood Leggings,
3325,Magenta Wood Boots,Magenta Wood Boots,
3326,Magenta Wood Gauntlets,Magenta Wood Gauntlets,
3327,Light Blue Wood Helmet,Light Blue Wood Helmet,
3328,Light Blue Wood Chestplate,Light Blue Wood Chestplate,
3329,Light Blue Wood Leggings,Light Blue Wood Leggings,
3330,Light Blue Wood Boots,Light Blue Wood Boots,
3331,Light Blue Wood Gauntlets,Light Blue Wood Gauntlets,
3332,Yellow Wood Helmet,Yellow Wood Helmet,
3333,Yellow Wood Chestplate,Yellow Wood Chestplate,
3334,Yellow Wood Leggings,Yellow Wood Leggings,
3335,Yellow Wood Boots,Yellow Wood Boots,
3336,Yellow Wood Gauntlets,Yellow Wood Gauntlets,
3337,Lime Wood Helmet,Lime Wood Helmet,
3338,Lime Wood Chestplate,Lime Wood Chestplate,
3339,Lime Wood Leggings,Lime Wood Leggings,
3340,Lime Wood Boots,Lime Wood Boots,
3341,Lime Wood Gauntlets,Lime Wood Gauntlets,
3342,Pink Wood Helmet,Pink Wood Helmet,
3343,Pink Wood Chestplate,Pink Wood Chestplate,
3344,Pink Wood Leggings,Pink Wood Leggings,
3345,Pink Wood Boots,Pink Wood Boots,
3346,Pink Wood Gauntlets,Pink Wood Gauntlets,
3347,Gray Wood Helmet,Gray Wood Helmet,
3348,Gray Wood Chestplate,Gray Wood Chestplate,
3349,Gray Wood Leggings,Gray Wood Leggings,
3350,Gray Wood Boots,Gray Wood Boots,
3351,Gray Wood Gauntlets,Gray Wood Gauntlets,
3352,Light Gray Wood Helmet,Light Gray Wood Helmet,
3353,Light Gray Wood Chestplate,Light Gray Wood Chestplate,
3354,Light Gray Wood Leggings,Light Gray Wood Leggings,
3355,Light Gray Wood Boots,Light Gray Wood Boots,
3356,Light Gray Wood Gauntlets,Light Gray Wood Gauntlets,
3357,Cyan Wood Helmet,Cyan Wood Helmet,
3358,Cyan Wood Chestplate,Cyan Wood Chestplate,
3359,Cyan Wood Leggings,Cyan Wood Leggings,
3360,Cyan Wood Boots,Cyan Wood Boots,
3361,Cyan Wood Gauntlets,Cyan Wood Gauntlets,
3362,Purple Wood Helmet,Purple Wood Helmet,
3363,Purple Wood Chestplate,Purple Wood Chestplate,
3364,Purple Wood Leggings,Purple Wood Leggings,
3365,Purple Wood Boots,Purple Wood Boots,
3366,Purple Wood Gauntlets,Purple Wood Gauntlets,
3367,Blue Wood Helmet,Blue Wood Helmet,
3368,Blue Wood Chestplate,Blue Wood Chestplate,
3369,Blue Wood Leggings,Blue Wood Leggings,
3370,Blue Wood Boots,Blue Wood Boots,
3371,Blue Wood Gauntlets,Blue Wood Gauntlets,
3372,Brown Wood Helmet,Brown Wood Helmet,
3373,Brown Wood Chestplate,Brown Wood Chestplate,
3374,Brown Wood Leggings,Brown Wood Leggings,
3375,Brown Wood Boots,Brown Wood Boots,
3376,Brown Wood Gauntlets,Brown Wood Gauntlets,
3377,Green Wood Helmet,Green Wood Helmet,
3378,Green Wood Chestplate,Green Wood Chestplate,
3379,Green Wood Leggings,Green Wood Leggings,
3380,Green Wood Boots,Green Wood Boots,
3381,Green Wood Gauntlets,Green Wood Gauntlets,
3382,Red Wood Helmet,Red Wood Helmet,
3383,Red Wood Chestplate,Red Wood Chestplate,
3384,Red Wood Leggings,Red Wood Leggings,
3385,Red Wood Boots,Red Wood Boots,
3386,Red Wood Gauntlets,Red Wood Gauntlets,
3387,Black Wood Helmet,Black Wood Helmet,
3388,Black Wood Chestplate,Black Wood Chestplate,
3389,Black Wood Leggings,Black Wood Leggings,
3390,Black Wood Boots,Black Wood Boots,
3391,Black Wood Gauntlets,Black Wood Gauntlets,
3392,Shears,Shears,
3393,Artisan Shears,Artisan Shears,
3394,Stick,Stick,
3395,Coal,Coal,
3396,Raw Iron,Raw Iron,
3397,Iron Bar,Iron Bar,
3398,Iron Fragment,Iron Fragment,
3399,Raw Gold,Raw Gold,
3400,Gold Bar,Gold Bar,
3401,Gold Fragment,Gold Fragment,
3402,Diamond,Diamond,
3403,Diamond Fragment,Diamond Fragment,
3404,Moonstone,Moonstone,
3405,Lunite,Lunite,
3406,Moonstone Fragment,Moonstone Fragment,
3407,Bowl,Bowl,
3408,Partially Full Bowl of Cranberries,Partially Full Bowl of Cranberries,
3409,Half Full Bowl of Cranberries,Half Full Bowl of Cranberries,
3410,Nearly Full Bowl of Cranberries,Nearly Full Bowl of Cranberries,
3411,Bowl of Cranberries,Bowl of Cranberries,
3412,Mushroom Soup,Mushroom Soup,
3413,Glowing Soup,Glowing Soup,
3414,Night Vision Soup,Night Vision Soup,
3415,Cotton,Cotton,
3416,Gold Crop,Gold Crop,
3417,Bucket,Bucket,
3418,Water Bucket,Water Bucket,
3419,Lava Bucket,Lava Bucket,
3420,Boat,Boat,
3421,INTERNAL_MESH_Boat,INTERNAL_MESH_Boat,
3422,Obsidian Boat,Obsidian Boat,
3423,INTERNAL_MESH_Obsidian Boat,INTERNAL_MESH_Obsidian Boat,
3424,Speedboat,Speedboat,
3425,INTERNAL_MESH_Speedboat,INTERNAL_MESH_Speedboat,
3426,Wood Hang Glider,Wood Hang Glider,
3427,INTERNAL_MESH_Wood Hang Glider,INTERNAL_MESH_Wood Hang Glider,
3428,Iron Hang Glider,Iron Hang Glider,
3429,INTERNAL_MESH_Iron Hang Glider,INTERNAL_MESH_Iron Hang Glider,
3430,Gold Hang Glider,Gold Hang Glider,
3431,INTERNAL_MESH_Gold Hang Glider,INTERNAL_MESH_Gold Hang Glider,
3432,Diamond Hang Glider,Diamond Hang Glider,
3433,INTERNAL_MESH_Diamond Hang Glider,INTERNAL_MESH_Diamond Hang Glider,
3434,Hovercraft,Hovercraft,
3435,INTERNAL_MESH_Hovercraft,INTERNAL_MESH_Hovercraft,
3436,Yellow Kart,Yellow Kart,
3437,White Kart,White Kart,
3438,Red Kart,Red Kart,
3439,Purple Kart,Purple Kart,
3440,Pink Kart,Pink Kart,
3441,Orange Kart,Orange Kart,
3442,Magenta Kart,Magenta Kart,
3443,Lime Kart,Lime Kart,
3444,Light Gray Kart,Light Gray Kart,
3445,Light Blue Kart,Light Blue Kart,
3446,Green Kart,Green Kart,
3447,Gray Kart,Gray Kart,
3448,Cyan Kart,Cyan Kart,
3449,Brown Kart,Brown Kart,
3450,Blue Kart,Blue Kart,
3451,Black Kart,Black Kart,
3452,INTERNAL_MESH_Yellow Kart,INTERNAL_MESH_Yellow Kart,
3453,INTERNAL_MESH_White Kart,INTERNAL_MESH_White Kart,
3454,INTERNAL_MESH_Red Kart,INTERNAL_MESH_Red Kart,
3455,INTERNAL_MESH_Purple Kart,INTERNAL_MESH_Purple Kart,
3456,INTERNAL_MESH_Pink Kart,INTERNAL_MESH_Pink Kart,
3457,INTERNAL_MESH_Orange Kart,INTERNAL_MESH_Orange Kart,
3458,INTERNAL_MESH_Magenta Kart,INTERNAL_MESH_Magenta Kart,
3459,INTERNAL_MESH_Lime Kart,INTERNAL_MESH_Lime Kart,
3460,INTERNAL_MESH_Light Gray Kart,INTERNAL_MESH_Light Gray Kart,
3461,INTERNAL_MESH_Light Blue Kart,INTERNAL_MESH_Light Blue Kart,
3462,INTERNAL_MESH_Green Kart,INTERNAL_MESH_Green Kart,
3463,INTERNAL_MESH_Gray Kart,INTERNAL_MESH_Gray Kart,
3464,INTERNAL_MESH_Cyan Kart,INTERNAL_MESH_Cyan Kart,
3465,INTERNAL_MESH_Brown Kart,INTERNAL_MESH_Brown Kart,
3466,INTERNAL_MESH_Blue Kart,INTERNAL_MESH_Blue Kart,
3467,INTERNAL_MESH_Black Kart,INTERNAL_MESH_Black Kart,
3468,Off Roader,Off Roader,
3469,INTERNAL_MESH_Off Roader,INTERNAL_MESH_Off Roader,
3470,Light Blue Car,Light Blue Car,
3471,INTERNAL_MESH_Car,INTERNAL_MESH_Car,
3472,Snowball,Snowball,
3473,Snowball Launcher,Snowball Launcher,
3474,Pebble,Pebble,
3475,Reinforced Pebble,Reinforced Pebble,
3476,Bullet,Bullet,
3477,Ball,Ball,
3478,Reinforced Ball,Reinforced Ball,
3479,Frag Grenade,Frag Grenade,
3480,Mining Grenade,Mining Grenade,
3481,Smoke Grenade,Smoke Grenade,
3482,Moonstone Orb,Moonstone Orb,
3483,Fireball,Fireball,
3484,Bouncy Bomb,Bouncy Bomb,
3485,RPG,RPG,
3486,Obby RPG,Obby RPG,
3487,Super RPG,Super RPG,
3488,Grenade Launcher,Grenade Launcher,
3489,Iceball,Iceball,
3490,67 Base Projectile,67 Base Projectile,
3491,67 Boosted Projectile,67 Boosted Projectile,
3492,Capitano Grenade,Capitano Grenade,
3493,Scatter Pellet,Scatter Pellet,
3494,Wood Bow,Wood Bow,
3495,Wood Bow|meta|charging2,Wood Bow,meta|charging2
3496,Wood Bow|meta|charging3,Wood Bow,meta|charging3
3497,Wood Bow|meta|charging4,Wood Bow,meta|charging4
3498,Stone Bow,Stone Bow,
3499,Stone Bow|meta|charging2,Stone Bow,meta|charging2
3500,Stone Bow|meta|charging3,Stone Bow,meta|charging3
3501,Stone Bow|meta|charging4,Stone Bow,meta|charging4
3502,Iron Bow,Iron Bow,
3503,Iron Bow|meta|charging2,Iron Bow,meta|charging2
3504,Iron Bow|meta|charging3,Iron Bow,meta|charging3
3505,Iron Bow|meta|charging4,Iron Bow,meta|charging4
3506,Gold Bow,Gold Bow,
3507,Gold Bow|meta|charging2,Gold Bow,meta|charging2
3508,Gold Bow|meta|charging3,Gold Bow,meta|charging3
3509,Gold Bow|meta|charging4,Gold Bow,meta|charging4
3510,Diamond Bow,Diamond Bow,
3511,Diamond Bow|meta|charging2,Diamond Bow,meta|charging2
3512,Diamond Bow|meta|charging3,Diamond Bow,meta|charging3
3513,Diamond Bow|meta|charging4,Diamond Bow,meta|charging4
3514,Wood Crossbow,Wood Crossbow,
3515,Wood Crossbow|meta|charging2,Wood Crossbow,meta|charging2
3516,Wood Crossbow|meta|charging3,Wood Crossbow,meta|charging3
3517,Wood Crossbow|meta|charging4,Wood Crossbow,meta|charging4
3518,Stone Crossbow,Stone Crossbow,
3519,Stone Crossbow|meta|charging2,Stone Crossbow,meta|charging2
3520,Stone Crossbow|meta|charging3,Stone Crossbow,meta|charging3
3521,Stone Crossbow|meta|charging4,Stone Crossbow,meta|charging4
3522,Iron Crossbow,Iron Crossbow,
3523,Iron Crossbow|meta|charging2,Iron Crossbow,meta|charging2
3524,Iron Crossbow|meta|charging3,Iron Crossbow,meta|charging3
3525,Iron Crossbow|meta|charging4,Iron Crossbow,meta|charging4
3526,Gold Crossbow,Gold Crossbow,
3527,Gold Crossbow|meta|charging2,Gold Crossbow,meta|charging2
3528,Gold Crossbow|meta|charging3,Gold Crossbow,meta|charging3
3529,Gold Crossbow|meta|charging4,Gold Crossbow,meta|charging4
3530,Diamond Crossbow,Diamond Crossbow,
3531,Diamond Crossbow|meta|charging2,Diamond Crossbow,meta|charging2
3532,Diamond Crossbow|meta|charging3,Diamond Crossbow,meta|charging3
3533,Diamond Crossbow|meta|charging4,Diamond Crossbow,meta|charging4
3534,Wood Crossbow Charged,Wood Crossbow Charged,
3535,Stone Crossbow Charged,Stone Crossbow Charged,
3536,Iron Crossbow Charged,Iron Crossbow Charged,
3537,Gold Crossbow Charged,Gold Crossbow Charged,
3538,Diamond Crossbow Charged,Diamond Crossbow Charged,
3539,Arrow,Arrow,
3540,Compass,Compass,
3541,Compass|meta|dir2,Compass,meta|dir2
3542,Compass|meta|dir3,Compass,meta|dir3
3543,Compass|meta|dir4,Compass,meta|dir4
3544,Compass|meta|dir5,Compass,meta|dir5
3545,Compass|meta|dir6,Compass,meta|dir6
3546,Compass|meta|dir7,Compass,meta|dir7
3547,Compass|meta|dir8,Compass,meta|dir8
3548,Compass|meta|dir9,Compass,meta|dir9
3549,Compass|meta|dir10,Compass,meta|dir10
3550,Compass|meta|dir11,Compass,meta|dir11
3551,Compass|meta|dir12,Compass,meta|dir12
3552,Chunk Map,Chunk Map,
3553,Bread,Bread,
3554,Bowl of Rice,Bowl of Rice,
3555,Apple,Apple,
3556,Plum,Plum,
3557,Coconut,Coconut,
3558,Cracked Coconut,Cracked Coconut,
3559,Pear,Pear,
3560,Cherry,Cherry,
3561,Banana,Banana,
3562,Watermelon Slice,Watermelon Slice,
3563,Gold Watermelon Slice,Gold Watermelon Slice,
3564,Melon Slice,Melon Slice,
3565,Gold Melon Slice,Gold Melon Slice,
3566,Pumpkin Pie,Pumpkin Pie,
3567,Corn,Corn,
3568,Cornbread,Cornbread,
3569,Chili Pepper,Chili Pepper,
3570,Mango,Mango,
3571,Carrot,Carrot,
3572,Raw Potato,Raw Potato,
3573,Baked Potato,Baked Potato,
3574,Beetroot,Beetroot,
3575,Raw Porkchop,Raw Porkchop,
3576,Cooked Porkchop,Cooked Porkchop,
3577,Raw Beef,Raw Beef,
3578,Steak,Steak,
3579,Raw Mutton,Raw Mutton,
3580,Cooked Mutton,Cooked Mutton,
3581,Raw Venison,Raw Venison,
3582,Cooked Venison,Cooked Venison,
3583,Rotten Flesh,Rotten Flesh,
3584,Rotten Brain,Rotten Brain,
3585,Bone,Bone,
3586,Bone Meal,Bone Meal,
3587,Leather,Leather,
3588,Saddle,Saddle,
3589,Spirit Saddle,Spirit Saddle,
3590,Fur,Fur,
3591,Golem Eye,Golem Eye,
3592,Knight Heart,Knight Heart,
3593,Teleport Heart,Teleport Heart,
3594,Frost Shard,Frost Shard,
3595,Molten Cog,Molten Cog,
3596,Choir Bell,Choir Bell,
3597,Siege Core,Siege Core,
3598,Flywheel,Flywheel,
3599,Radiant Spark,Radiant Spark,
3600,Brood Sac,Brood Sac,
3601,Bandolier,Bandolier,
3602,Name Tag,Name Tag,
3603,Book,Book,
3604,Empty Bottle,Empty Bottle,
3605,Water Bottle,Water Bottle,
3606,Slowness Potion,Slowness Potion,
3607,Slowness Potion II,Slowness Potion II,
3608,Splash Slowness Potion,Splash Slowness Potion,
3609,Splash Slowness Potion II,Splash Slowness Potion II,
3610,Arrow of Slowness,Arrow of Slowness,
3611,Poison Potion,Poison Potion,
3612,Poison Potion II,Poison Potion II,
3613,Splash Poison Potion,Splash Poison Potion,
3614,Splash Poison Potion II,Splash Poison Potion II,
3615,Arrow of Poison,Arrow of Poison,
3616,Weakness Potion,Weakness Potion,
3617,Weakness Potion II,Weakness Potion II,
3618,Splash Weakness Potion,Splash Weakness Potion,
3619,Splash Weakness Potion II,Splash Weakness Potion II,
3620,Arrow of Weakness,Arrow of Weakness,
3621,Instant Damage Potion,Instant Damage Potion,
3622,Instant Damage Potion II,Instant Damage Potion II,
3623,Splash Instant Damage Potion,Splash Instant Damage Potion,
3624,Splash Instant Damage Potion II,Splash Instant Damage Potion II,
3625,Arrow of Instant Damage,Arrow of Instant Damage,
3626,Milk Potion,Milk Potion,
3627,Splash Milk Potion,Splash Milk Potion,
3628,Arrow of Milk,Arrow of Milk,
3629,Speed Potion,Speed Potion,
3630,Speed Potion II,Speed Potion II,
3631,Splash Speed Potion,Splash Speed Potion,
3632,Splash Speed Potion II,Splash Speed Potion II,
3633,Arrow of Speed,Arrow of Speed,
3634,Defense Potion,Defense Potion,
3635,Defense Potion II,Defense Potion II,
3636,Splash Defense Potion,Splash Defense Potion,
3637,Splash Defense Potion II,Splash Defense Potion II,
3638,Arrow of Defense,Arrow of Defense,
3639,Strength Potion,Strength Potion,
3640,Strength Potion II,Strength Potion II,
3641,Splash Strength Potion,Splash Strength Potion,
3642,Splash Strength Potion II,Splash Strength Potion II,
3643,Arrow of Strength,Arrow of Strength,
3644,Invisibility Potion,Invisibility Potion,
3645,Splash Invisibility Potion,Splash Invisibility Potion,
3646,Arrow of Invisibility,Arrow of Invisibility,
3647,Jump Potion,Jump Potion,
3648,Jump Potion II,Jump Potion II,
3649,Splash Jump Potion,Splash Jump Potion,
3650,Splash Jump Potion II,Splash Jump Potion II,
3651,Arrow of Jumping,Arrow of Jumping,
3652,Knockback Potion,Knockback Potion,
3653,Splash Knockback Potion,Splash Knockback Potion,
3654,Splash Knockback Potion II,Splash Knockback Potion II,
3655,Arrow of Knockback,Arrow of Knockback,
3656,Regeneration Potion,Regeneration Potion,
3657,Regeneration Potion II,Regeneration Potion II,
3658,Splash Regeneration Potion,Splash Regeneration Potion,
3659,Splash Regeneration Potion II,Splash Regeneration Potion II,
3660,Arrow of Regeneration,Arrow of Regeneration,
3661,Instant Healing Potion,Instant Healing Potion,
3662,Instant Healing Potion II,Instant Healing Potion II,
3663,Splash Instant Healing Potion,Splash Instant Healing Potion,
3664,Splash Instant Healing Potion II,Splash Instant Healing Potion II,
3665,Arrow of Instant Healing,Arrow of Instant Healing,
3666,Haste Potion,Haste Potion,
3667,Haste Potion II,Haste Potion II,
3668,Splash Haste Potion,Splash Haste Potion,
3669,Splash Haste Potion II,Splash Haste Potion II,
3670,Arrow of Haste,Arrow of Haste,
3671,Shield Potion,Shield Potion,
3672,Shield Potion II,Shield Potion II,
3673,Splash Shield Potion,Splash Shield Potion,
3674,Splash Shield Potion II,Splash Shield Potion II,
3675,Arrow of Shield,Arrow of Shield,
3676,Double Jump Potion,Double Jump Potion,
3677,Splash Double Jump Potion,Splash Double Jump Potion,
3678,Arrow of Double Jump,Arrow of Double Jump,
3679,Heat Resistance Potion,Heat Resistance Potion,
3680,Splash Heat Resistance Potion,Splash Heat Resistance Potion,
3681,Arrow of Heat Resistance,Arrow of Heat Resistance,
3682,X-Ray Vision Potion,X-Ray Vision Potion,
3683,Splash X-Ray Vision Potion,Splash X-Ray Vision Potion,
3684,Arrow of X-Ray Vision,Arrow of X-Ray Vision,
3685,Mining Yield Potion,Mining Yield Potion,
3686,Mining Yield Potion II,Mining Yield Potion II,
3687,Splash Mining Yield Potion,Splash Mining Yield Potion,
3688,Splash Mining Yield Potion II,Splash Mining Yield Potion II,
3689,Arrow of Mining Yield,Arrow of Mining Yield,
3690,Brain Rot Potion,Brain Rot Potion,
3691,Splash Brain Rot Potion,Splash Brain Rot Potion,
3692,Arrow of Brain Rot,Arrow of Brain Rot,
3693,Chaos Potion,Chaos Potion,
3694,Ammo,Ammo,
3695,AK-47,AK-47,
3696,AK-47|RequiresAmmo,AK-47,RequiresAmmo
3697,M16,M16,
3698,M16|RequiresAmmo,M16,RequiresAmmo
3699,MP40,MP40,
3700,MP40|RequiresAmmo,MP40,RequiresAmmo
3701,TAR-21,TAR-21,
3702,TAR-21|RequiresAmmo,TAR-21,RequiresAmmo
3703,M1911,M1911,
3704,M1911|RequiresAmmo,M1911,RequiresAmmo
3705,One Shot Pistol,One Shot Pistol,
3706,One Shot Pistol|RequiresAmmo,One Shot Pistol,RequiresAmmo
3707,Double Barrel,Double Barrel,
3708,Double Barrel|RequiresAmmo,Double Barrel,RequiresAmmo
3709,AWP,AWP,
3710,AWP|RequiresAmmo,AWP,RequiresAmmo
3711,Deagle,Deagle,
3712,Deagle|RequiresAmmo,Deagle,RequiresAmmo
3713,Striker-12,Striker-12,
3714,Striker-12|RequiresAmmo,Striker-12,RequiresAmmo
3715,VSR,VSR,
3716,VSR|RequiresAmmo,VSR,RequiresAmmo
3717,DMR,DMR,
3718,DMR|RequiresAmmo,DMR,RequiresAmmo
3719,Minigun,Minigun,
3720,Minigun|RequiresAmmo,Minigun,RequiresAmmo
3721,FMR,FMR,
3722,FMR|RequiresAmmo,FMR,RequiresAmmo
3723,SKAR,SKAR,
3724,SKAR|RequiresAmmo,SKAR,RequiresAmmo
3725,Block-19,Block-19,
3726,Block-19|RequiresAmmo,Block-19,RequiresAmmo
3727,Mini Izu,Mini Izu,
3728,Mini Izu|RequiresAmmo,Mini Izu,RequiresAmmo
3729,GPMG,GPMG,
3730,GPMG|RequiresAmmo,GPMG,RequiresAmmo
3731,Gold Coin,Gold Coin,
3732,Updraft,Updraft,
3733,Snowdash,Snowdash,
3734,Floor Creator,Floor Creator,
3735,Moonstone Remote Explosive,Moonstone Remote Explosive,
3736,Moonstone Remote,Moonstone Remote,
3737,Ice Bridge,Ice Bridge,
3738,Yellow Balloon,Yellow Balloon,
3739,White Balloon,White Balloon,
3740,Red Balloon,Red Balloon,
3741,Purple Balloon,Purple Balloon,
3742,Pink Balloon,Pink Balloon,
3743,Orange Balloon,Orange Balloon,
3744,Magenta Balloon,Magenta Balloon,
3745,Lime Balloon,Lime Balloon,
3746,Light Gray Balloon,Light Gray Balloon,
3747,Light Blue Balloon,Light Blue Balloon,
3748,Green Balloon,Green Balloon,
3749,Gray Balloon,Gray Balloon,
3750,Cyan Balloon,Cyan Balloon,
3751,Brown Balloon,Brown Balloon,
3752,Blue Balloon,Blue Balloon,
3753,Black Balloon,Black Balloon,
3754,INTERNAL_MESH_Yellow Balloon,INTERNAL_MESH_Yellow Balloon,
3755,INTERNAL_MESH_White Balloon,INTERNAL_MESH_White Balloon,
3756,INTERNAL_MESH_Red Balloon,INTERNAL_MESH_Red Balloon,
3757,INTERNAL_MESH_Purple Balloon,INTERNAL_MESH_Purple Balloon,
3758,INTERNAL_MESH_Pink Balloon,INTERNAL_MESH_Pink Balloon,
3759,INTERNAL_MESH_Orange Balloon,INTERNAL_MESH_Orange Balloon,
3760,INTERNAL_MESH_Magenta Balloon,INTERNAL_MESH_Magenta Balloon,
3761,INTERNAL_MESH_Lime Balloon,INTERNAL_MESH_Lime Balloon,
3762,INTERNAL_MESH_Light Gray Balloon,INTERNAL_MESH_Light Gray Balloon,
3763,INTERNAL_MESH_Light Blue Balloon,INTERNAL_MESH_Light Blue Balloon,
3764,INTERNAL_MESH_Green Balloon,INTERNAL_MESH_Green Balloon,
3765,INTERNAL_MESH_Gray Balloon,INTERNAL_MESH_Gray Balloon,
3766,INTERNAL_MESH_Cyan Balloon,INTERNAL_MESH_Cyan Balloon,
3767,INTERNAL_MESH_Brown Balloon,INTERNAL_MESH_Brown Balloon,
3768,INTERNAL_MESH_Blue Balloon,INTERNAL_MESH_Blue Balloon,
3769,INTERNAL_MESH_Black Balloon,INTERNAL_MESH_Black Balloon,
3770,Yellow Popup Tower,Yellow Popup Tower,
3771,White Popup Tower,White Popup Tower,
3772,Red Popup Tower,Red Popup Tower,
3773,Purple Popup Tower,Purple Popup Tower,
3774,Pink Popup Tower,Pink Popup Tower,
3775,Orange Popup Tower,Orange Popup Tower,
3776,Magenta Popup Tower,Magenta Popup Tower,
3777,Lime Popup Tower,Lime Popup Tower,
3778,Light Gray Popup Tower,Light Gray Popup Tower,
3779,Light Blue Popup Tower,Light Blue Popup Tower,
3780,Green Popup Tower,Green Popup Tower,
3781,Gray Popup Tower,Gray Popup Tower,
3782,Cyan Popup Tower,Cyan Popup Tower,
3783,Brown Popup Tower,Brown Popup Tower,
3784,Blue Popup Tower,Blue Popup Tower,
3785,Black Popup Tower,Black Popup Tower,
3786,Yellow Paintball Gun,Yellow Paintball Gun,
3787,White Paintball Gun,White Paintball Gun,
3788,Red Paintball Gun,Red Paintball Gun,
3789,Purple Paintball Gun,Purple Paintball Gun,
3790,Pink Paintball Gun,Pink Paintball Gun,
3791,Orange Paintball Gun,Orange Paintball Gun,
3792,Magenta Paintball Gun,Magenta Paintball Gun,
3793,Lime Paintball Gun,Lime Paintball Gun,
3794,Light Gray Paintball Gun,Light Gray Paintball Gun,
3795,Light Blue Paintball Gun,Light Blue Paintball Gun,
3796,Green Paintball Gun,Green Paintball Gun,
3797,Gray Paintball Gun,Gray Paintball Gun,
3798,Cyan Paintball Gun,Cyan Paintball Gun,
3799,Brown Paintball Gun,Brown Paintball Gun,
3800,Blue Paintball Gun,Blue Paintball Gun,
3801,Black Paintball Gun,Black Paintball Gun,
3802,Yellow Paintball,Yellow Paintball,
3803,White Paintball,White Paintball,
3804,Red Paintball,Red Paintball,
3805,Purple Paintball,Purple Paintball,
3806,Pink Paintball,Pink Paintball,
3807,Orange Paintball,Orange Paintball,
3808,Magenta Paintball,Magenta Paintball,
3809,Lime Paintball,Lime Paintball,
3810,Light Gray Paintball,Light Gray Paintball,
3811,Light Blue Paintball,Light Blue Paintball,
3812,Green Paintball,Green Paintball,
3813,Gray Paintball,Gray Paintball,
3814,Cyan Paintball,Cyan Paintball,
3815,Brown Paintball,Brown Paintball,
3816,Blue Paintball,Blue Paintball,
3817,Black Paintball,Black Paintball,
3818,Yellow Heavy Paintball Gun,Yellow Heavy Paintball Gun,
3819,White Heavy Paintball Gun,White Heavy Paintball Gun,
3820,Red Heavy Paintball Gun,Red Heavy Paintball Gun,
3821,Purple Heavy Paintball Gun,Purple Heavy Paintball Gun,
3822,Pink Heavy Paintball Gun,Pink Heavy Paintball Gun,
3823,Orange Heavy Paintball Gun,Orange Heavy Paintball Gun,
3824,Magenta Heavy Paintball Gun,Magenta Heavy Paintball Gun,
3825,Lime Heavy Paintball Gun,Lime Heavy Paintball Gun,
3826,Light Gray Heavy Paintball Gun,Light Gray Heavy Paintball Gun,
3827,Light Blue Heavy Paintball Gun,Light Blue Heavy Paintball Gun,
3828,Green Heavy Paintball Gun,Green Heavy Paintball Gun,
3829,Gray Heavy Paintball Gun,Gray Heavy Paintball Gun,
3830,Cyan Heavy Paintball Gun,Cyan Heavy Paintball Gun,
3831,Brown Heavy Paintball Gun,Brown Heavy Paintball Gun,
3832,Blue Heavy Paintball Gun,Blue Heavy Paintball Gun,
3833,Black Heavy Paintball Gun,Black Heavy Paintball Gun,
3834,Yellow Paintball Explosive Item,Yellow Paintball Explosive Item,
3835,White Paintball Explosive Item,White Paintball Explosive Item,
3836,Red Paintball Explosive Item,Red Paintball Explosive Item,
3837,Purple Paintball Explosive Item,Purple Paintball Explosive Item,
3838,Pink Paintball Explosive Item,Pink Paintball Explosive Item,
3839,Orange Paintball Explosive Item,Orange Paintball Explosive Item,
3840,Magenta Paintball Explosive Item,Magenta Paintball Explosive Item,
3841,Lime Paintball Explosive Item,Lime Paintball Explosive Item,
3842,Light Gray Paintball Explosive Item,Light Gray Paintball Explosive Item,
3843,Light Blue Paintball Explosive Item,Light Blue Paintball Explosive Item,
3844,Green Paintball Explosive Item,Green Paintball Explosive Item,
3845,Gray Paintball Explosive Item,Gray Paintball Explosive Item,
3846,Cyan Paintball Explosive Item,Cyan Paintball Explosive Item,
3847,Brown Paintball Explosive Item,Brown Paintball Explosive Item,
3848,Blue Paintball Explosive Item,Blue Paintball Explosive Item,
3849,Black Paintball Explosive Item,Black Paintball Explosive Item,
3850,Yellow Sticky Paintball Explosive Item,Yellow Sticky Paintball Explosive Item,
3851,White Sticky Paintball Explosive Item,White Sticky Paintball Explosive Item,
3852,Red Sticky Paintball Explosive Item,Red Sticky Paintball Explosive Item,
3853,Purple Sticky Paintball Explosive Item,Purple Sticky Paintball Explosive Item,
3854,Pink Sticky Paintball Explosive Item,Pink Sticky Paintball Explosive Item,
3855,Orange Sticky Paintball Explosive Item,Orange Sticky Paintball Explosive Item,
3856,Magenta Sticky Paintball Explosive Item,Magenta Sticky Paintball Explosive Item,
3857,Lime Sticky Paintball Explosive Item,Lime Sticky Paintball Explosive Item,
3858,Light Gray Sticky Paintball Explosive Item,Light Gray Sticky Paintball Explosive Item,
3859,Light Blue Sticky Paintball Explosive Item,Light Blue Sticky Paintball Explosive Item,
3860,Green Sticky Paintball Explosive Item,Green Sticky Paintball Explosive Item,
3861,Gray Sticky Paintball Explosive Item,Gray Sticky Paintball Explosive Item,
3862,Cyan Sticky Paintball Explosive Item,Cyan Sticky Paintball Explosive Item,
3863,Brown Sticky Paintball Explosive Item,Brown Sticky Paintball Explosive Item,
3864,Blue Sticky Paintball Explosive Item,Blue Sticky Paintball Explosive Item,
3865,Black Sticky Paintball Explosive Item,Black Sticky Paintball Explosive Item,
3866,Yellow Seeking Paintball Explosive Item,Yellow Seeking Paintball Explosive Item,
3867,White Seeking Paintball Explosive Item,White Seeking Paintball Explosive Item,
3868,Red Seeking Paintball Explosive Item,Red Seeking Paintball Explosive Item,
3869,Purple Seeking Paintball Explosive Item,Purple Seeking Paintball Explosive Item,
3870,Pink Seeking Paintball Explosive Item,Pink Seeking Paintball Explosive Item,
3871,Orange Seeking Paintball Explosive Item,Orange Seeking Paintball Explosive Item,
3872,Magenta Seeking Paintball Explosive Item,Magenta Seeking Paintball Explosive Item,
3873,Lime Seeking Paintball Explosive Item,Lime Seeking Paintball Explosive Item,
3874,Light Gray Seeking Paintball Explosive Item,Light Gray Seeking Paintball Explosive Item,
3875,Light Blue Seeking Paintball Explosive Item,Light Blue Seeking Paintball Explosive Item,
3876,Green Seeking Paintball Explosive Item,Green Seeking Paintball Explosive Item,
3877,Gray Seeking Paintball Explosive Item,Gray Seeking Paintball Explosive Item,
3878,Cyan Seeking Paintball Explosive Item,Cyan Seeking Paintball Explosive Item,
3879,Brown Seeking Paintball Explosive Item,Brown Seeking Paintball Explosive Item,
3880,Blue Seeking Paintball Explosive Item,Blue Seeking Paintball Explosive Item,
3881,Black Seeking Paintball Explosive Item,Black Seeking Paintball Explosive Item,
3882,Yellow Quick Paintball Explosive Item,Yellow Quick Paintball Explosive Item,
3883,White Quick Paintball Explosive Item,White Quick Paintball Explosive Item,
3884,Red Quick Paintball Explosive Item,Red Quick Paintball Explosive Item,
3885,Purple Quick Paintball Explosive Item,Purple Quick Paintball Explosive Item,
3886,Pink Quick Paintball Explosive Item,Pink Quick Paintball Explosive Item,
3887,Orange Quick Paintball Explosive Item,Orange Quick Paintball Explosive Item,
3888,Magenta Quick Paintball Explosive Item,Magenta Quick Paintball Explosive Item,
3889,Lime Quick Paintball Explosive Item,Lime Quick Paintball Explosive Item,
3890,Light Gray Quick Paintball Explosive Item,Light Gray Quick Paintball Explosive Item,
3891,Light Blue Quick Paintball Explosive Item,Light Blue Quick Paintball Explosive Item,
3892,Green Quick Paintball Explosive Item,Green Quick Paintball Explosive Item,
3893,Gray Quick Paintball Explosive Item,Gray Quick Paintball Explosive Item,
3894,Cyan Quick Paintball Explosive Item,Cyan Quick Paintball Explosive Item,
3895,Brown Quick Paintball Explosive Item,Brown Quick Paintball Explosive Item,
3896,Blue Quick Paintball Explosive Item,Blue Quick Paintball Explosive Item,
3897,Black Quick Paintball Explosive Item,Black Quick Paintball Explosive Item,
3898,Yellow Paint Bow,Yellow Paint Bow,
3899,Yellow Paint Bow|meta|charging2,Yellow Paint Bow,meta|charging2
3900,Yellow Paint Bow|meta|charging3,Yellow Paint Bow,meta|charging3
3901,Yellow Paint Bow|meta|charging4,Yellow Paint Bow,meta|charging4
3902,White Paint Bow,White Paint Bow,
3903,White Paint Bow|meta|charging2,White Paint Bow,meta|charging2
3904,White Paint Bow|meta|charging3,White Paint Bow,meta|charging3
3905,White Paint Bow|meta|charging4,White Paint Bow,meta|charging4
3906,Red Paint Bow,Red Paint Bow,
3907,Red Paint Bow|meta|charging2,Red Paint Bow,meta|charging2
3908,Red Paint Bow|meta|charging3,Red Paint Bow,meta|charging3
3909,Red Paint Bow|meta|charging4,Red Paint Bow,meta|charging4
3910,Purple Paint Bow,Purple Paint Bow,
3911,Purple Paint Bow|meta|charging2,Purple Paint Bow,meta|charging2
3912,Purple Paint Bow|meta|charging3,Purple Paint Bow,meta|charging3
3913,Purple Paint Bow|meta|charging4,Purple Paint Bow,meta|charging4
3914,Pink Paint Bow,Pink Paint Bow,
3915,Pink Paint Bow|meta|charging2,Pink Paint Bow,meta|charging2
3916,Pink Paint Bow|meta|charging3,Pink Paint Bow,meta|charging3
3917,Pink Paint Bow|meta|charging4,Pink Paint Bow,meta|charging4
3918,Orange Paint Bow,Orange Paint Bow,
3919,Orange Paint Bow|meta|charging2,Orange Paint Bow,meta|charging2
3920,Orange Paint Bow|meta|charging3,Orange Paint Bow,meta|charging3
3921,Orange Paint Bow|meta|charging4,Orange Paint Bow,meta|charging4
3922,Magenta Paint Bow,Magenta Paint Bow,
3923,Magenta Paint Bow|meta|charging2,Magenta Paint Bow,meta|charging2
3924,Magenta Paint Bow|meta|charging3,Magenta Paint Bow,meta|charging3
3925,Magenta Paint Bow|meta|charging4,Magenta Paint Bow,meta|charging4
3926,Lime Paint Bow,Lime Paint Bow,
3927,Lime Paint Bow|meta|charging2,Lime Paint Bow,meta|charging2
3928,Lime Paint Bow|meta|charging3,Lime Paint Bow,meta|charging3
3929,Lime Paint Bow|meta|charging4,Lime Paint Bow,meta|charging4
3930,Light Gray Paint Bow,Light Gray Paint Bow,
3931,Light Gray Paint Bow|meta|charging2,Light Gray Paint Bow,meta|charging2
3932,Light Gray Paint Bow|meta|charging3,Light Gray Paint Bow,meta|charging3
3933,Light Gray Paint Bow|meta|charging4,Light Gray Paint Bow,meta|charging4
3934,Light Blue Paint Bow,Light Blue Paint Bow,
3935,Light Blue Paint Bow|meta|charging2,Light Blue Paint Bow,meta|charging2
3936,Light Blue Paint Bow|meta|charging3,Light Blue Paint Bow,meta|charging3
3937,Light Blue Paint Bow|meta|charging4,Light Blue Paint Bow,meta|charging4
3938,Green Paint Bow,Green Paint Bow,
3939,Green Paint Bow|meta|charging2,Green Paint Bow,meta|charging2
3940,Green Paint Bow|meta|charging3,Green Paint Bow,meta|charging3
3941,Green Paint Bow|meta|charging4,Green Paint Bow,meta|charging4
3942,Gray Paint Bow,Gray Paint Bow,
3943,Gray Paint Bow|meta|charging2,Gray Paint Bow,meta|charging2
3944,Gray Paint Bow|meta|charging3,Gray Paint Bow,meta|charging3
3945,Gray Paint Bow|meta|charging4,Gray Paint Bow,meta|charging4
3946,Cyan Paint Bow,Cyan Paint Bow,
3947,Cyan Paint Bow|meta|charging2,Cyan Paint Bow,meta|charging2
3948,Cyan Paint Bow|meta|charging3,Cyan Paint Bow,meta|charging3
3949,Cyan Paint Bow|meta|charging4,Cyan Paint Bow,meta|charging4
3950,Brown Paint Bow,Brown Paint Bow,
3951,Brown Paint Bow|meta|charging2,Brown Paint Bow,meta|charging2
3952,Brown Paint Bow|meta|charging3,Brown Paint Bow,meta|charging3
3953,Brown Paint Bow|meta|charging4,Brown Paint Bow,meta|charging4
3954,Blue Paint Bow,Blue Paint Bow,
3955,Blue Paint Bow|meta|charging2,Blue Paint Bow,meta|charging2
3956,Blue Paint Bow|meta|charging3,Blue Paint Bow,meta|charging3
3957,Blue Paint Bow|meta|charging4,Blue Paint Bow,meta|charging4
3958,Black Paint Bow,Black Paint Bow,
3959,Black Paint Bow|meta|charging2,Black Paint Bow,meta|charging2
3960,Black Paint Bow|meta|charging3,Black Paint Bow,meta|charging3
3961,Black Paint Bow|meta|charging4,Black Paint Bow,meta|charging4
3962,Pig Spawn Orb,Pig Spawn Orb,
3963,Cow Spawn Orb,Cow Spawn Orb,
3964,Sheep Spawn Orb,Sheep Spawn Orb,
3965,Horse Spawn Orb,Horse Spawn Orb,
3966,Deer Spawn Orb,Deer Spawn Orb,
3967,Slime Spawn Orb,Slime Spawn Orb,
3968,Wolf Spawn Orb,Wolf Spawn Orb,
3969,Wildcat Spawn Orb,Wildcat Spawn Orb,
3970,Spirit Golem Spawn Orb,Spirit Golem Spawn Orb,
3971,Spirit Wolf Spawn Orb,Spirit Wolf Spawn Orb,
3972,Spirit Bear Spawn Orb,Spirit Bear Spawn Orb,
3973,Spirit Stag Spawn Orb,Spirit Stag Spawn Orb,
3974,Spirit Gorilla Spawn Orb,Spirit Gorilla Spawn Orb,
3975,Bear Spawn Orb,Bear Spawn Orb,
3976,Stag Spawn Orb,Stag Spawn Orb,
3977,Gold Watermelon Stag Spawn Orb,Gold Watermelon Stag Spawn Orb,
3978,Gorilla Spawn Orb,Gorilla Spawn Orb,
3979,Cave Golem Spawn Orb,Cave Golem Spawn Orb,
3980,Draugr Zombie Spawn Orb,Draugr Zombie Spawn Orb,
3981,Draugr Skeleton Spawn Orb,Draugr Skeleton Spawn Orb,
3982,Frost Golem Spawn Orb,Frost Golem Spawn Orb,
3983,Frost Zombie Spawn Orb,Frost Zombie Spawn Orb,
3984,Frost Skeleton Spawn Orb,Frost Skeleton Spawn Orb,
3985,Draugr Knight Spawn Orb,Draugr Knight Spawn Orb,
3986,Draugr Huntress Spawn Orb,Draugr Huntress Spawn Orb,
3987,Magma Golem Spawn Orb,Magma Golem Spawn Orb,
3988,Draugr Warper Spawn Orb,Draugr Warper Spawn Orb,
3989,Frost Wraith Spawn Orb,Frost Wraith Spawn Orb,
3990,Draugr Reaver Spawn Orb,Draugr Reaver Spawn Orb,
3991,Stalker Spawn Orb,Stalker Spawn Orb,
3992,Crone Spawn Orb,Crone Spawn Orb,
3993,Iron Guardian Spawn Orb,Iron Guardian Spawn Orb,
3994,Gold Guardian Spawn Orb,Gold Guardian Spawn Orb,
3995,Diamond Guardian Spawn Orb,Diamond Guardian Spawn Orb,
3996,Moonstone Guardian Spawn Orb,Moonstone Guardian Spawn Orb,
3997,Mob Catcher,Mob Catcher,
3998,Caught Mob Pig Default,Caught Mob Pig Default,
3999,Caught Mob Cow Default,Caught Mob Cow Default,
4000,Caught Mob Cow Cream,Caught Mob Cow Cream,
4001,Caught Mob Sheep Default,Caught Mob Sheep Default,
4002,Caught Mob Sheep Black,Caught Mob Sheep Black,
4003,Caught Mob Sheep Red,Caught Mob Sheep Red,
4004,Caught Mob Sheep Orange,Caught Mob Sheep Orange,
4005,Caught Mob Sheep Pink,Caught Mob Sheep Pink,
4006,Caught Mob Sheep Purple,Caught Mob Sheep Purple,
4007,Caught Mob Sheep Yellow,Caught Mob Sheep Yellow,
4008,Caught Mob Sheep Blue,Caught Mob Sheep Blue,
4009,Caught Mob Sheep Brown,Caught Mob Sheep Brown,
4010,Caught Mob Sheep Cyan,Caught Mob Sheep Cyan,
4011,Caught Mob Sheep Gray,Caught Mob Sheep Gray,
4012,Caught Mob Sheep Green,Caught Mob Sheep Green,
4013,Caught Mob Sheep Lightblue,Caught Mob Sheep Lightblue,
4014,Caught Mob Sheep Lightgray,Caught Mob Sheep Lightgray,
4015,Caught Mob Sheep Lime,Caught Mob Sheep Lime,
4016,Caught Mob Sheep Magenta,Caught Mob Sheep Magenta,
4017,Caught Mob Horse Default,Caught Mob Horse Default,
4018,Caught Mob Horse Black,Caught Mob Horse Black,
4019,Caught Mob Horse Brown,Caught Mob Horse Brown,
4020,Caught Mob Horse Cream,Caught Mob Horse Cream,
4021,Caught Mob Deer Default,Caught Mob Deer Default,
4022,Caught Mob Slime Default,Caught Mob Slime Default,
4023,Caught Mob Wolf Default,Caught Mob Wolf Default,
4024,Caught Mob Wolf White,Caught Mob Wolf White,
4025,Caught Mob Wolf Brown,Caught Mob Wolf Brown,
4026,Caught Mob Wolf Grey,Caught Mob Wolf Grey,
4027,Caught Mob Wolf Spectral,Caught Mob Wolf Spectral,
4028,Caught Mob Wildcat Default,Caught Mob Wildcat Default,
4029,Caught Mob Wildcat Tabby,Caught Mob Wildcat Tabby,
4030,Caught Mob Wildcat Grey,Caught Mob Wildcat Grey,
4031,Caught Mob Wildcat Black,Caught Mob Wildcat Black,
4032,Caught Mob Wildcat Calico,Caught Mob Wildcat Calico,
4033,Caught Mob Wildcat Siamese,Caught Mob Wildcat Siamese,
4034,Caught Mob Wildcat Leopard,Caught Mob Wildcat Leopard,
4035,Caught Mob Spirit_Golem Default,Caught Mob Spirit_Golem Default,
4036,Caught Mob Spirit_Wolf Default,Caught Mob Spirit_Wolf Default,
4037,Caught Mob Spirit_Bear Default,Caught Mob Spirit_Bear Default,
4038,Caught Mob Spirit_Stag Default,Caught Mob Spirit_Stag Default,
4039,Caught Mob Spirit_Gorilla Default,Caught Mob Spirit_Gorilla Default,
4040,Caught Mob Bear Default,Caught Mob Bear Default,
4041,Caught Mob Stag Default,Caught Mob Stag Default,
4042,Caught Mob Gold_Watermelon_Stag Default,Caught Mob Gold_Watermelon_Stag Default,
4043,Caught Mob Gorilla Default,Caught Mob Gorilla Default,
4044,Caught Mob Cave_Golem Default,Caught Mob Cave_Golem Default,
4045,Caught Mob Cave_Golem Iron,Caught Mob Cave_Golem Iron,
4046,Caught Mob Cave_Golem Corrupted,Caught Mob Cave_Golem Corrupted,
4047,Caught Mob Draugr_Zombie Default,Caught Mob Draugr_Zombie Default,
4048,Caught Mob Draugr_Zombie Longhairchestplate,Caught Mob Draugr_Zombie Longhairchestplate,
4049,Caught Mob Draugr_Zombie Longhairclothed,Caught Mob Draugr_Zombie Longhairclothed,
4050,Caught Mob Draugr_Zombie Shorthairclothed,Caught Mob Draugr_Zombie Shorthairclothed,
4051,Caught Mob Draugr_Zombie Flower,Caught Mob Draugr_Zombie Flower,
4052,Caught Mob Draugr_Zombie Flower2,Caught Mob Draugr_Zombie Flower2,
4053,Caught Mob Draugr_Zombie Mushroom,Caught Mob Draugr_Zombie Mushroom,
4054,Caught Mob Draugr_Zombie Vine,Caught Mob Draugr_Zombie Vine,
4055,Caught Mob Draugr_Zombie Vine2,Caught Mob Draugr_Zombie Vine2,
4056,Caught Mob Draugr_Zombie Corrupted,Caught Mob Draugr_Zombie Corrupted,
4057,Caught Mob Draugr_Zombie Corrupted2,Caught Mob Draugr_Zombie Corrupted2,
4058,Caught Mob Draugr_Skeleton Default,Caught Mob Draugr_Skeleton Default,
4059,Caught Mob Frost_Golem Default,Caught Mob Frost_Golem Default,
4060,Caught Mob Frost_Zombie Default,Caught Mob Frost_Zombie Default,
4061,Caught Mob Frost_Zombie Longhairchestplate,Caught Mob Frost_Zombie Longhairchestplate,
4062,Caught Mob Frost_Zombie Shorthairclothed,Caught Mob Frost_Zombie Shorthairclothed,
4063,Caught Mob Frost_Skeleton Default,Caught Mob Frost_Skeleton Default,
4064,Caught Mob Draugr_Knight Default,Caught Mob Draugr_Knight Default,
4065,Caught Mob Draugr_Huntress Default,Caught Mob Draugr_Huntress Default,
4066,Caught Mob Draugr_Huntress Chainmail,Caught Mob Draugr_Huntress Chainmail,
4067,Caught Mob Magma_Golem Default,Caught Mob Magma_Golem Default,
4068,Caught Mob Draugr_Warper Default,Caught Mob Draugr_Warper Default,
4069,Caught Mob Frost_Wraith Default,Caught Mob Frost_Wraith Default,
4070,Caught Mob Draugr_Reaver Default,Caught Mob Draugr_Reaver Default,
4071,Caught Mob Stalker Default,Caught Mob Stalker Default,
4072,Caught Mob Stalker Crimson,Caught Mob Stalker Crimson,
4073,Caught Mob Stalker Frost,Caught Mob Stalker Frost,
4074,Caught Mob Stalker Void,Caught Mob Stalker Void,
4075,Caught Mob Crone Default,Caught Mob Crone Default,
4076,Caught Mob Iron_Guardian Default,Caught Mob Iron_Guardian Default,
4077,Caught Mob Gold_Guardian Default,Caught Mob Gold_Guardian Default,
4078,Caught Mob Diamond_Guardian Default,Caught Mob Diamond_Guardian Default,
4079,Caught Mob Moonstone_Guardian Default,Caught Mob Moonstone_Guardian Default,
4080,Caught Mob NPC Default,Caught Mob NPC Default,
4081,Caught Mob NPC Emma,Caught Mob NPC Emma,
4082,Caught Mob NPC Leo,Caught Mob NPC Leo,
4083,Caught Mob NPC Isabel,Caught Mob NPC Isabel,
4084,Caught Mob NPC Sanjay,Caught Mob NPC Sanjay,
4085,Caught Mob NPC Imara,Caught Mob NPC Imara,
4086,Caught Mob NPC Enoch,Caught Mob NPC Enoch,
4087,Caught Mob NPC Sara,Caught Mob NPC Sara,
4088,Caught Mob NPC Carmen,Caught Mob NPC Carmen,
4089,Caught Mob 67 Default,Caught Mob 67 Default,
4090,Caught Mob Bobino_Musculino Default,Caught Mob Bobino_Musculino Default,
4091,Caught Mob Capitano_Explovissimo Default,Caught Mob Capitano_Explovissimo Default,
4092,Timed Spike Bomb,Timed Spike Bomb,
4093,Timed Spike Bomb|meta|charging2,Timed Spike Bomb,meta|charging2
4094,Timed Spike Bomb|meta|charging3,Timed Spike Bomb,meta|charging3
4095,Timed Spike Bomb|meta|charging4,Timed Spike Bomb,meta|charging4
4096,Toxin Ball,Toxin Ball,
4097,Aura XP Fragment,Aura XP Fragment,
4098,Aura XP Orb,Aura XP Orb,
4099,Aura XP Potion,Aura XP Potion,
4100,Aura XP Potion II,Aura XP Potion II,
4101,Splash Aura XP Potion,Splash Aura XP Potion,
4102,Splash Aura XP Potion II,Splash Aura XP Potion II,
4103,Arrow of Aura XP,Arrow of Aura XP,
4104,Firecracker,Firecracker,
4105,Rainbow Firecracker,Rainbow Firecracker,
4106,Yellow Firecracker,Yellow Firecracker,
4107,White Firecracker,White Firecracker,
4108,Red Firecracker,Red Firecracker,
4109,Purple Firecracker,Purple Firecracker,
4110,Pink Firecracker,Pink Firecracker,
4111,Orange Firecracker,Orange Firecracker,
4112,Magenta Firecracker,Magenta Firecracker,
4113,Lime Firecracker,Lime Firecracker,
4114,Light Gray Firecracker,Light Gray Firecracker,
4115,Light Blue Firecracker,Light Blue Firecracker,
4116,Green Firecracker,Green Firecracker,
4117,Gray Firecracker,Gray Firecracker,
4118,Cyan Firecracker,Cyan Firecracker,
4119,Brown Firecracker,Brown Firecracker,
4120,Blue Firecracker,Blue Firecracker,
4121,Black Firecracker,Black Firecracker,
4122,Firecracker Pebble,Firecracker Pebble,
4123,Rainbow Firecracker Pebble,Rainbow Firecracker Pebble,
4124,Yellow Firecracker Pebble,Yellow Firecracker Pebble,
4125,White Firecracker Pebble,White Firecracker Pebble,
4126,Red Firecracker Pebble,Red Firecracker Pebble,
4127,Purple Firecracker Pebble,Purple Firecracker Pebble,
4128,Pink Firecracker Pebble,Pink Firecracker Pebble,
4129,Orange Firecracker Pebble,Orange Firecracker Pebble,
4130,Magenta Firecracker Pebble,Magenta Firecracker Pebble,
4131,Lime Firecracker Pebble,Lime Firecracker Pebble,
4132,Light Gray Firecracker Pebble,Light Gray Firecracker Pebble,
4133,Light Blue Firecracker Pebble,Light Blue Firecracker Pebble,
4134,Green Firecracker Pebble,Green Firecracker Pebble,
4135,Gray Firecracker Pebble,Gray Firecracker Pebble,
4136,Cyan Firecracker Pebble,Cyan Firecracker Pebble,
4137,Brown Firecracker Pebble,Brown Firecracker Pebble,
4138,Blue Firecracker Pebble,Blue Firecracker Pebble,
4139,Black Firecracker Pebble,Black Firecracker Pebble,
4140,WorldBuilder Wand,WorldBuilder Wand,
4141,Red Strongfish,Red Strongfish,
4142,Green Strongfish,Green Strongfish,
4143,Moon Strongfish,Moon Strongfish,
4144,Wheatfish,Wheatfish,
4145,Moonfish,Moonfish,
4146,Bombfish,Bombfish,
4147,Boomerang Fish,Boomerang Fish,
4148,Root Flounder,Root Flounder,
4149,Abyss Carp,Abyss Carp,
4150,Boulder Bass,Boulder Bass,
4151,Barnaclejaw,Barnaclejaw,
4152,Crystalized Wheatfish,Crystalized Wheatfish,
4153,Darter,Darter,
4154,Shadow Darter,Shadow Darter,
4155,Electric Eel,Electric Eel,
4156,Grass Snapper,Grass Snapper,
4157,Jungle Spinefish,Jungle Spinefish,
4158,Mangler Catfish,Mangler Catfish,
4159,Mossback Arapaima,Mossback Arapaima,
4160,Sandbelly Piranha,Sandbelly Piranha,
4161,Shadeback Ray,Shadeback Ray,
4162,Mudbelly Tilapia,Mudbelly Tilapia,
4163,Mireback Carp,Mireback Carp,
4164,Rotslab Eel,Rotslab Eel,
4165,Aether Minnow,Aether Minnow,
4166,Murkborne Ray,Murkborne Ray,
4167,Eldertide Leviathan,Eldertide Leviathan,
4168,Oarfish,Oarfish,
4169,Alpha Moon Strongfish,Alpha Moon Strongfish,
4170,Bamboo Catfish,Bamboo Catfish,
4171,Blackwater Bream,Blackwater Bream,
4172,Blackwater Leviathan,Blackwater Leviathan,
4173,Boned Sturgeon,Boned Sturgeon,
4174,Bull Shark,Bull Shark,
4175,Channel Sawfish,Channel Sawfish,
4176,Coastal Mullet,Coastal Mullet,
4177,Coelacanth,Coelacanth,
4178,Driftwood Catfish,Driftwood Catfish,
4179,Eagle Ray,Eagle Ray,
4180,Giant Grouper,Giant Grouper,
4181,Giant Moray,Giant Moray,
4182,Giant Stingray,Giant Stingray,
4183,Golden Mahseer,Golden Mahseer,
4184,Greenfin Loach,Greenfin Loach,
4185,Mangrove Herring,Mangrove Herring,
4186,Moonlit Boomerang Fish,Moonlit Boomerang Fish,
4187,Moonstone Pupfish,Moonstone Pupfish,
4188,Mudline Perch,Mudline Perch,
4189,Murk Stingray,Murk Stingray,
4190,Needlefish,Needlefish,
4191,Nomai Moray,Nomai Moray,
4192,Pearlescent Moonfish,Pearlescent Moonfish,
4193,Rainbow Guppy,Rainbow Guppy,
4194,Red Snapper,Red Snapper,
4195,Reedglass Minnow,Reedglass Minnow,
4196,Reef Sardine,Reef Sardine,
4197,Root Perch,Root Perch,
4198,Rust Scad,Rust Scad,
4199,Seahorse,Seahorse,
4200,Snakehead,Snakehead,
4201,Spined Stickleback,Spined Stickleback,
4202,Stone Grouper,Stone Grouper,
4203,Sumpback Carp,Sumpback Carp,
4204,Sunset Minnow,Sunset Minnow,
4205,Tarpon,Tarpon,
4206,Threadfin Bream,Threadfin Bream,
4207,Tri-Pointed Needlefish,Tri-Pointed Needlefish,
4208,Game Dev Fish,Game Dev Fish,
4209,Armoured Searobin,Armoured Searobin,
4210,Ash Lionfish,Ash Lionfish,
4211,Barefrost Toothfish,Barefrost Toothfish,
4212,Blackfin Icefish,Blackfin Icefish,
4213,Basalt Pipefish,Basalt Pipefish,
4214,Brimstone Spikefish,Brimstone Spikefish,
4215,Cinder Leviathan,Cinder Leviathan,
4216,Crowned Flame Angelfish,Crowned Flame Angelfish,
4217,Deepwater Lanternfish,Deepwater Lanternfish,
4218,Driftice Capelin,Driftice Capelin,
4219,Ember Chub,Ember Chub,
4220,Embermark Wrasse,Embermark Wrasse,
4221,Eviota Vader,Eviota Vader,
4222,Frost Herring,Frost Herring,
4223,Frost Wolf Eel,Frost Wolf Eel,
4224,Frostpaint Notie,Frostpaint Notie,
4225,Frozen Grenadier,Frozen Grenadier,
4226,Giant Trevally,Giant Trevally,
4227,Glacial Lanternfish,Glacial Lanternfish,
4228,Glacial Silverfish,Glacial Silverfish,
4229,Heatwarp Flounder,Heatwarp Flounder,
4230,Hatchetfish,Hatchetfish,
4231,Ice Spined Notothenia,Ice Spined Notothenia,
4232,Iceshelf Skate,Iceshelf Skate,
4233,Icy Sculpin,Icy Sculpin,
4234,Lavaflow Trout,Lavaflow Trout,
4235,Lavawake Slopefish,Lavawake Slopefish,
4236,Magma Sardinella,Magma Sardinella,
4237,Magma Trout,Magma Trout,
4238,Marbled Moray Cod,Marbled Moray Cod,
4239,Molten Lotella Cod,Molten Lotella Cod,
4240,Northern Wolffish,Northern Wolffish,
4241,Paleice Rockcod,Paleice Rockcod,
4242,Permafrost Halibut,Permafrost Halibut,
4243,Pithead,Pithead,
4244,Polarflash Electron,Polarflash Electron,
4245,Pyroclast Eel,Pyroclast Eel,
4246,Pyroscale Grouper,Pyroscale Grouper,
4247,Red Pyreside,Red Pyreside,
4248,Rimesnouted Lancetfish,Rimesnouted Lancetfish,
4249,Scorched Sunfish,Scorched Sunfish,
4250,Scored Dace,Scored Dace,
4251,Silver Dragonfish,Silver Dragonfish,
4252,Snow Haddock,Snow Haddock,
4253,Volcanic Catfish,Volcanic Catfish,
4254,Volcanic Semperi,Volcanic Semperi,
4255,Rusty Rod,Rusty Rod,
4256,Lucky Rod,Lucky Rod,
4257,Sturdy Rod,Sturdy Rod,
4258,Jungle Rod,Jungle Rod,
4259,Draugr Rod,Draugr Rod,
4260,Cursed Rod,Cursed Rod,
4261,Tangle Resistant Rod,Tangle Resistant Rod,
4262,Speed Rod,Speed Rod,
4263,Carbon Rod,Carbon Rod,
4264,Deep Sea Rod,Deep Sea Rod,
4265,Master Rod,Master Rod,
4266,Obsidian Rod,Obsidian Rod,
4267,Molten Magma Rod,Molten Magma Rod,
4268,Frost Rod,Frost Rod,
4269,Black Ice Rod,Black Ice Rod,
4270,Mythic Rod,Mythic Rod,
4271,Acorn,Acorn,
4272,Acorn Jelly,Acorn Jelly,
4273,Cow's Milk,Cow's Milk,
4274,Cheese,Cheese,
4275,Caught Fish,Caught Fish,
4276,Fish Fillet,Fish Fillet,
4277,Meaty Bone,Meaty Bone,
4278,Blinding Pebble,Blinding Pebble,
4279,Sheep's Milk,Sheep's Milk,
4280,Yoghurt Pot,Yoghurt Pot,
4281,Truffle,Truffle,
4282,Truffle Oil,Truffle Oil,
4283,Oats,Oats,
4284,Porridge,Porridge,
4285,Poop,Poop,
4286,Fertiliser,Fertiliser,
4287,Medkit,Medkit,
4288,Wood Spear,Wood Spear,
4289,Stone Spear,Stone Spear,
4290,Iron Spear,Iron Spear,
4291,Gold Spear,Gold Spear,
4292,Diamond Spear,Diamond Spear,
4293,Moonstone Spear,Moonstone Spear,
4294,Wood Dagger,Wood Dagger,
4295,Stone Dagger,Stone Dagger,
4296,Iron Dagger,Iron Dagger,
4297,Gold Dagger,Gold Dagger,
4298,Diamond Dagger,Diamond Dagger,
4299,Moonstone Dagger,Moonstone Dagger,
4300,Wood Boomerang,Wood Boomerang,
4301,Stone Boomerang,Stone Boomerang,
4302,Iron Boomerang,Iron Boomerang,
4303,Gold Boomerang,Gold Boomerang,
4304,Diamond Boomerang,Diamond Boomerang,
4305,Moonstone Boomerang,Moonstone Boomerang,
4306,Wood Club,Wood Club,
4307,Stone Club,Stone Club,
4308,Iron Club,Iron Club,
4309,Gold Club,Gold Club,
4310,Diamond Club,Diamond Club,
4311,Moonstone Club,Moonstone Club,
4312,Wood Mace,Wood Mace,
4313,Stone Mace,Stone Mace,
4314,Iron Mace,Iron Mace,
4315,Gold Mace,Gold Mace,
4316,Diamond Mace,Diamond Mace,
4317,Moonstone Mace,Moonstone Mace,
4318,Wood Whip,Wood Whip,
4319,Stone Whip,Stone Whip,
4320,Iron Whip,Iron Whip,
4321,Gold Whip,Gold Whip,
4322,Diamond Whip,Diamond Whip,
4323,Moonstone Whip,Moonstone Whip,
4324,Beef Stew,Beef Stew,
4325,Chicken,Chicken,
4326,Coleslaw,Coleslaw,
4327,Egg,Egg,
4328,Fish N Chips,Fish N Chips,
4329,Fried Rice,Fried Rice,
4330,Lettuce,Lettuce,
4331,Omelette,Omelette,
4332,Onion,Onion,
4333,Red Cabbage,Red Cabbage,
4334,Roast Dinner,Roast Dinner,
4335,Salad,Salad,
4336,Stuffed Pepper,Stuffed Pepper,
4337,Sushi,Sushi,
4338,Tomato,Tomato,
4339,Vegetable Soup,Vegetable Soup,
4340,Common Lottery Ticket,Common Lottery Ticket,
4341,Uncommon Lottery Ticket,Uncommon Lottery Ticket,
4342,Rare Lottery Ticket,Rare Lottery Ticket,
4343,Epic Lottery Ticket,Epic Lottery Ticket,
4344,Legendary Lottery Ticket,Legendary Lottery Ticket,
4345,Wood Clock,Wood Clock,
4346,Wood Clock|meta|midnight,Wood Clock,meta|midnight
4347,Wood Clock|meta|late_night,Wood Clock,meta|late_night
4348,Wood Clock|meta|sunrise,Wood Clock,meta|sunrise
4349,Wood Clock|meta|early_day,Wood Clock,meta|early_day
4350,Wood Clock|meta|late_day,Wood Clock,meta|late_day
4351,Wood Clock|meta|sunset,Wood Clock,meta|sunset
4352,Wood Clock|meta|early_night,Wood Clock,meta|early_night
4353,Gold Clock,Gold Clock,
4354,Gold Clock|meta|midnight,Gold Clock,meta|midnight
4355,Gold Clock|meta|late_night,Gold Clock,meta|late_night
4356,Gold Clock|meta|sunrise,Gold Clock,meta|sunrise
4357,Gold Clock|meta|early_day,Gold Clock,meta|early_day
4358,Gold Clock|meta|late_day,Gold Clock,meta|late_day
4359,Gold Clock|meta|sunset,Gold Clock,meta|sunset
4360,Gold Clock|meta|early_night,Gold Clock,meta|early_night
